key,ruleCode,severity,area,dimension,remediation,candidateKind,candidateId,reviewStatus,itemLegacyId,itemName,category,workbook,decisions,message
DQ-CATALOG-001:CATALOG_ITEM:MIG1-O-014:itemType,DQ-CATALOG-001,BLOCKER,CATALOG_ITEM,REVIEW,OWNER_DECISION_REQUIRED,CATALOG_ITEM,b9331af8-10b3-44d6-9f73-278a7d9f818f,WARNING,MIG1-O-014,Letrero plano,MIG1-CAT-002,Design_To_Go_Catalog_v1.2_RC_MANGO_TANGO.xlsx,D-003:OPEN,itemType sin resolver
DQ-CATALOG-001:CATALOG_ITEM:MIG1-O-019:itemType,DQ-CATALOG-001,BLOCKER,CATALOG_ITEM,REVIEW,OWNER_DECISION_REQUIRED,CATALOG_ITEM,cda17586-7b04-44e1-a52b-b31554584d39,WARNING,MIG1-O-019,Rotulación vehicular,,Design_To_Go_Catalog_v1.2_RC_MANGO_TANGO.xlsx,D-003:OPEN,itemType sin resolver
DQ-CATALOG-001:CATALOG_ITEM:OWN-MT-O-046:itemType,DQ-CATALOG-001,BLOCKER,CATALOG_ITEM,REVIEW,OWNER_DECISION_REQUIRED,CATALOG_ITEM,eab6f3be-708b-43f7-b330-d3200c4991c0,WARNING,OWN-MT-O-046,Periódico personalizado para eventos,MIG1-CAT-006,Design_To_Go_Catalog_v1.2_RC_MANGO_TANGO.xlsx,D-003:OPEN,itemType sin resolver
DQ-CATALOG-002:CATALOG_ITEM:MIG1-O-001:status,DQ-CATALOG-002,BLOCKER,CATALOG_ITEM,REVIEW,OWNER_DECISION_REQUIRED,CATALOG_ITEM,f7ba3beb-bb77-4ddf-8968-e1ba54a31ed4,WARNING,MIG1-O-001,Lona impresa,MIG1-CAT-001,Design_To_Go_Catalog_v1.2_RC_MANGO_TANGO.xlsx,D-001:OPEN,status sin resolver
DQ-CATALOG-002:CATALOG_ITEM:MIG1-O-002:status,DQ-CATALOG-002,BLOCKER,CATALOG_ITEM,REVIEW,OWNER_DECISION_REQUIRED,CATALOG_ITEM,0747bfd8-8988-4b76-b6e7-a2a972b51ac1,WARNING,MIG1-O-002,Coroplast impreso,MIG1-CAT-002,Design_To_Go_Catalog_v1.2_RC_MANGO_TANGO.xlsx,D-001:OPEN,status sin resolver
DQ-CATALOG-002:CATALOG_ITEM:MIG1-O-006:status,DQ-CATALOG-002,BLOCKER,CATALOG_ITEM,REVIEW,OWNER_DECISION_REQUIRED,CATALOG_ITEM,c5c2cc4d-a89a-4f83-bad9-36fffaf7a6af,WARNING,MIG1-O-006,Portalatas de neopreno / Koozie,MIG1-CAT-004,Design_To_Go_Catalog_v1.2_RC_MANGO_TANGO.xlsx,D-001:OPEN,status sin resolver
DQ-CATALOG-002:CATALOG_ITEM:MIG1-O-007:status,DQ-CATALOG-002,BLOCKER,CATALOG_ITEM,REVIEW,OWNER_DECISION_REQUIRED,CATALOG_ITEM,cdb09b37-7d79-48dc-a2e1-45a220a0b338,WARNING,MIG1-O-007,Vaso con tapa y popote,MIG1-CAT-005,Design_To_Go_Catalog_v1.2_RC_MANGO_TANGO.xlsx,D-001:OPEN,status sin resolver
DQ-CATALOG-002:CATALOG_ITEM:MIG1-O-008:status,DQ-CATALOG-002,BLOCKER,CATALOG_ITEM,REVIEW,OWNER_DECISION_REQUIRED,CATALOG_ITEM,03b7290f-85af-477e-a141-2e30089618ce,WARNING,MIG1-O-008,Tarjeta Tradicional,MIG1-CAT-006,Design_To_Go_Catalog_v1.2_RC_MANGO_TANGO.xlsx,D-001:OPEN,status sin resolver
DQ-CATALOG-002:CATALOG_ITEM:MIG1-O-009:status,DQ-CATALOG-002,BLOCKER,CATALOG_ITEM,REVIEW,OWNER_DECISION_REQUIRED,CATALOG_ITEM,3dd17a4b-96f6-4f64-a935-f4b216dcfcdc,WARNING,MIG1-O-009,Tarjeta Premium / Gloss,MIG1-CAT-006,Design_To_Go_Catalog_v1.2_RC_MANGO_TANGO.xlsx,D-001:OPEN,status sin resolver
DQ-CATALOG-002:CATALOG_ITEM:MIG1-O-010:status,DQ-CATALOG-002,BLOCKER,CATALOG_ITEM,REVIEW,OWNER_DECISION_REQUIRED,CATALOG_ITEM,b601acb7-97bb-4a51-886d-010538a41584,WARNING,MIG1-O-010,Stickers de vinil,MIG1-CAT-007,Design_To_Go_Catalog_v1.2_RC_MANGO_TANGO.xlsx,D-001:OPEN,status sin resolver
DQ-CATALOG-002:CATALOG_ITEM:MIG1-O-011:status,DQ-CATALOG-002,BLOCKER,CATALOG_ITEM,REVIEW,OWNER_DECISION_REQUIRED,CATALOG_ITEM,c32c25da-32ae-49ac-b8c1-f17cf36d22a4,WARNING,MIG1-O-011,Mantel personalizado,MIG1-CAT-008,Design_To_Go_Catalog_v1.2_RC_MANGO_TANGO.xlsx,D-001:OPEN,status sin resolver
DQ-CATALOG-002:CATALOG_ITEM:MIG1-O-013:status,DQ-CATALOG-002,BLOCKER,CATALOG_ITEM,REVIEW,OWNER_DECISION_REQUIRED,CATALOG_ITEM,d8f16ac9-d5cc-417d-8a29-a7f59a5c0699,WARNING,MIG1-O-013,Aplicación UV DTF en vidrio automotriz,MIG1-CAT-009,Design_To_Go_Catalog_v1.2_RC_MANGO_TANGO.xlsx,D-001:OPEN,status sin resolver
DQ-CATALOG-002:CATALOG_ITEM:MIG1-O-014:status,DQ-CATALOG-002,BLOCKER,CATALOG_ITEM,REVIEW,OWNER_DECISION_REQUIRED,CATALOG_ITEM,b9331af8-10b3-44d6-9f73-278a7d9f818f,WARNING,MIG1-O-014,Letrero plano,MIG1-CAT-002,Design_To_Go_Catalog_v1.2_RC_MANGO_TANGO.xlsx,D-001:OPEN,status sin resolver
DQ-CATALOG-002:CATALOG_ITEM:MIG2-O-001:status,DQ-CATALOG-002,BLOCKER,CATALOG_ITEM,REVIEW,OWNER_DECISION_REQUIRED,CATALOG_ITEM,98f23e2a-af65-4db0-a0b9-812bb5710f3d,WARNING,MIG2-O-001,Vinil adhesivo impreso,MIG2-CAT-001,Design_To_Go_Catalog_v1.2_RC_MANGO_TANGO.xlsx,D-001:OPEN,status sin resolver
DQ-CATALOG-002:CATALOG_ITEM:MIG2-O-002:status,DQ-CATALOG-002,BLOCKER,CATALOG_ITEM,REVIEW,OWNER_DECISION_REQUIRED,CATALOG_ITEM,3ed51429-16a8-4892-89a3-5e862a701009,WARNING,MIG2-O-002,Microperforado,MIG2-CAT-001,Design_To_Go_Catalog_v1.2_RC_MANGO_TANGO.xlsx,D-001:OPEN,status sin resolver
DQ-CATALOG-002:CATALOG_ITEM:MIG2-O-003:status,DQ-CATALOG-002,BLOCKER,CATALOG_ITEM,REVIEW,OWNER_DECISION_REQUIRED,CATALOG_ITEM,816cc695-311f-45f5-9187-70775bf30a9f,WARNING,MIG2-O-003,Mesh,MIG1-CAT-001,Design_To_Go_Catalog_v1.2_RC_MANGO_TANGO.xlsx,D-001:OPEN,status sin resolver
DQ-CATALOG-002:CATALOG_ITEM:MIG2-O-004:status,DQ-CATALOG-002,BLOCKER,CATALOG_ITEM,REVIEW,OWNER_DECISION_REQUIRED,CATALOG_ITEM,b82ec1c9-1ab1-42c5-838b-a9202ac7f754,WARNING,MIG2-O-004,Vinil transparente,MIG2-CAT-001,Design_To_Go_Catalog_v1.2_RC_MANGO_TANGO.xlsx,D-001:OPEN,status sin resolver
DQ-CATALOG-002:CATALOG_ITEM:MIG2-O-005:status,DQ-CATALOG-002,BLOCKER,CATALOG_ITEM,REVIEW,OWNER_DECISION_REQUIRED,CATALOG_ITEM,5c05990c-d896-466d-8a5f-876dcfa577b8,WARNING,MIG2-O-005,Vinil holográfico,MIG2-CAT-001,Design_To_Go_Catalog_v1.2_RC_MANGO_TANGO.xlsx,D-001:OPEN,status sin resolver
DQ-CATALOG-002:CATALOG_ITEM:MIG2-O-006:status,DQ-CATALOG-002,BLOCKER,CATALOG_ITEM,REVIEW,OWNER_DECISION_REQUIRED,CATALOG_ITEM,bc7107ef-787c-4178-80c1-14b8af48fa64,WARNING,MIG2-O-006,Canvas imprimible,MIG1-CAT-001,Design_To_Go_Catalog_v1.2_RC_MANGO_TANGO.xlsx,D-001:OPEN,status sin resolver
DQ-CATALOG-002:CATALOG_ITEM:MIG2-O-007:status,DQ-CATALOG-002,BLOCKER,CATALOG_ITEM,REVIEW,OWNER_DECISION_REQUIRED,CATALOG_ITEM,09718f28-c8dc-4d54-acf6-2dd573256683,WARNING,MIG2-O-007,Tela sublimada,MIG1-CAT-001,Design_To_Go_Catalog_v1.2_RC_MANGO_TANGO.xlsx,D-001:OPEN,status sin resolver
DQ-CATALOG-002:CATALOG_ITEM:MIG2-O-008:status,DQ-CATALOG-002,BLOCKER,CATALOG_ITEM,REVIEW,OWNER_DECISION_REQUIRED,CATALOG_ITEM,1f7b99eb-1397-43bc-9849-93fcfe3e2f39,WARNING,MIG2-O-008,Tela para backdrop,MIG1-CAT-001,Design_To_Go_Catalog_v1.2_RC_MANGO_TANGO.xlsx,D-001:OPEN,status sin resolver
DQ-CATALOG-002:CATALOG_ITEM:MIG2-O-009:status,DQ-CATALOG-002,BLOCKER,CATALOG_ITEM,REVIEW,OWNER_DECISION_REQUIRED,CATALOG_ITEM,091b71ff-54af-4ca8-9052-1d2f2b15ae1b,WARNING,MIG2-O-009,PVC espumado,MIG1-CAT-002,Design_To_Go_Catalog_v1.2_RC_MANGO_TANGO.xlsx,D-001:OPEN,status sin resolver
DQ-CATALOG-002:CATALOG_ITEM:MIG2-O-010:status,DQ-CATALOG-002,BLOCKER,CATALOG_ITEM,REVIEW,OWNER_DECISION_REQUIRED,CATALOG_ITEM,dab2fc69-5bc5-4612-ba0a-bad23d14f65c,WARNING,MIG2-O-010,Foamboard,MIG1-CAT-002,Design_To_Go_Catalog_v1.2_RC_MANGO_TANGO.xlsx,D-001:OPEN,status sin resolver
DQ-CATALOG-002:CATALOG_ITEM:MIG2-O-011:status,DQ-CATALOG-002,BLOCKER,CATALOG_ITEM,REVIEW,OWNER_DECISION_REQUIRED,CATALOG_ITEM,df48f7ea-3f03-4c15-b5a3-496040a7c82f,WARNING,MIG2-O-011,Acrílico impreso,MIG1-CAT-002,Design_To_Go_Catalog_v1.2_RC_MANGO_TANGO.xlsx,D-001:OPEN,status sin resolver
DQ-CATALOG-002:CATALOG_ITEM:MIG2-O-012:status,DQ-CATALOG-002,BLOCKER,CATALOG_ITEM,REVIEW,OWNER_DECISION_REQUIRED,CATALOG_ITEM,08bf8cdb-01ed-47ff-868a-0b3757f1097d,WARNING,MIG2-O-012,ACM / aluminio compuesto,MIG1-CAT-002,Design_To_Go_Catalog_v1.2_RC_MANGO_TANGO.xlsx,D-001:OPEN,status sin resolver
DQ-CATALOG-002:CATALOG_ITEM:MIG2-O-013:status,DQ-CATALOG-002,BLOCKER,CATALOG_ITEM,REVIEW,OWNER_DECISION_REQUIRED,CATALOG_ITEM,f3aa0201-c139-4b48-9a44-6215fcaed368,WARNING,MIG2-O-013,Figura / standee de coroplast,MIG1-CAT-002,Design_To_Go_Catalog_v1.2_RC_MANGO_TANGO.xlsx,D-001:OPEN,status sin resolver
DQ-CATALOG-002:CATALOG_ITEM:MIG2-O-014:status,DQ-CATALOG-002,BLOCKER,CATALOG_ITEM,REVIEW,OWNER_DECISION_REQUIRED,CATALOG_ITEM,b62f0ea2-c558-4c87-97c7-44e04d47e5c1,WARNING,MIG2-O-014,Coroplast por hoja,MIG1-CAT-002,Design_To_Go_Catalog_v1.2_RC_MANGO_TANGO.xlsx,D-001:OPEN,status sin resolver
DQ-CATALOG-002:CATALOG_ITEM:MIG2-O-016:status,DQ-CATALOG-002,BLOCKER,CATALOG_ITEM,REVIEW,OWNER_DECISION_REQUIRED,CATALOG_ITEM,6a0ad3b0-575e-46b5-98cd-842333c0c189,WARNING,MIG2-O-016,Roll-Up / Retractable Banner,MIG1-CAT-003,Design_To_Go_Catalog_v1.2_RC_MANGO_TANGO.xlsx,D-001:OPEN,status sin resolver
DQ-CATALOG-002:CATALOG_ITEM:MIG2-O-019:status,DQ-CATALOG-002,BLOCKER,CATALOG_ITEM,REVIEW,OWNER_DECISION_REQUIRED,CATALOG_ITEM,76bea0f9-1602-4ab6-9a7d-44a1eb0e89e6,WARNING,MIG2-O-019,Tank Top,MIG1-CAT-004,Design_To_Go_Catalog_v1.2_RC_MANGO_TANGO.xlsx,D-001:OPEN,status sin resolver
DQ-CATALOG-002:CATALOG_ITEM:MIG2-O-020:status,DQ-CATALOG-002,BLOCKER,CATALOG_ITEM,REVIEW,OWNER_DECISION_REQUIRED,CATALOG_ITEM,655d525f-dbea-449d-b08d-4d06eaf9213b,WARNING,MIG2-O-020,Hoodie con capucha sin cierre,MIG1-CAT-004,Design_To_Go_Catalog_v1.2_RC_MANGO_TANGO.xlsx,D-001:OPEN,status sin resolver
DQ-CATALOG-002:CATALOG_ITEM:MIG2-O-021:status,DQ-CATALOG-002,BLOCKER,CATALOG_ITEM,REVIEW,OWNER_DECISION_REQUIRED,CATALOG_ITEM,b7ec523f-40e1-461b-bade-a157d2ca665e,WARNING,MIG2-O-021,Uniforme,MIG1-CAT-004,Design_To_Go_Catalog_v1.2_RC_MANGO_TANGO.xlsx,D-001:OPEN,status sin resolver
DQ-CATALOG-002:CATALOG_ITEM:MIG2-O-022:status,DQ-CATALOG-002,BLOCKER,CATALOG_ITEM,REVIEW,OWNER_DECISION_REQUIRED,CATALOG_ITEM,e3b42245-20fc-4f87-bfe4-a1e1dd3f86f2,WARNING,MIG2-O-022,Mandil,MIG1-CAT-004,Design_To_Go_Catalog_v1.2_RC_MANGO_TANGO.xlsx,D-001:OPEN,status sin resolver
DQ-CATALOG-002:CATALOG_ITEM:MIG2-O-023:status,DQ-CATALOG-002,BLOCKER,CATALOG_ITEM,REVIEW,OWNER_DECISION_REQUIRED,CATALOG_ITEM,434cb6c9-e2e6-41db-ae1a-3e54c87018f7,WARNING,MIG2-O-023,Tote Bag,MIG1-CAT-004,Design_To_Go_Catalog_v1.2_RC_MANGO_TANGO.xlsx,D-001:OPEN,status sin resolver
DQ-CATALOG-002:CATALOG_ITEM:MIG2-O-024:status,DQ-CATALOG-002,BLOCKER,CATALOG_ITEM,REVIEW,OWNER_DECISION_REQUIRED,CATALOG_ITEM,7aad6692-ba72-4b5b-be8e-df8f98678bde,WARNING,MIG2-O-024,Parche textil,MIG1-CAT-004,Design_To_Go_Catalog_v1.2_RC_MANGO_TANGO.xlsx,D-001:OPEN,status sin resolver
DQ-CATALOG-002:CATALOG_ITEM:MIG2-O-025:status,DQ-CATALOG-002,BLOCKER,CATALOG_ITEM,REVIEW,OWNER_DECISION_REQUIRED,CATALOG_ITEM,bda53f21-3808-43f7-8998-ea996ac71333,WARNING,MIG2-O-025,Funda para cojín,MIG1-CAT-004,Design_To_Go_Catalog_v1.2_RC_MANGO_TANGO.xlsx,D-001:OPEN,status sin resolver
DQ-CATALOG-002:CATALOG_ITEM:MIG2-O-026:status,DQ-CATALOG-002,BLOCKER,CATALOG_ITEM,REVIEW,OWNER_DECISION_REQUIRED,CATALOG_ITEM,bbfaa39c-cd7d-4604-98dc-84f5bebf9da0,WARNING,MIG2-O-026,Lanyard,MIG1-CAT-004,Design_To_Go_Catalog_v1.2_RC_MANGO_TANGO.xlsx,D-001:OPEN,status sin resolver
DQ-CATALOG-002:CATALOG_ITEM:MIG2-O-027:status,DQ-CATALOG-002,BLOCKER,CATALOG_ITEM,REVIEW,OWNER_DECISION_REQUIRED,CATALOG_ITEM,4c3890d8-8678-4084-a28f-76893e1e7f2c,WARNING,MIG2-O-027,Listón para cabello,MIG1-CAT-004,Design_To_Go_Catalog_v1.2_RC_MANGO_TANGO.xlsx,D-001:OPEN,status sin resolver
DQ-CATALOG-002:CATALOG_ITEM:MIG2-O-028:status,DQ-CATALOG-002,BLOCKER,CATALOG_ITEM,REVIEW,OWNER_DECISION_REQUIRED,CATALOG_ITEM,abfbceef-bc5b-4ddc-85cd-4dbe425ce6a2,WARNING,MIG2-O-028,Listón personalizado,MIG1-CAT-004,Design_To_Go_Catalog_v1.2_RC_MANGO_TANGO.xlsx,D-001:OPEN,status sin resolver
DQ-CATALOG-002:CATALOG_ITEM:MIG2-O-029:status,DQ-CATALOG-002,BLOCKER,CATALOG_ITEM,REVIEW,OWNER_DECISION_REQUIRED,CATALOG_ITEM,5ce8514e-2bfa-4ed3-983b-3ce399ca70ae,WARNING,MIG2-O-029,Sippy Cup / vaso de chupón,MIG1-CAT-005,Design_To_Go_Catalog_v1.2_RC_MANGO_TANGO.xlsx,D-001:OPEN,status sin resolver
DQ-CATALOG-002:CATALOG_ITEM:MIG2-O-030:status,DQ-CATALOG-002,BLOCKER,CATALOG_ITEM,REVIEW,OWNER_DECISION_REQUIRED,CATALOG_ITEM,0f1ad375-713f-462a-aa15-e79e696dcdc8,WARNING,MIG2-O-030,Vaso de acero inoxidable,MIG1-CAT-005,Design_To_Go_Catalog_v1.2_RC_MANGO_TANGO.xlsx,D-001:OPEN,status sin resolver
DQ-CATALOG-002:CATALOG_ITEM:MIG2-O-031:status,DQ-CATALOG-002,BLOCKER,CATALOG_ITEM,REVIEW,OWNER_DECISION_REQUIRED,CATALOG_ITEM,f953531f-5f01-418c-9bc5-30f5dfaaf965,WARNING,MIG2-O-031,Tumbler,MIG1-CAT-005,Design_To_Go_Catalog_v1.2_RC_MANGO_TANGO.xlsx,D-001:OPEN,status sin resolver
DQ-CATALOG-002:CATALOG_ITEM:MIG2-O-032:status,DQ-CATALOG-002,BLOCKER,CATALOG_ITEM,REVIEW,OWNER_DECISION_REQUIRED,CATALOG_ITEM,a05e34bd-d91f-490c-9d72-cec63cb05721,WARNING,MIG2-O-032,Cilindro,MIG1-CAT-005,Design_To_Go_Catalog_v1.2_RC_MANGO_TANGO.xlsx,D-001:OPEN,status sin resolver
DQ-CATALOG-002:CATALOG_ITEM:MIG2-O-033:status,DQ-CATALOG-002,BLOCKER,CATALOG_ITEM,REVIEW,OWNER_DECISION_REQUIRED,CATALOG_ITEM,91d2aa6c-fd28-4da9-a35c-76745e47a0f4,WARNING,MIG2-O-033,Botella,MIG1-CAT-005,Design_To_Go_Catalog_v1.2_RC_MANGO_TANGO.xlsx,D-001:OPEN,status sin resolver
DQ-CATALOG-002:CATALOG_ITEM:MIG2-O-034:status,DQ-CATALOG-002,BLOCKER,CATALOG_ITEM,REVIEW,OWNER_DECISION_REQUIRED,CATALOG_ITEM,8830fd61-9508-47c2-b7e7-0c882a962c10,WARNING,MIG2-O-034,Tarro,MIG1-CAT-005,Design_To_Go_Catalog_v1.2_RC_MANGO_TANGO.xlsx,D-001:OPEN,status sin resolver
DQ-CATALOG-002:CATALOG_ITEM:MIG2-O-035:status,DQ-CATALOG-002,BLOCKER,CATALOG_ITEM,REVIEW,OWNER_DECISION_REQUIRED,CATALOG_ITEM,ec569dd0-9a0a-4810-b8af-27690e868f37,WARNING,MIG2-O-035,Taza personalizada,MIG1-CAT-005,Design_To_Go_Catalog_v1.2_RC_MANGO_TANGO.xlsx,D-001:OPEN,status sin resolver
DQ-CATALOG-002:CATALOG_ITEM:MIG2-O-036:status,DQ-CATALOG-002,BLOCKER,CATALOG_ITEM,REVIEW,OWNER_DECISION_REQUIRED,CATALOG_ITEM,60c0e2d1-3ce9-40e2-8e44-11551a9f01f7,WARNING,MIG2-O-036,Flyers,MIG1-CAT-006,Design_To_Go_Catalog_v1.2_RC_MANGO_TANGO.xlsx,D-001:OPEN,status sin resolver
DQ-CATALOG-002:CATALOG_ITEM:MIG2-O-037:status,DQ-CATALOG-002,BLOCKER,CATALOG_ITEM,REVIEW,OWNER_DECISION_REQUIRED,CATALOG_ITEM,7986a861-66d9-44bc-be34-cb8417fc01c7,WARNING,MIG2-O-037,Tabloides,MIG1-CAT-006,Design_To_Go_Catalog_v1.2_RC_MANGO_TANGO.xlsx,D-001:OPEN,status sin resolver
DQ-CATALOG-002:CATALOG_ITEM:MIG2-O-038:status,DQ-CATALOG-002,BLOCKER,CATALOG_ITEM,REVIEW,OWNER_DECISION_REQUIRED,CATALOG_ITEM,20392d5c-937a-43a6-b89a-2f28c355fba3,WARNING,MIG2-O-038,Posters,MIG1-CAT-006,Design_To_Go_Catalog_v1.2_RC_MANGO_TANGO.xlsx,D-001:OPEN,status sin resolver
DQ-CATALOG-002:CATALOG_ITEM:MIG2-O-039:status,DQ-CATALOG-002,BLOCKER,CATALOG_ITEM,REVIEW,OWNER_DECISION_REQUIRED,CATALOG_ITEM,5fa2a453-3877-4740-941d-4d2c0c511c12,WARNING,MIG2-O-039,Menús,MIG1-CAT-006,Design_To_Go_Catalog_v1.2_RC_MANGO_TANGO.xlsx,D-001:OPEN,status sin resolver
DQ-CATALOG-002:CATALOG_ITEM:MIG2-O-040:status,DQ-CATALOG-002,BLOCKER,CATALOG_ITEM,REVIEW,OWNER_DECISION_REQUIRED,CATALOG_ITEM,e5793b05-cd92-4337-b5c6-97c3ba9c1980,WARNING,MIG2-O-040,Postales,MIG1-CAT-006,Design_To_Go_Catalog_v1.2_RC_MANGO_TANGO.xlsx,D-001:OPEN,status sin resolver
DQ-CATALOG-002:CATALOG_ITEM:MIG2-O-041:status,DQ-CATALOG-002,BLOCKER,CATALOG_ITEM,REVIEW,OWNER_DECISION_REQUIRED,CATALOG_ITEM,8fabdca1-d5ac-4f90-82a7-2f00aa4ab832,WARNING,MIG2-O-041,Stickers de papel,MIG1-CAT-007,Design_To_Go_Catalog_v1.2_RC_MANGO_TANGO.xlsx,D-001:OPEN,status sin resolver
DQ-CATALOG-002:CATALOG_ITEM:MIG2-O-042:status,DQ-CATALOG-002,BLOCKER,CATALOG_ITEM,REVIEW,OWNER_DECISION_REQUIRED,CATALOG_ITEM,bc204dde-8aec-4a36-b565-20c84c10f85a,WARNING,MIG2-O-042,Stickers transparentes,MIG1-CAT-007,Design_To_Go_Catalog_v1.2_RC_MANGO_TANGO.xlsx,D-001:OPEN,status sin resolver
DQ-CATALOG-002:CATALOG_ITEM:MIG2-O-043:status,DQ-CATALOG-002,BLOCKER,CATALOG_ITEM,REVIEW,OWNER_DECISION_REQUIRED,CATALOG_ITEM,53cdb1a7-a42f-4d10-bb82-8cf6a5b6045b,WARNING,MIG2-O-043,Stickers holográficos,MIG1-CAT-007,Design_To_Go_Catalog_v1.2_RC_MANGO_TANGO.xlsx,D-001:OPEN,status sin resolver
DQ-CATALOG-002:CATALOG_ITEM:MIG2-O-044:status,DQ-CATALOG-002,BLOCKER,CATALOG_ITEM,REVIEW,OWNER_DECISION_REQUIRED,CATALOG_ITEM,b2f08397-b478-4c01-a1ef-14daf3ff85c5,WARNING,MIG2-O-044,Stickers reflectivos,MIG1-CAT-007,Design_To_Go_Catalog_v1.2_RC_MANGO_TANGO.xlsx,D-001:OPEN,status sin resolver
DQ-CATALOG-002:CATALOG_ITEM:MIG2-O-045:status,DQ-CATALOG-002,BLOCKER,CATALOG_ITEM,REVIEW,OWNER_DECISION_REQUIRED,CATALOG_ITEM,2ee59749-d24f-4c05-8cd7-fc50f8f21c7b,WARNING,MIG2-O-045,Etiquetas para productos,MIG1-CAT-007,Design_To_Go_Catalog_v1.2_RC_MANGO_TANGO.xlsx,D-001:OPEN,status sin resolver
DQ-CATALOG-002:CATALOG_ITEM:MIG2-O-046:status,DQ-CATALOG-002,BLOCKER,CATALOG_ITEM,REVIEW,OWNER_DECISION_REQUIRED,CATALOG_ITEM,05cfa0b6-4704-41c1-9aa6-c2bb75df7d2d,WARNING,MIG2-O-046,Tarjetas complementarias,MIG1-CAT-006,Design_To_Go_Catalog_v1.2_RC_MANGO_TANGO.xlsx,D-001:OPEN,status sin resolver
DQ-CATALOG-002:CATALOG_ITEM:MIG2-O-047:status,DQ-CATALOG-002,BLOCKER,CATALOG_ITEM,REVIEW,OWNER_DECISION_REQUIRED,CATALOG_ITEM,44b7c501-d106-4382-baef-c77bd3fdb0b3,WARNING,MIG2-O-047,Seating card / place card,MIG1-CAT-006,Design_To_Go_Catalog_v1.2_RC_MANGO_TANGO.xlsx,D-001:OPEN,status sin resolver
DQ-CATALOG-002:CATALOG_ITEM:MIG2-O-048:status,DQ-CATALOG-002,BLOCKER,CATALOG_ITEM,REVIEW,OWNER_DECISION_REQUIRED,CATALOG_ITEM,3909563a-f76f-4641-a5ed-90a90ce5f77f,WARNING,MIG2-O-048,Thank-you card,MIG1-CAT-006,Design_To_Go_Catalog_v1.2_RC_MANGO_TANGO.xlsx,D-001:OPEN,status sin resolver
DQ-CATALOG-002:CATALOG_ITEM:MIG2-O-049:status,DQ-CATALOG-002,BLOCKER,CATALOG_ITEM,REVIEW,OWNER_DECISION_REQUIRED,CATALOG_ITEM,aa7f5c51-7efd-43d9-9dac-067f8cc6b68c,WARNING,MIG2-O-049,A-Sign / A-Frame,MIG1-CAT-003,Design_To_Go_Catalog_v1.2_RC_MANGO_TANGO.xlsx,D-001:OPEN,status sin resolver
DQ-CATALOG-002:CATALOG_ITEM:MIG2-O-051:status,DQ-CATALOG-002,BLOCKER,CATALOG_ITEM,REVIEW,OWNER_DECISION_REQUIRED,CATALOG_ITEM,ef537735-8f40-40a6-8ecb-193f72015338,WARNING,MIG2-O-051,Pop-Up Display,MIG1-CAT-003,Design_To_Go_Catalog_v1.2_RC_MANGO_TANGO.xlsx,D-001:OPEN,status sin resolver
DQ-CATALOG-002:CATALOG_ITEM:MIG2-O-052:status,DQ-CATALOG-002,BLOCKER,CATALOG_ITEM,REVIEW,OWNER_DECISION_REQUIRED,CATALOG_ITEM,1ab422ff-9550-4935-ad9a-1e26a479e79a,WARNING,MIG2-O-052,Backdrop,MIG1-CAT-003,Design_To_Go_Catalog_v1.2_RC_MANGO_TANGO.xlsx,D-001:OPEN,status sin resolver
DQ-CATALOG-002:CATALOG_ITEM:MIG2-O-053:status,DQ-CATALOG-002,BLOCKER,CATALOG_ITEM,REVIEW,OWNER_DECISION_REQUIRED,CATALOG_ITEM,06738188-cce1-433f-90af-7407777d44b8,WARNING,MIG2-O-053,Pulsera personalizada,MIG1-CAT-008,Design_To_Go_Catalog_v1.2_RC_MANGO_TANGO.xlsx,D-001:OPEN,status sin resolver
DQ-CATALOG-002:CATALOG_ITEM:MIG2-O-054:status,DQ-CATALOG-002,BLOCKER,CATALOG_ITEM,REVIEW,OWNER_DECISION_REQUIRED,CATALOG_ITEM,1e8cd34f-3a0f-4346-b017-d8dd15a01ef6,WARNING,MIG2-O-054,Lentes personalizados,MIG1-CAT-008,Design_To_Go_Catalog_v1.2_RC_MANGO_TANGO.xlsx,D-001:OPEN,status sin resolver
DQ-CATALOG-002:CATALOG_ITEM:MIG2-O-056:status,DQ-CATALOG-002,BLOCKER,CATALOG_ITEM,REVIEW,OWNER_DECISION_REQUIRED,CATALOG_ITEM,0e76fcf9-3149-4d78-8c38-bf40457b542a,WARNING,MIG2-O-056,Botecito de gel personalizado,MIG1-CAT-008,Design_To_Go_Catalog_v1.2_RC_MANGO_TANGO.xlsx,D-001:OPEN,status sin resolver
DQ-CATALOG-002:CATALOG_ITEM:MIG2-O-057:status,DQ-CATALOG-002,BLOCKER,CATALOG_ITEM,REVIEW,OWNER_DECISION_REQUIRED,CATALOG_ITEM,50c8d807-64b0-416d-a57f-ba1f2b5a6554,WARNING,MIG2-O-057,Reconocimiento metálico,MIG1-CAT-009,Design_To_Go_Catalog_v1.2_RC_MANGO_TANGO.xlsx,D-001:OPEN,status sin resolver
DQ-CATALOG-002:CATALOG_ITEM:MIG2-O-058:status,DQ-CATALOG-002,BLOCKER,CATALOG_ITEM,REVIEW,OWNER_DECISION_REQUIRED,CATALOG_ITEM,462ebfa4-826c-4f75-8452-5a4b7c14d2ed,WARNING,MIG2-O-058,Dog Tag,MIG1-CAT-009,Design_To_Go_Catalog_v1.2_RC_MANGO_TANGO.xlsx,D-001:OPEN,status sin resolver
DQ-CATALOG-002:CATALOG_ITEM:MIG2-O-059:status,DQ-CATALOG-002,BLOCKER,CATALOG_ITEM,REVIEW,OWNER_DECISION_REQUIRED,CATALOG_ITEM,0409fe62-fe22-472b-b674-b6c060dda34f,WARNING,MIG2-O-059,Pluma personalizada,MIG1-CAT-009,Design_To_Go_Catalog_v1.2_RC_MANGO_TANGO.xlsx,D-001:OPEN,status sin resolver
DQ-CATALOG-002:CATALOG_ITEM:MIG2-O-060:status,DQ-CATALOG-002,BLOCKER,CATALOG_ITEM,REVIEW,OWNER_DECISION_REQUIRED,CATALOG_ITEM,d0ae2607-ad38-4a99-a335-a17eb1102f21,WARNING,MIG2-O-060,Topper acrílico,MIG1-CAT-009,Design_To_Go_Catalog_v1.2_RC_MANGO_TANGO.xlsx,D-001:OPEN,status sin resolver
DQ-CATALOG-002:CATALOG_ITEM:MIG2-O-061:status,DQ-CATALOG-002,BLOCKER,CATALOG_ITEM,REVIEW,OWNER_DECISION_REQUIRED,CATALOG_ITEM,49031e46-6487-45d3-97e4-af9784fda4e3,WARNING,MIG2-O-061,Etiqueta rígida,MIG1-CAT-009,Design_To_Go_Catalog_v1.2_RC_MANGO_TANGO.xlsx,D-001:OPEN,status sin resolver
DQ-CATALOG-002:CATALOG_ITEM:MIGF-O-001:status,DQ-CATALOG-002,BLOCKER,CATALOG_ITEM,REVIEW,OWNER_DECISION_REQUIRED,CATALOG_ITEM,30c20b62-abe5-467f-9b69-4b65933e1892,WARNING,MIGF-O-001,Manga larga,MIG1-CAT-004,Design_To_Go_Catalog_v1.2_RC_MANGO_TANGO.xlsx,D-001:OPEN,status sin resolver
DQ-CATALOG-002:CATALOG_ITEM:MIGF-O-002:status,DQ-CATALOG-002,BLOCKER,CATALOG_ITEM,REVIEW,OWNER_DECISION_REQUIRED,CATALOG_ITEM,e292b4c8-a270-4a4e-b4f8-bda66d9039c6,WARNING,MIGF-O-002,Sweater / sudadera cuello redondo sin capucha,MIG1-CAT-004,Design_To_Go_Catalog_v1.2_RC_MANGO_TANGO.xlsx,D-001:OPEN,status sin resolver
DQ-CATALOG-002:CATALOG_ITEM:MIGF-O-003:status,DQ-CATALOG-002,BLOCKER,CATALOG_ITEM,REVIEW,OWNER_DECISION_REQUIRED,CATALOG_ITEM,258923a2-b5e6-4b4f-9b43-1ee1e827f9b9,WARNING,MIGF-O-003,Sudadera,MIG1-CAT-004,Design_To_Go_Catalog_v1.2_RC_MANGO_TANGO.xlsx,D-001:OPEN,status sin resolver
DQ-CATALOG-002:CATALOG_ITEM:MIGF-O-005:status,DQ-CATALOG-002,BLOCKER,CATALOG_ITEM,REVIEW,OWNER_DECISION_REQUIRED,CATALOG_ITEM,49fd89d7-c8b9-48db-b65e-61b52c6edcdd,WARNING,MIGF-O-005,Vaso de especialidad,MIG1-CAT-005,Design_To_Go_Catalog_v1.2_RC_MANGO_TANGO.xlsx,D-001:OPEN,status sin resolver
DQ-CATALOG-002:CATALOG_ITEM:MIGF-O-006:status,DQ-CATALOG-002,BLOCKER,CATALOG_ITEM,REVIEW,OWNER_DECISION_REQUIRED,CATALOG_ITEM,f63e4bd5-d4f6-48c9-b1f0-d8ecc752b03d,WARNING,MIGF-O-006,Otros vasos para eventos,MIG1-CAT-005,Design_To_Go_Catalog_v1.2_RC_MANGO_TANGO.xlsx,D-001:OPEN,status sin resolver
DQ-CATALOG-002:CATALOG_ITEM:MIGF-O-007:status,DQ-CATALOG-002,BLOCKER,CATALOG_ITEM,REVIEW,OWNER_DECISION_REQUIRED,CATALOG_ITEM,c94b3955-e55a-4faa-8026-4db39af0ced2,WARNING,MIGF-O-007,Etiquetas especiales,MIG1-CAT-007,Design_To_Go_Catalog_v1.2_RC_MANGO_TANGO.xlsx,D-001:OPEN,status sin resolver
DQ-CATALOG-002:CATALOG_ITEM:MIGF-O-008:status,DQ-CATALOG-002,BLOCKER,CATALOG_ITEM,REVIEW,OWNER_DECISION_REQUIRED,CATALOG_ITEM,ba37a66e-7980-4b17-9706-73d8fab10398,WARNING,MIGF-O-008,Invitación sencilla,MIG1-CAT-006,Design_To_Go_Catalog_v1.2_RC_MANGO_TANGO.xlsx,D-001:OPEN,status sin resolver
DQ-CATALOG-002:CATALOG_ITEM:MIGF-O-009:status,DQ-CATALOG-002,BLOCKER,CATALOG_ITEM,REVIEW,OWNER_DECISION_REQUIRED,CATALOG_ITEM,5505fc33-a933-4065-b10c-4e5cfeeb1d8a,WARNING,MIGF-O-009,Invitación premium,MIG1-CAT-006,Design_To_Go_Catalog_v1.2_RC_MANGO_TANGO.xlsx,D-001:OPEN,status sin resolver
DQ-CATALOG-002:CATALOG_ITEM:MIGF-O-010:status,DQ-CATALOG-002,BLOCKER,CATALOG_ITEM,REVIEW,OWNER_DECISION_REQUIRED,CATALOG_ITEM,618a495c-470d-4100-8e3f-0b0518a61481,WARNING,MIGF-O-010,Invitación para evento,MIG1-CAT-006,Design_To_Go_Catalog_v1.2_RC_MANGO_TANGO.xlsx,D-001:OPEN,status sin resolver
DQ-CATALOG-002:CATALOG_ITEM:MIGF-O-011:status,DQ-CATALOG-002,BLOCKER,CATALOG_ITEM,REVIEW,OWNER_DECISION_REQUIRED,CATALOG_ITEM,e3026e0a-b066-4f7e-bfba-5cd4ee9303b4,WARNING,MIGF-O-011,Invitación con sobre,MIG1-CAT-006,Design_To_Go_Catalog_v1.2_RC_MANGO_TANGO.xlsx,D-001:OPEN,status sin resolver
DQ-CATALOG-002:CATALOG_ITEM:MIGF-O-012:status,DQ-CATALOG-002,BLOCKER,CATALOG_ITEM,REVIEW,OWNER_DECISION_REQUIRED,CATALOG_ITEM,09c5ec5c-1be5-4b4e-ae29-9888e511269f,WARNING,MIGF-O-012,Invitación con sello,MIG1-CAT-006,Design_To_Go_Catalog_v1.2_RC_MANGO_TANGO.xlsx,D-001:OPEN,status sin resolver
DQ-CATALOG-002:CATALOG_ITEM:MIGF-O-013:status,DQ-CATALOG-002,BLOCKER,CATALOG_ITEM,REVIEW,OWNER_DECISION_REQUIRED,CATALOG_ITEM,44d3971a-3fd5-436f-b566-88827a15afe6,WARNING,MIGF-O-013,Invitación con acrílico,MIG1-CAT-006,Design_To_Go_Catalog_v1.2_RC_MANGO_TANGO.xlsx,D-001:OPEN,status sin resolver
DQ-CATALOG-002:CATALOG_ITEM:MIGF-O-014:status,DQ-CATALOG-002,BLOCKER,CATALOG_ITEM,REVIEW,OWNER_DECISION_REQUIRED,CATALOG_ITEM,30f76c86-cbfe-4cde-8907-fbf2a7192b92,WARNING,MIGF-O-014,Invitación especial,MIG1-CAT-006,Design_To_Go_Catalog_v1.2_RC_MANGO_TANGO.xlsx,D-001:OPEN,status sin resolver
DQ-CATALOG-002:CATALOG_ITEM:MIGF-O-015:status,DQ-CATALOG-002,BLOCKER,CATALOG_ITEM,REVIEW,OWNER_DECISION_REQUIRED,CATALOG_ITEM,1c3ecbd6-ddf2-4721-8361-2a6111209c94,WARNING,MIGF-O-015,Imanes para vehículo — par de 2 × 1 ft,MIG1-CAT-009,Design_To_Go_Catalog_v1.2_RC_MANGO_TANGO.xlsx,D-001:OPEN,status sin resolver
DQ-CATALOG-002:CATALOG_ITEM:MIGF-O-016:status,DQ-CATALOG-002,BLOCKER,CATALOG_ITEM,REVIEW,OWNER_DECISION_REQUIRED,CATALOG_ITEM,dce741db-6dc2-429d-a667-09281f7c2b13,WARNING,MIGF-O-016,Display para evento,MIG1-CAT-003,Design_To_Go_Catalog_v1.2_RC_MANGO_TANGO.xlsx,D-001:OPEN,status sin resolver
DQ-CATALOG-002:CATALOG_ITEM:MIGF-O-017:status,DQ-CATALOG-002,BLOCKER,CATALOG_ITEM,REVIEW,OWNER_DECISION_REQUIRED,CATALOG_ITEM,1714fc80-71f1-4af0-8d45-d8181a61eefa,WARNING,MIGF-O-017,Vaso personalizado para eventos,MIG1-CAT-008,Design_To_Go_Catalog_v1.2_RC_MANGO_TANGO.xlsx,D-001:OPEN,status sin resolver
DQ-CATALOG-002:CATALOG_ITEM:MIGF-O-018:status,DQ-CATALOG-002,BLOCKER,CATALOG_ITEM,REVIEW,OWNER_DECISION_REQUIRED,CATALOG_ITEM,fa73d9aa-6019-40d6-b033-b4138c9e00d9,WARNING,MIGF-O-018,Llavero,MIG1-CAT-008,Design_To_Go_Catalog_v1.2_RC_MANGO_TANGO.xlsx,D-001:OPEN,status sin resolver
DQ-CATALOG-002:CATALOG_ITEM:MIGF-O-019:status,DQ-CATALOG-002,BLOCKER,CATALOG_ITEM,REVIEW,OWNER_DECISION_REQUIRED,CATALOG_ITEM,6d837184-71d6-4bd9-9f73-d9ac4014ae13,WARNING,MIGF-O-019,Bolsita personalizada,MIG1-CAT-008,Design_To_Go_Catalog_v1.2_RC_MANGO_TANGO.xlsx,D-001:OPEN,status sin resolver
DQ-CATALOG-002:CATALOG_ITEM:MIGF-O-020:status,DQ-CATALOG-002,BLOCKER,CATALOG_ITEM,REVIEW,OWNER_DECISION_REQUIRED,CATALOG_ITEM,c49a68e3-5027-4851-bda7-1a4a3bb66d11,WARNING,MIGF-O-020,Recuerdo personalizado,MIG1-CAT-008,Design_To_Go_Catalog_v1.2_RC_MANGO_TANGO.xlsx,D-001:OPEN,status sin resolver
DQ-CATALOG-002:CATALOG_ITEM:MIGF-O-021:status,DQ-CATALOG-002,BLOCKER,CATALOG_ITEM,REVIEW,OWNER_DECISION_REQUIRED,CATALOG_ITEM,e96f2e10-9557-48a5-bbe4-795f94ae9bd9,WARNING,MIGF-O-021,Merch para eventos,MIG1-CAT-008,Design_To_Go_Catalog_v1.2_RC_MANGO_TANGO.xlsx,D-001:OPEN,status sin resolver
DQ-CATALOG-002:CATALOG_ITEM:MIGF-O-022:status,DQ-CATALOG-002,BLOCKER,CATALOG_ITEM,REVIEW,OWNER_DECISION_REQUIRED,CATALOG_ITEM,82cc8b3a-8507-4ad2-b7a4-f00619aa6a99,WARNING,MIGF-O-022,Producto de Merch Store,MIG1-CAT-008,Design_To_Go_Catalog_v1.2_RC_MANGO_TANGO.xlsx,D-001:OPEN,status sin resolver
DQ-CATALOG-002:CATALOG_ITEM:MIGF-O-023:status,DQ-CATALOG-002,BLOCKER,CATALOG_ITEM,REVIEW,OWNER_DECISION_REQUIRED,CATALOG_ITEM,3fe2798c-15d2-4d40-851b-729ec2d219a1,WARNING,MIGF-O-023,Placa metálica de reconocimiento,MIG1-CAT-009,Design_To_Go_Catalog_v1.2_RC_MANGO_TANGO.xlsx,D-001:OPEN,status sin resolver
DQ-CATALOG-002:CATALOG_ITEM:MIGF-O-024:status,DQ-CATALOG-002,BLOCKER,CATALOG_ITEM,REVIEW,OWNER_DECISION_REQUIRED,CATALOG_ITEM,acfa406e-8209-4f64-9d9c-4b72f4f45fa2,WARNING,MIGF-O-024,Placa metálica de identificación,MIG1-CAT-009,Design_To_Go_Catalog_v1.2_RC_MANGO_TANGO.xlsx,D-001:OPEN,status sin resolver
DQ-CATALOG-002:CATALOG_ITEM:MIGF-O-025:status,DQ-CATALOG-002,BLOCKER,CATALOG_ITEM,REVIEW,OWNER_DECISION_REQUIRED,CATALOG_ITEM,c1e385d7-d8be-445a-b9e2-93e1d7f45c4a,WARNING,MIGF-O-025,Placa para trailer,MIG1-CAT-009,Design_To_Go_Catalog_v1.2_RC_MANGO_TANGO.xlsx,D-001:OPEN,status sin resolver
DQ-CATALOG-002:CATALOG_ITEM:MIGF-O-026:status,DQ-CATALOG-002,BLOCKER,CATALOG_ITEM,REVIEW,OWNER_DECISION_REQUIRED,CATALOG_ITEM,84d3bf80-ec01-4a37-be7e-33fd23d131ca,WARNING,MIGF-O-026,Placa para vehículo,MIG1-CAT-009,Design_To_Go_Catalog_v1.2_RC_MANGO_TANGO.xlsx,D-001:OPEN,status sin resolver
DQ-CATALOG-002:CATALOG_ITEM:MIGF-O-027:status,DQ-CATALOG-002,BLOCKER,CATALOG_ITEM,REVIEW,OWNER_DECISION_REQUIRED,CATALOG_ITEM,98c8f4ba-4b42-463c-a550-0f5c9a7761ef,WARNING,MIGF-O-027,Tag para maquinaria/equipo,MIG1-CAT-009,Design_To_Go_Catalog_v1.2_RC_MANGO_TANGO.xlsx,D-001:OPEN,status sin resolver
DQ-CATALOG-002:CATALOG_ITEM:MIGF-O-028:status,DQ-CATALOG-002,BLOCKER,CATALOG_ITEM,REVIEW,OWNER_DECISION_REQUIRED,CATALOG_ITEM,34ff9275-0b2f-45f8-8f16-4954e245416d,WARNING,MIGF-O-028,Llavero UV DTF,MIG1-CAT-009,Design_To_Go_Catalog_v1.2_RC_MANGO_TANGO.xlsx,D-001:OPEN,status sin resolver
DQ-CATALOG-002:CATALOG_ITEM:MIGF-O-029:status,DQ-CATALOG-002,BLOCKER,CATALOG_ITEM,REVIEW,OWNER_DECISION_REQUIRED,CATALOG_ITEM,8d33d7ef-713f-4b75-87aa-d236d50ed26d,WARNING,MIGF-O-029,Recuerdo UV DTF,MIG1-CAT-009,Design_To_Go_Catalog_v1.2_RC_MANGO_TANGO.xlsx,D-001:OPEN,status sin resolver
DQ-CATALOG-002:CATALOG_ITEM:MIGF-O-030:status,DQ-CATALOG-002,BLOCKER,CATALOG_ITEM,REVIEW,OWNER_DECISION_REQUIRED,CATALOG_ITEM,6da84e64-459c-4c18-b028-55b1c41ee985,WARNING,MIGF-O-030,Placa acrílica,MIG1-CAT-009,Design_To_Go_Catalog_v1.2_RC_MANGO_TANGO.xlsx,D-001:OPEN,status sin resolver
DQ-CATALOG-002:CATALOG_ITEM:MIGF-O-031:status,DQ-CATALOG-002,BLOCKER,CATALOG_ITEM,REVIEW,OWNER_DECISION_REQUIRED,CATALOG_ITEM,c3460301-17af-42b3-8c6a-af237966f528,WARNING,MIGF-O-031,Placa para puerta,MIG1-CAT-009,Design_To_Go_Catalog_v1.2_RC_MANGO_TANGO.xlsx,D-001:OPEN,status sin resolver
DQ-CATALOG-002:CATALOG_ITEM:MIGF-O-032:status,DQ-CATALOG-002,BLOCKER,CATALOG_ITEM,REVIEW,OWNER_DECISION_REQUIRED,CATALOG_ITEM,14820be7-d46e-40bc-8adb-802b0709da84,WARNING,MIGF-O-032,Placa para buzón,MIG1-CAT-009,Design_To_Go_Catalog_v1.2_RC_MANGO_TANGO.xlsx,D-001:OPEN,status sin resolver
DQ-CATALOG-002:CATALOG_ITEM:MIGF-O-033:status,DQ-CATALOG-002,BLOCKER,CATALOG_ITEM,REVIEW,OWNER_DECISION_REQUIRED,CATALOG_ITEM,5f579223-8b48-42cc-be8d-c09b419ea3cd,WARNING,MIGF-O-033,Vaso con UV DTF,MIG1-CAT-009,Design_To_Go_Catalog_v1.2_RC_MANGO_TANGO.xlsx,D-001:OPEN,status sin resolver
DQ-CATALOG-002:CATALOG_ITEM:MIGF-O-034:status,DQ-CATALOG-002,BLOCKER,CATALOG_ITEM,REVIEW,OWNER_DECISION_REQUIRED,CATALOG_ITEM,b8c28f67-5a24-4b00-ab9a-ffa470e1560e,WARNING,MIGF-O-034,Producto de vidrio con UV DTF,MIG1-CAT-005,Design_To_Go_Catalog_v1.2_RC_MANGO_TANGO.xlsx,D-001:OPEN,status sin resolver
DQ-CATALOG-002:CATALOG_ITEM:MIGF-O-035:status,DQ-CATALOG-002,BLOCKER,CATALOG_ITEM,REVIEW,OWNER_DECISION_REQUIRED,CATALOG_ITEM,bc315c28-ae23-48ac-bab1-94d15c77c95d,WARNING,MIGF-O-035,Producto metálico con UV DTF,MIG1-CAT-009,Design_To_Go_Catalog_v1.2_RC_MANGO_TANGO.xlsx,D-001:OPEN,status sin resolver
DQ-CATALOG-002:CATALOG_ITEM:MIGF-O-036:status,DQ-CATALOG-002,BLOCKER,CATALOG_ITEM,REVIEW,OWNER_DECISION_REQUIRED,CATALOG_ITEM,ca990509-a48b-4d11-a004-179af451c6c2,WARNING,MIGF-O-036,Producto plástico con UV DTF,MIG1-CAT-009,Design_To_Go_Catalog_v1.2_RC_MANGO_TANGO.xlsx,D-001:OPEN,status sin resolver
DQ-CATALOG-002:CATALOG_ITEM:MIGF-O-037:status,DQ-CATALOG-002,BLOCKER,CATALOG_ITEM,REVIEW,OWNER_DECISION_REQUIRED,CATALOG_ITEM,14ec6bc9-4d04-4899-b3bd-d4cbe8d022c5,WARNING,MIGF-O-037,Producto de madera compatible con UV DTF,MIG1-CAT-009,Design_To_Go_Catalog_v1.2_RC_MANGO_TANGO.xlsx,D-001:OPEN,status sin resolver
DQ-CATALOG-002:CATALOG_ITEM:MIGF-O-038:status,DQ-CATALOG-002,BLOCKER,CATALOG_ITEM,REVIEW,OWNER_DECISION_REQUIRED,CATALOG_ITEM,5593c543-a338-4e9f-9005-1243d23b8453,WARNING,MIGF-O-038,Ampliación fotográfica,MIGF-CAT-001,Design_To_Go_Catalog_v1.2_RC_MANGO_TANGO.xlsx,D-001:OPEN,status sin resolver
DQ-CATALOG-002:CATALOG_ITEM:MIGF-O-039:status,DQ-CATALOG-002,BLOCKER,CATALOG_ITEM,REVIEW,OWNER_DECISION_REQUIRED,CATALOG_ITEM,4231552f-5562-4fa3-8883-d9883360cce0,WARNING,MIGF-O-039,Canvas fotográfico,MIGF-CAT-001,Design_To_Go_Catalog_v1.2_RC_MANGO_TANGO.xlsx,D-001:OPEN,status sin resolver
DQ-CATALOG-002:CATALOG_ITEM:MIGF-O-040:status,DQ-CATALOG-002,BLOCKER,CATALOG_ITEM,REVIEW,OWNER_DECISION_REQUIRED,CATALOG_ITEM,1e0d4068-8c08-4c5f-bb99-e0f4a598bf3c,WARNING,MIGF-O-040,Cuadro de acrílico,MIGF-CAT-001,Design_To_Go_Catalog_v1.2_RC_MANGO_TANGO.xlsx,D-001:OPEN,status sin resolver
DQ-CATALOG-002:CATALOG_ITEM:MIGF-O-041:status,DQ-CATALOG-002,BLOCKER,CATALOG_ITEM,REVIEW,OWNER_DECISION_REQUIRED,CATALOG_ITEM,af2db983-181c-4510-8fd9-0a846cda7f39,WARNING,MIGF-O-041,Cuadro con protección UV,MIGF-CAT-001,Design_To_Go_Catalog_v1.2_RC_MANGO_TANGO.xlsx,D-001:OPEN,status sin resolver
DQ-CATALOG-002:CATALOG_ITEM:MIGF-O-042:status,DQ-CATALOG-002,BLOCKER,CATALOG_ITEM,REVIEW,OWNER_DECISION_REQUIRED,CATALOG_ITEM,2dbe1646-c6c6-4f48-aea5-cccc80919f6d,WARNING,MIGF-O-042,Cuadro con marco,MIGF-CAT-001,Design_To_Go_Catalog_v1.2_RC_MANGO_TANGO.xlsx,D-001:OPEN,status sin resolver
DQ-CATALOG-002:CATALOG_ITEM:MIGF-O-043:status,DQ-CATALOG-002,BLOCKER,CATALOG_ITEM,REVIEW,OWNER_DECISION_REQUIRED,CATALOG_ITEM,e6416604-95c6-474e-b3ea-6c7165f8b78a,WARNING,MIGF-O-043,Fotografía montada,MIGF-CAT-001,Design_To_Go_Catalog_v1.2_RC_MANGO_TANGO.xlsx,D-001:OPEN,status sin resolver
DQ-CATALOG-002:CATALOG_ITEM:MIGF-O-044:status,DQ-CATALOG-002,BLOCKER,CATALOG_ITEM,REVIEW,OWNER_DECISION_REQUIRED,CATALOG_ITEM,3bffae0f-3bbb-428b-84bb-12996f340e66,WARNING,MIGF-O-044,Panel decorativo,MIGF-CAT-001,Design_To_Go_Catalog_v1.2_RC_MANGO_TANGO.xlsx,D-001:OPEN,status sin resolver
DQ-CATALOG-002:CATALOG_ITEM:MIGF-O-045:status,DQ-CATALOG-002,BLOCKER,CATALOG_ITEM,REVIEW,OWNER_DECISION_REQUIRED,CATALOG_ITEM,2ba60e63-7607-4f15-bba0-16d34a4a399a,WARNING,MIGF-O-045,Tríptico decorativo,MIGF-CAT-001,Design_To_Go_Catalog_v1.2_RC_MANGO_TANGO.xlsx,D-001:OPEN,status sin resolver
DQ-CATALOG-002:CATALOG_ITEM:MIGF-O-046:status,DQ-CATALOG-002,BLOCKER,CATALOG_ITEM,REVIEW,OWNER_DECISION_REQUIRED,CATALOG_ITEM,be3f8a21-df33-4d98-982c-a3c9239b23a9,WARNING,MIGF-O-046,Cuadro decorativo,MIGF-CAT-001,Design_To_Go_Catalog_v1.2_RC_MANGO_TANGO.xlsx,D-001:OPEN,status sin resolver
DQ-CATALOG-002:CATALOG_ITEM:MIGF-O-047:status,DQ-CATALOG-002,BLOCKER,CATALOG_ITEM,REVIEW,OWNER_DECISION_REQUIRED,CATALOG_ITEM,8590ea66-8835-4f98-a860-5dbf5920c03f,WARNING,MIGF-O-047,Impresión para hogar u oficina,MIGF-CAT-001,Design_To_Go_Catalog_v1.2_RC_MANGO_TANGO.xlsx,D-001:OPEN,status sin resolver
DQ-CATALOG-002:CATALOG_ITEM:MIGF-O-048:status,DQ-CATALOG-002,BLOCKER,CATALOG_ITEM,REVIEW,OWNER_DECISION_REQUIRED,CATALOG_ITEM,8a20349b-731c-408d-9d92-628414050727,WARNING,MIGF-O-048,Letrero acrílico,MIG1-CAT-002,Design_To_Go_Catalog_v1.2_RC_MANGO_TANGO.xlsx,D-001:OPEN,status sin resolver
DQ-CATALOG-002:CATALOG_ITEM:MIGF-O-049:status,DQ-CATALOG-002,BLOCKER,CATALOG_ITEM,REVIEW,OWNER_DECISION_REQUIRED,CATALOG_ITEM,481cfecb-f316-4ade-9ff5-210518637e73,WARNING,MIGF-O-049,Letrero espumado,MIG1-CAT-002,Design_To_Go_Catalog_v1.2_RC_MANGO_TANGO.xlsx,D-001:OPEN,status sin resolver
DQ-CATALOG-002:CATALOG_ITEM:MIGF-O-050:status,DQ-CATALOG-002,BLOCKER,CATALOG_ITEM,REVIEW,OWNER_DECISION_REQUIRED,CATALOG_ITEM,02f26b01-746d-498c-a9e4-db4e0150acb7,WARNING,MIGF-O-050,Letras dimensionales,MIG1-CAT-002,Design_To_Go_Catalog_v1.2_RC_MANGO_TANGO.xlsx,D-001:OPEN,status sin resolver
DQ-CATALOG-002:CATALOG_ITEM:MIGF-O-051:status,DQ-CATALOG-002,BLOCKER,CATALOG_ITEM,REVIEW,OWNER_DECISION_REQUIRED,CATALOG_ITEM,f470effa-3765-420c-ac37-76c5315cbf77,WARNING,MIGF-O-051,Letras 3D,MIG1-CAT-002,Design_To_Go_Catalog_v1.2_RC_MANGO_TANGO.xlsx,D-001:OPEN,status sin resolver
DQ-CATALOG-002:CATALOG_ITEM:MIGF-O-052:status,DQ-CATALOG-002,BLOCKER,CATALOG_ITEM,REVIEW,OWNER_DECISION_REQUIRED,CATALOG_ITEM,af852293-515d-40d8-a507-404edc919d9b,WARNING,MIGF-O-052,Neon Flex / neón frío,MIG1-CAT-002,Design_To_Go_Catalog_v1.2_RC_MANGO_TANGO.xlsx,D-001:OPEN,status sin resolver
DQ-CATALOG-002:CATALOG_ITEM:MIGF-O-053:status,DQ-CATALOG-002,BLOCKER,CATALOG_ITEM,REVIEW,OWNER_DECISION_REQUIRED,CATALOG_ITEM,64d172d6-0f60-4889-8b81-7b94027a6a75,WARNING,MIGF-O-053,Channel Letters,MIG1-CAT-002,Design_To_Go_Catalog_v1.2_RC_MANGO_TANGO.xlsx,D-001:OPEN,status sin resolver
DQ-CATALOG-002:CATALOG_ITEM:MIGF-O-054:status,DQ-CATALOG-002,BLOCKER,CATALOG_ITEM,REVIEW,OWNER_DECISION_REQUIRED,CATALOG_ITEM,ec5cb9f1-9901-4734-a275-c2f6f04a5f1c,WARNING,MIGF-O-054,Caja de luz,MIG1-CAT-002,Design_To_Go_Catalog_v1.2_RC_MANGO_TANGO.xlsx,D-001:OPEN,status sin resolver
DQ-CATALOG-002:CATALOG_ITEM:MIGF-O-055:status,DQ-CATALOG-002,BLOCKER,CATALOG_ITEM,REVIEW,OWNER_DECISION_REQUIRED,CATALOG_ITEM,a4cf2269-689c-45f7-b2a3-cb123e504b49,WARNING,MIGF-O-055,Letras iluminadas,MIG1-CAT-002,Design_To_Go_Catalog_v1.2_RC_MANGO_TANGO.xlsx,D-001:OPEN,status sin resolver
DQ-CATALOG-002:CATALOG_ITEM:MIGF-O-056:status,DQ-CATALOG-002,BLOCKER,CATALOG_ITEM,REVIEW,OWNER_DECISION_REQUIRED,CATALOG_ITEM,1bc31cc1-0713-450b-b6bc-4998560419a3,WARNING,MIGF-O-056,Señalización interior,MIG1-CAT-002,Design_To_Go_Catalog_v1.2_RC_MANGO_TANGO.xlsx,D-001:OPEN,status sin resolver
DQ-CATALOG-002:CATALOG_ITEM:MIGF-O-057:status,DQ-CATALOG-002,BLOCKER,CATALOG_ITEM,REVIEW,OWNER_DECISION_REQUIRED,CATALOG_ITEM,4bd877ed-f1a8-43df-9bee-9884c7b1a864,WARNING,MIGF-O-057,Señalización exterior,MIG1-CAT-002,Design_To_Go_Catalog_v1.2_RC_MANGO_TANGO.xlsx,D-001:OPEN,status sin resolver
DQ-CATALOG-002:CATALOG_ITEM:MIGF-O-058:status,DQ-CATALOG-002,BLOCKER,CATALOG_ITEM,REVIEW,OWNER_DECISION_REQUIRED,CATALOG_ITEM,1acb7934-864b-4d6d-8b51-f13a59dbeaf8,WARNING,MIGF-O-058,Letrero corporativo,MIG1-CAT-002,Design_To_Go_Catalog_v1.2_RC_MANGO_TANGO.xlsx,D-001:OPEN,status sin resolver
DQ-CATALOG-002:CATALOG_ITEM:MIGF-O-059:status,DQ-CATALOG-002,BLOCKER,CATALOG_ITEM,REVIEW,OWNER_DECISION_REQUIRED,CATALOG_ITEM,8e0e07dc-5e32-40cb-9183-09dd0de96fa4,WARNING,MIGF-O-059,Directorio,MIG1-CAT-002,Design_To_Go_Catalog_v1.2_RC_MANGO_TANGO.xlsx,D-001:OPEN,status sin resolver
DQ-CATALOG-002:CATALOG_ITEM:MIGF-O-060:status,DQ-CATALOG-002,BLOCKER,CATALOG_ITEM,REVIEW,OWNER_DECISION_REQUIRED,CATALOG_ITEM,6f36b450-afea-4962-963f-6ca25b555b41,WARNING,MIGF-O-060,Placa señalética,MIG1-CAT-002,Design_To_Go_Catalog_v1.2_RC_MANGO_TANGO.xlsx,D-001:OPEN,status sin resolver
DQ-CATALOG-002:CATALOG_ITEM:MIGF-O-061:status,DQ-CATALOG-002,BLOCKER,CATALOG_ITEM,REVIEW,OWNER_DECISION_REQUIRED,CATALOG_ITEM,19a6a0f6-a5a6-427c-abf3-25fee4727802,WARNING,MIGF-O-061,Señalización comercial,MIG1-CAT-002,Design_To_Go_Catalog_v1.2_RC_MANGO_TANGO.xlsx,D-001:OPEN,status sin resolver
DQ-CATALOG-002:CATALOG_ITEM:MIGF-O-062:status,DQ-CATALOG-002,BLOCKER,CATALOG_ITEM,REVIEW,OWNER_DECISION_REQUIRED,CATALOG_ITEM,03738d35-6321-42b3-bfc0-dbf32e4e6a61,WARNING,MIGF-O-062,Señalización industrial,MIG1-CAT-002,Design_To_Go_Catalog_v1.2_RC_MANGO_TANGO.xlsx,D-001:OPEN,status sin resolver
DQ-CATALOG-002:CATALOG_ITEM:MIGF-O-063:status,DQ-CATALOG-002,BLOCKER,CATALOG_ITEM,REVIEW,OWNER_DECISION_REQUIRED,CATALOG_ITEM,75ff0cbc-3ead-470c-9306-2fdf91c1155e,WARNING,MIGF-O-063,Casco,MIGF-CAT-002,Design_To_Go_Catalog_v1.2_RC_MANGO_TANGO.xlsx,D-001:OPEN,status sin resolver
DQ-CATALOG-002:CATALOG_ITEM:MIGF-O-064:status,DQ-CATALOG-002,BLOCKER,CATALOG_ITEM,REVIEW,OWNER_DECISION_REQUIRED,CATALOG_ITEM,ecdbdd33-d541-47d1-b6cd-06acb5de64a0,WARNING,MIGF-O-064,Chaleco reflejante,MIGF-CAT-002,Design_To_Go_Catalog_v1.2_RC_MANGO_TANGO.xlsx,D-001:OPEN,status sin resolver
DQ-CATALOG-002:CATALOG_ITEM:MIGF-O-065:status,DQ-CATALOG-002,BLOCKER,CATALOG_ITEM,REVIEW,OWNER_DECISION_REQUIRED,CATALOG_ITEM,9bdde4b2-6498-4531-9277-b14cec72a263,WARNING,MIGF-O-065,Lentes de seguridad,MIGF-CAT-002,Design_To_Go_Catalog_v1.2_RC_MANGO_TANGO.xlsx,D-001:OPEN,status sin resolver
DQ-CATALOG-002:CATALOG_ITEM:MIGF-O-066:status,DQ-CATALOG-002,BLOCKER,CATALOG_ITEM,REVIEW,OWNER_DECISION_REQUIRED,CATALOG_ITEM,441b9cec-dab9-49b3-8a50-68b72968e1af,WARNING,MIGF-O-066,Guantes de seguridad,MIGF-CAT-002,Design_To_Go_Catalog_v1.2_RC_MANGO_TANGO.xlsx,D-001:OPEN,status sin resolver
DQ-CATALOG-002:CATALOG_ITEM:MIGF-O-067:status,DQ-CATALOG-002,BLOCKER,CATALOG_ITEM,REVIEW,OWNER_DECISION_REQUIRED,CATALOG_ITEM,3c329acd-56c7-4c3f-a199-6bc37e020e9a,WARNING,MIGF-O-067,Protección auditiva,MIGF-CAT-002,Design_To_Go_Catalog_v1.2_RC_MANGO_TANGO.xlsx,D-001:OPEN,status sin resolver
DQ-CATALOG-002:CATALOG_ITEM:MIGF-O-068:status,DQ-CATALOG-002,BLOCKER,CATALOG_ITEM,REVIEW,OWNER_DECISION_REQUIRED,CATALOG_ITEM,e2aa2bc8-91d0-412f-bec4-ac9cf2af7722,WARNING,MIGF-O-068,Mascarilla,MIGF-CAT-002,Design_To_Go_Catalog_v1.2_RC_MANGO_TANGO.xlsx,D-001:OPEN,status sin resolver
DQ-CATALOG-002:CATALOG_ITEM:MIGF-O-069:status,DQ-CATALOG-002,BLOCKER,CATALOG_ITEM,REVIEW,OWNER_DECISION_REQUIRED,CATALOG_ITEM,c821c28c-c31b-4ede-bf97-68cb2a910692,WARNING,MIGF-O-069,Respirador,MIGF-CAT-002,Design_To_Go_Catalog_v1.2_RC_MANGO_TANGO.xlsx,D-001:OPEN,status sin resolver
DQ-CATALOG-002:CATALOG_ITEM:MIGF-O-070:status,DQ-CATALOG-002,BLOCKER,CATALOG_ITEM,REVIEW,OWNER_DECISION_REQUIRED,CATALOG_ITEM,6f942ca8-f353-4a24-8f37-f46897a8dba8,WARNING,MIGF-O-070,Arnés,MIGF-CAT-002,Design_To_Go_Catalog_v1.2_RC_MANGO_TANGO.xlsx,D-001:OPEN,status sin resolver
DQ-CATALOG-002:CATALOG_ITEM:MIGF-O-071:status,DQ-CATALOG-002,BLOCKER,CATALOG_ITEM,REVIEW,OWNER_DECISION_REQUIRED,CATALOG_ITEM,a0fb5af4-91e0-465c-9cc8-764e51e76fd5,WARNING,MIGF-O-071,Cono de seguridad,MIGF-CAT-002,Design_To_Go_Catalog_v1.2_RC_MANGO_TANGO.xlsx,D-001:OPEN,status sin resolver
DQ-CATALOG-002:CATALOG_ITEM:MIGF-O-072:status,DQ-CATALOG-002,BLOCKER,CATALOG_ITEM,REVIEW,OWNER_DECISION_REQUIRED,CATALOG_ITEM,78ae8623-f7b6-487a-9266-865accdab2ef,WARNING,MIGF-O-072,Botiquín,MIGF-CAT-002,Design_To_Go_Catalog_v1.2_RC_MANGO_TANGO.xlsx,D-001:OPEN,status sin resolver
DQ-CATALOG-002:CATALOG_ITEM:MIGF-O-073:status,DQ-CATALOG-002,BLOCKER,CATALOG_ITEM,REVIEW,OWNER_DECISION_REQUIRED,CATALOG_ITEM,c25780d5-bb19-44e1-ae6e-f28d49c53604,WARNING,MIGF-O-073,Señalización de seguridad,MIGF-CAT-002,Design_To_Go_Catalog_v1.2_RC_MANGO_TANGO.xlsx,D-001:OPEN,status sin resolver
DQ-CATALOG-002:CATALOG_ITEM:MIGF-O-074:status,DQ-CATALOG-002,BLOCKER,CATALOG_ITEM,REVIEW,OWNER_DECISION_REQUIRED,CATALOG_ITEM,4626daa8-3c29-401d-b85b-319f6b8288fc,WARNING,MIGF-O-074,PPE personalizado,MIGF-CAT-002,Design_To_Go_Catalog_v1.2_RC_MANGO_TANGO.xlsx,D-001:OPEN,status sin resolver
DQ-CATALOG-002:CATALOG_ITEM:OWN-MT-O-001:status,DQ-CATALOG-002,BLOCKER,CATALOG_ITEM,REVIEW,OWNER_DECISION_REQUIRED,CATALOG_ITEM,17846daf-73a8-4f90-bd8b-4b1f70b78591,WARNING,OWN-MT-O-001,Camisa de vestir personalizada / woven shirt,MIG1-CAT-004,Design_To_Go_Catalog_v1.2_RC_MANGO_TANGO.xlsx,D-001:OPEN,status sin resolver
DQ-CATALOG-002:CATALOG_ITEM:OWN-MT-O-002:status,DQ-CATALOG-002,BLOCKER,CATALOG_ITEM,REVIEW,OWNER_DECISION_REQUIRED,CATALOG_ITEM,86531ac8-0220-406c-8311-04dac99f401e,WARNING,OWN-MT-O-002,Bata de laboratorio personalizada / lab coat,MIG1-CAT-004,Design_To_Go_Catalog_v1.2_RC_MANGO_TANGO.xlsx,D-001:OPEN,status sin resolver
DQ-CATALOG-002:CATALOG_ITEM:OWN-MT-O-003:status,DQ-CATALOG-002,BLOCKER,CATALOG_ITEM,REVIEW,OWNER_DECISION_REQUIRED,CATALOG_ITEM,4557ba5e-bd70-4292-b409-5022fc7370ec,WARNING,OWN-MT-O-003,Scrub top personalizado,MIG1-CAT-004,Design_To_Go_Catalog_v1.2_RC_MANGO_TANGO.xlsx,D-001:OPEN,status sin resolver
DQ-CATALOG-002:CATALOG_ITEM:OWN-MT-O-004:status,DQ-CATALOG-002,BLOCKER,CATALOG_ITEM,REVIEW,OWNER_DECISION_REQUIRED,CATALOG_ITEM,a2e1f427-9d92-4cb2-ac12-b51922366d6e,WARNING,OWN-MT-O-004,Scrub pants personalizado,MIG1-CAT-004,Design_To_Go_Catalog_v1.2_RC_MANGO_TANGO.xlsx,D-001:OPEN,status sin resolver
DQ-CATALOG-002:CATALOG_ITEM:OWN-MT-O-005:status,DQ-CATALOG-002,BLOCKER,CATALOG_ITEM,REVIEW,OWNER_DECISION_REQUIRED,CATALOG_ITEM,6e6fafc3-4e48-4efc-95b3-31028b341a03,WARNING,OWN-MT-O-005,Chaleco de trabajo personalizado,MIG1-CAT-004,Design_To_Go_Catalog_v1.2_RC_MANGO_TANGO.xlsx,D-001:OPEN,status sin resolver
DQ-CATALOG-002:CATALOG_ITEM:OWN-MT-O-006:status,DQ-CATALOG-002,BLOCKER,CATALOG_ITEM,REVIEW,OWNER_DECISION_REQUIRED,CATALOG_ITEM,0f5afd69-6002-430b-b5d6-4880e4adf106,WARNING,OWN-MT-O-006,Camisa de trabajo personalizada,MIG1-CAT-004,Design_To_Go_Catalog_v1.2_RC_MANGO_TANGO.xlsx,D-001:OPEN,status sin resolver
DQ-CATALOG-002:CATALOG_ITEM:OWN-MT-O-007:status,DQ-CATALOG-002,BLOCKER,CATALOG_ITEM,REVIEW,OWNER_DECISION_REQUIRED,CATALOG_ITEM,2855a621-1cc0-42dc-8090-7bb376da28e7,WARNING,OWN-MT-O-007,Pantalón de trabajo personalizado,MIG1-CAT-004,Design_To_Go_Catalog_v1.2_RC_MANGO_TANGO.xlsx,D-001:OPEN,status sin resolver
DQ-CATALOG-002:CATALOG_ITEM:OWN-MT-O-008:status,DQ-CATALOG-002,BLOCKER,CATALOG_ITEM,REVIEW,OWNER_DECISION_REQUIRED,CATALOG_ITEM,66a79226-d85e-447a-96c0-1fc0ecf80d8c,WARNING,OWN-MT-O-008,Overol personalizado,MIG1-CAT-004,Design_To_Go_Catalog_v1.2_RC_MANGO_TANGO.xlsx,D-001:OPEN,status sin resolver
DQ-CATALOG-002:CATALOG_ITEM:OWN-MT-O-009:status,DQ-CATALOG-002,BLOCKER,CATALOG_ITEM,REVIEW,OWNER_DECISION_REQUIRED,CATALOG_ITEM,7654e426-b97f-43d9-adb8-8178a37771f1,WARNING,OWN-MT-O-009,Chamarra / abrigo de trabajo personalizado,MIG1-CAT-004,Design_To_Go_Catalog_v1.2_RC_MANGO_TANGO.xlsx,D-001:OPEN,status sin resolver
DQ-CATALOG-002:CATALOG_ITEM:OWN-MT-O-010:status,DQ-CATALOG-002,BLOCKER,CATALOG_ITEM,REVIEW,OWNER_DECISION_REQUIRED,CATALOG_ITEM,49472b24-621a-40a4-8c5c-4e245cc935a9,WARNING,OWN-MT-O-010,Filipina de chef / chef coat personalizada,MIG1-CAT-004,Design_To_Go_Catalog_v1.2_RC_MANGO_TANGO.xlsx,D-001:OPEN,status sin resolver
DQ-CATALOG-002:CATALOG_ITEM:OWN-MT-O-011:status,DQ-CATALOG-002,BLOCKER,CATALOG_ITEM,REVIEW,OWNER_DECISION_REQUIRED,CATALOG_ITEM,a073731d-7c87-4187-9ebc-0f8f61a273d6,WARNING,OWN-MT-O-011,Jersey deportivo personalizable,MIG1-CAT-004,Design_To_Go_Catalog_v1.2_RC_MANGO_TANGO.xlsx,D-001:OPEN,status sin resolver
DQ-CATALOG-002:CATALOG_ITEM:OWN-MT-O-012:status,DQ-CATALOG-002,BLOCKER,CATALOG_ITEM,REVIEW,OWNER_DECISION_REQUIRED,CATALOG_ITEM,96997496-3b5c-415e-aabf-6006dae35724,WARNING,OWN-MT-O-012,Cobija personalizada / sublimada,MIG1-CAT-004,Design_To_Go_Catalog_v1.2_RC_MANGO_TANGO.xlsx,D-001:OPEN,status sin resolver
DQ-CATALOG-002:CATALOG_ITEM:OWN-MT-O-013:status,DQ-CATALOG-002,BLOCKER,CATALOG_ITEM,REVIEW,OWNER_DECISION_REQUIRED,CATALOG_ITEM,20dc850f-4bd6-4c9d-a850-3d23d4f0a29b,WARNING,OWN-MT-O-013,Ropa personalizada para mascotas,MIG1-CAT-004,Design_To_Go_Catalog_v1.2_RC_MANGO_TANGO.xlsx,D-001:OPEN,status sin resolver
DQ-CATALOG-002:CATALOG_ITEM:OWN-MT-O-014:status,DQ-CATALOG-002,BLOCKER,CATALOG_ITEM,REVIEW,OWNER_DECISION_REQUIRED,CATALOG_ITEM,c2460b09-c834-4ac1-ba61-f80b00c8250a,WARNING,OWN-MT-O-014,Beanie personalizado,MIG2-CAT-002,Design_To_Go_Catalog_v1.2_RC_MANGO_TANGO.xlsx,D-001:OPEN,status sin resolver
DQ-CATALOG-002:CATALOG_ITEM:OWN-MT-O-015:status,DQ-CATALOG-002,BLOCKER,CATALOG_ITEM,REVIEW,OWNER_DECISION_REQUIRED,CATALOG_ITEM,2c7ac135-fc93-40f9-b202-fd792da5443f,WARNING,OWN-MT-O-015,Bucket hat personalizado,MIG2-CAT-002,Design_To_Go_Catalog_v1.2_RC_MANGO_TANGO.xlsx,D-001:OPEN,status sin resolver
DQ-CATALOG-002:CATALOG_ITEM:OWN-MT-O-016:status,DQ-CATALOG-002,BLOCKER,CATALOG_ITEM,REVIEW,OWNER_DECISION_REQUIRED,CATALOG_ITEM,81952517-803d-489e-981c-a7085117de49,WARNING,OWN-MT-O-016,Visor personalizado,MIG2-CAT-002,Design_To_Go_Catalog_v1.2_RC_MANGO_TANGO.xlsx,D-001:OPEN,status sin resolver
DQ-CATALOG-002:CATALOG_ITEM:OWN-MT-O-017:status,DQ-CATALOG-002,BLOCKER,CATALOG_ITEM,REVIEW,OWNER_DECISION_REQUIRED,CATALOG_ITEM,9467b333-f35b-413d-9eae-8fd022abcc47,WARNING,OWN-MT-O-017,Protección solar para cabeza / sun shield,MIG2-CAT-002,Design_To_Go_Catalog_v1.2_RC_MANGO_TANGO.xlsx,D-001:OPEN,status sin resolver
DQ-CATALOG-002:CATALOG_ITEM:OWN-MT-O-018:status,DQ-CATALOG-002,BLOCKER,CATALOG_ITEM,REVIEW,OWNER_DECISION_REQUIRED,CATALOG_ITEM,2dc6ff90-b27d-4971-8fe8-a6c1042c6e28,WARNING,OWN-MT-O-018,Capucha acoplable / snap-on hood,MIG2-CAT-002,Design_To_Go_Catalog_v1.2_RC_MANGO_TANGO.xlsx,D-001:OPEN,status sin resolver
DQ-CATALOG-002:CATALOG_ITEM:OWN-MT-O-019:status,DQ-CATALOG-002,BLOCKER,CATALOG_ITEM,REVIEW,OWNER_DECISION_REQUIRED,CATALOG_ITEM,d50078f7-d0c7-4845-9f51-cb00c1032220,WARNING,OWN-MT-O-019,Balaclava personalizable,MIG2-CAT-002,Design_To_Go_Catalog_v1.2_RC_MANGO_TANGO.xlsx,D-001:OPEN,status sin resolver
DQ-CATALOG-002:CATALOG_ITEM:OWN-MT-O-020:status,DQ-CATALOG-002,BLOCKER,CATALOG_ITEM,REVIEW,OWNER_DECISION_REQUIRED,CATALOG_ITEM,68ddcc88-5d87-4a36-b1bb-473a4c3dd484,WARNING,OWN-MT-O-020,Gorro de chef / chef hat,MIG2-CAT-002,Design_To_Go_Catalog_v1.2_RC_MANGO_TANGO.xlsx,D-001:OPEN,status sin resolver
DQ-CATALOG-002:CATALOG_ITEM:OWN-MT-O-021:status,DQ-CATALOG-002,BLOCKER,CATALOG_ITEM,REVIEW,OWNER_DECISION_REQUIRED,CATALOG_ITEM,2d02d651-59cf-4a96-922a-62216624e974,WARNING,OWN-MT-O-021,Gorra de cocina / kitchen cap,MIG2-CAT-002,Design_To_Go_Catalog_v1.2_RC_MANGO_TANGO.xlsx,D-001:OPEN,status sin resolver
DQ-CATALOG-002:CATALOG_ITEM:OWN-MT-O-022:status,DQ-CATALOG-002,BLOCKER,CATALOG_ITEM,REVIEW,OWNER_DECISION_REQUIRED,CATALOG_ITEM,02bbcdc0-4f2e-4ab0-9bee-b6136f6d7676,WARNING,OWN-MT-O-022,Mochila personalizable / backpack,MIG1-CAT-004,Design_To_Go_Catalog_v1.2_RC_MANGO_TANGO.xlsx,D-001:OPEN,status sin resolver
DQ-CATALOG-002:CATALOG_ITEM:OWN-MT-O-023:status,DQ-CATALOG-002,BLOCKER,CATALOG_ITEM,REVIEW,OWNER_DECISION_REQUIRED,CATALOG_ITEM,efe5b98a-19c7-4bd3-9f2a-6be45aee9f69,WARNING,OWN-MT-O-023,Duffel bag personalizada,MIG1-CAT-004,Design_To_Go_Catalog_v1.2_RC_MANGO_TANGO.xlsx,D-001:OPEN,status sin resolver
DQ-CATALOG-002:CATALOG_ITEM:OWN-MT-O-024:status,DQ-CATALOG-002,BLOCKER,CATALOG_ITEM,REVIEW,OWNER_DECISION_REQUIRED,CATALOG_ITEM,5718d276-5cf6-4059-8b44-f033d8ef0c1f,WARNING,OWN-MT-O-024,Cooler bag personalizada,MIG1-CAT-004,Design_To_Go_Catalog_v1.2_RC_MANGO_TANGO.xlsx,D-001:OPEN,status sin resolver
DQ-CATALOG-002:CATALOG_ITEM:OWN-MT-O-025:status,DQ-CATALOG-002,BLOCKER,CATALOG_ITEM,REVIEW,OWNER_DECISION_REQUIRED,CATALOG_ITEM,690b74e8-2fcd-4463-87a5-4d93f9849cf3,WARNING,OWN-MT-O-025,Toalla personalizada,MIG1-CAT-004,Design_To_Go_Catalog_v1.2_RC_MANGO_TANGO.xlsx,D-001:OPEN,status sin resolver
DQ-CATALOG-002:CATALOG_ITEM:OWN-MT-O-026:status,DQ-CATALOG-002,BLOCKER,CATALOG_ITEM,REVIEW,OWNER_DECISION_REQUIRED,CATALOG_ITEM,01a87fc1-105a-4dbf-9cb4-e576f633e39b,WARNING,OWN-MT-O-026,Bandana personalizada,MIG1-CAT-004,Design_To_Go_Catalog_v1.2_RC_MANGO_TANGO.xlsx,D-001:OPEN,status sin resolver
DQ-CATALOG-002:CATALOG_ITEM:OWN-MT-O-027:status,DQ-CATALOG-002,BLOCKER,CATALOG_ITEM,REVIEW,OWNER_DECISION_REQUIRED,CATALOG_ITEM,42b51470-c717-455b-85e5-81a13c363dc2,WARNING,OWN-MT-O-027,Sandalias / chanclas personalizadas,MIG1-CAT-008,Design_To_Go_Catalog_v1.2_RC_MANGO_TANGO.xlsx,D-001:OPEN,status sin resolver
DQ-CATALOG-002:CATALOG_ITEM:OWN-MT-O-028:status,DQ-CATALOG-002,BLOCKER,CATALOG_ITEM,REVIEW,OWNER_DECISION_REQUIRED,CATALOG_ITEM,dd539f34-5014-4bfb-a07f-a9ce3ded8803,WARNING,OWN-MT-O-028,Mantel elástico / fitted personalizado,MIG1-CAT-008,Design_To_Go_Catalog_v1.2_RC_MANGO_TANGO.xlsx,D-001:OPEN,status sin resolver
DQ-CATALOG-002:CATALOG_ITEM:OWN-MT-O-029:status,DQ-CATALOG-002,BLOCKER,CATALOG_ITEM,REVIEW,OWNER_DECISION_REQUIRED,CATALOG_ITEM,5f57a36c-286e-428c-ad30-95df87ab5386,WARNING,OWN-MT-O-029,Decoración personalizada en MDF,MIG1-CAT-008,Design_To_Go_Catalog_v1.2_RC_MANGO_TANGO.xlsx,D-001:OPEN,status sin resolver
DQ-CATALOG-002:CATALOG_ITEM:OWN-MT-O-030:status,DQ-CATALOG-002,BLOCKER,CATALOG_ITEM,REVIEW,OWNER_DECISION_REQUIRED,CATALOG_ITEM,0c575c19-4dcf-453a-b0a8-29055a8ef531,WARNING,OWN-MT-O-030,Cake topper en MDF,MIG1-CAT-008,Design_To_Go_Catalog_v1.2_RC_MANGO_TANGO.xlsx,D-001:OPEN,status sin resolver
DQ-CATALOG-002:CATALOG_ITEM:OWN-MT-O-031:status,DQ-CATALOG-002,BLOCKER,CATALOG_ITEM,REVIEW,OWNER_DECISION_REQUIRED,CATALOG_ITEM,8db56005-b6e5-45a1-86cf-27ef574391e8,WARNING,OWN-MT-O-031,Centro de mesa en MDF,MIG1-CAT-008,Design_To_Go_Catalog_v1.2_RC_MANGO_TANGO.xlsx,D-001:OPEN,status sin resolver
DQ-CATALOG-002:CATALOG_ITEM:OWN-MT-O-032:status,DQ-CATALOG-002,BLOCKER,CATALOG_ITEM,REVIEW,OWNER_DECISION_REQUIRED,CATALOG_ITEM,4434bd26-29b5-4713-bf71-4846e46a078e,WARNING,OWN-MT-O-032,Set / kit de piezas MDF,MIG1-CAT-008,Design_To_Go_Catalog_v1.2_RC_MANGO_TANGO.xlsx,D-001:OPEN,status sin resolver
DQ-CATALOG-002:CATALOG_ITEM:OWN-MT-O-033:status,DQ-CATALOG-002,BLOCKER,CATALOG_ITEM,REVIEW,OWNER_DECISION_REQUIRED,CATALOG_ITEM,6d5b470b-7b1b-4e5b-a1f2-d6049d1b4d34,WARNING,OWN-MT-O-033,Servicio de corte láser MDF,MIG1-CAT-008,Design_To_Go_Catalog_v1.2_RC_MANGO_TANGO.xlsx,D-001:OPEN,status sin resolver
DQ-CATALOG-002:CATALOG_ITEM:OWN-MT-O-034:status,DQ-CATALOG-002,BLOCKER,CATALOG_ITEM,REVIEW,OWNER_DECISION_REQUIRED,CATALOG_ITEM,b53b2462-e7c9-4f80-958a-b53a9ad02af5,WARNING,OWN-MT-O-034,Display de mesa de acrílico,MIG1-CAT-002,Design_To_Go_Catalog_v1.2_RC_MANGO_TANGO.xlsx,D-001:OPEN,status sin resolver
DQ-CATALOG-002:CATALOG_ITEM:OWN-MT-O-035:status,DQ-CATALOG-002,BLOCKER,CATALOG_ITEM,REVIEW,OWNER_DECISION_REQUIRED,CATALOG_ITEM,59155801-6459-43e1-b7bc-c03f322e5560,WARNING,OWN-MT-O-035,Nombre / plaquita personalizada de acrílico,MIG1-CAT-002,Design_To_Go_Catalog_v1.2_RC_MANGO_TANGO.xlsx,D-001:OPEN,status sin resolver
DQ-CATALOG-002:CATALOG_ITEM:OWN-MT-O-036:status,DQ-CATALOG-002,BLOCKER,CATALOG_ITEM,REVIEW,OWNER_DECISION_REQUIRED,CATALOG_ITEM,95768ea1-86a9-4937-970c-161a2710cdc0,WARNING,OWN-MT-O-036,Centro de mesa de acrílico,MIG1-CAT-002,Design_To_Go_Catalog_v1.2_RC_MANGO_TANGO.xlsx,D-001:OPEN,status sin resolver
DQ-CATALOG-002:CATALOG_ITEM:OWN-MT-O-037:status,DQ-CATALOG-002,BLOCKER,CATALOG_ITEM,REVIEW,OWNER_DECISION_REQUIRED,CATALOG_ITEM,5c0ce3ce-5e3f-43e9-9273-22943bd72161,WARNING,OWN-MT-O-037,Pieza acrílica para libro de firmas / guest book,MIG1-CAT-002,Design_To_Go_Catalog_v1.2_RC_MANGO_TANGO.xlsx,D-001:OPEN,status sin resolver
DQ-CATALOG-002:CATALOG_ITEM:OWN-MT-O-038:status,DQ-CATALOG-002,BLOCKER,CATALOG_ITEM,REVIEW,OWNER_DECISION_REQUIRED,CATALOG_ITEM,58b63316-3b9c-490a-940a-63094befb7e1,WARNING,OWN-MT-O-038,Imán personalizado de acrílico,MIG1-CAT-002,Design_To_Go_Catalog_v1.2_RC_MANGO_TANGO.xlsx,D-001:OPEN,status sin resolver
DQ-CATALOG-002:CATALOG_ITEM:OWN-MT-O-039:status,DQ-CATALOG-002,BLOCKER,CATALOG_ITEM,REVIEW,OWNER_DECISION_REQUIRED,CATALOG_ITEM,dfd8cb37-d8c4-46a1-ad93-3a1c12091cab,WARNING,OWN-MT-O-039,Ornamento / adorno colgante acrílico,MIG1-CAT-002,Design_To_Go_Catalog_v1.2_RC_MANGO_TANGO.xlsx,D-001:OPEN,status sin resolver
DQ-CATALOG-002:CATALOG_ITEM:OWN-MT-O-040:status,DQ-CATALOG-002,BLOCKER,CATALOG_ITEM,REVIEW,OWNER_DECISION_REQUIRED,CATALOG_ITEM,12e5a82d-0d09-42a8-8778-e625d2fc1d84,WARNING,OWN-MT-O-040,Medalla personalizada de acrílico,MIG1-CAT-002,Design_To_Go_Catalog_v1.2_RC_MANGO_TANGO.xlsx,D-001:OPEN,status sin resolver
DQ-CATALOG-002:CATALOG_ITEM:OWN-MT-O-041:status,DQ-CATALOG-002,BLOCKER,CATALOG_ITEM,REVIEW,OWNER_DECISION_REQUIRED,CATALOG_ITEM,f43778fe-9870-4a7a-a3fe-f01d26e99984,WARNING,OWN-MT-O-041,Trofeo personalizado de acrílico,MIG1-CAT-002,Design_To_Go_Catalog_v1.2_RC_MANGO_TANGO.xlsx,D-001:OPEN,status sin resolver
DQ-CATALOG-002:CATALOG_ITEM:OWN-MT-O-042:status,DQ-CATALOG-002,BLOCKER,CATALOG_ITEM,REVIEW,OWNER_DECISION_REQUIRED,CATALOG_ITEM,ff1c19fe-c7a8-4fd7-86b2-5fa817ad39b6,WARNING,OWN-MT-O-042,Taza mágica personalizada,MIG1-CAT-005,Design_To_Go_Catalog_v1.2_RC_MANGO_TANGO.xlsx,D-001:OPEN,status sin resolver
DQ-CATALOG-002:CATALOG_ITEM:OWN-MT-O-043:status,DQ-CATALOG-002,BLOCKER,CATALOG_ITEM,REVIEW,OWNER_DECISION_REQUIRED,CATALOG_ITEM,d5ddb604-efb5-4ba3-9f4c-a911bfd303ac,WARNING,OWN-MT-O-043,Skinny cup plástico estándar,MIG1-CAT-005,Design_To_Go_Catalog_v1.2_RC_MANGO_TANGO.xlsx,D-001:OPEN,status sin resolver
DQ-CATALOG-002:CATALOG_ITEM:OWN-MT-O-044:status,DQ-CATALOG-002,BLOCKER,CATALOG_ITEM,REVIEW,OWNER_DECISION_REQUIRED,CATALOG_ITEM,72c3db49-44bc-44d5-8214-3c6df30a5238,WARNING,OWN-MT-O-044,Skinny cup plástico premium grueso rubberized,MIG1-CAT-005,Design_To_Go_Catalog_v1.2_RC_MANGO_TANGO.xlsx,D-001:OPEN,status sin resolver
DQ-CATALOG-002:CATALOG_ITEM:OWN-MT-O-045:status,DQ-CATALOG-002,BLOCKER,CATALOG_ITEM,REVIEW,OWNER_DECISION_REQUIRED,CATALOG_ITEM,2c24aee9-f9f7-4a30-96a5-5374fbd7d31b,WARNING,OWN-MT-O-045,Hoja de Coroplast Multi-Cut / múltiples piezas,MIG1-CAT-002,Design_To_Go_Catalog_v1.2_RC_MANGO_TANGO.xlsx,D-001:OPEN,status sin resolver
DQ-CATALOG-002:CATALOG_ITEM:OWN-MT-O-046:status,DQ-CATALOG-002,BLOCKER,CATALOG_ITEM,REVIEW,OWNER_DECISION_REQUIRED,CATALOG_ITEM,eab6f3be-708b-43f7-b330-d3200c4991c0,WARNING,OWN-MT-O-046,Periódico personalizado para eventos,MIG1-CAT-006,Design_To_Go_Catalog_v1.2_RC_MANGO_TANGO.xlsx,D-001:OPEN,status sin resolver
DQ-CATALOG-002:CATALOG_ITEM:OWN-O-001:status,DQ-CATALOG-002,BLOCKER,CATALOG_ITEM,REVIEW,OWNER_DECISION_REQUIRED,CATALOG_ITEM,2b2b05c3-1161-4560-b41b-43c6a57e0120,WARNING,OWN-O-001,Zip hoodie — capucha con cierre,MIG1-CAT-004,Design_To_Go_Catalog_v1.2_RC_MANGO_TANGO.xlsx,D-001:OPEN,status sin resolver
DQ-CATALOG-002:CATALOG_ITEM:OWN-O-007:status,DQ-CATALOG-002,BLOCKER,CATALOG_ITEM,REVIEW,OWNER_DECISION_REQUIRED,CATALOG_ITEM,edac6a4e-9d9d-4281-98c0-df6a8490cf6e,WARNING,OWN-O-007,Invitación formal,MIG1-CAT-006,Design_To_Go_Catalog_v1.2_RC_MANGO_TANGO.xlsx,D-001:OPEN,status sin resolver
DQ-CATALOG-002:CATALOG_ITEM:OWN-O-008:status,DQ-CATALOG-002,BLOCKER,CATALOG_ITEM,REVIEW,OWNER_DECISION_REQUIRED,CATALOG_ITEM,684a0976-9177-43ec-b03d-5d14a9031c4f,WARNING,OWN-O-008,Invitación casual,MIG1-CAT-006,Design_To_Go_Catalog_v1.2_RC_MANGO_TANGO.xlsx,D-001:OPEN,status sin resolver
DQ-CATALOG-002:CATALOG_ITEM:OWN-O-009:status,DQ-CATALOG-002,BLOCKER,CATALOG_ITEM,REVIEW,OWNER_DECISION_REQUIRED,CATALOG_ITEM,0c5e4f00-8ebc-4f53-ab3d-c7b95debc4ed,WARNING,OWN-O-009,Diseño gráfico,MIG1-CAT-009,Design_To_Go_Catalog_v1.2_RC_MANGO_TANGO.xlsx,D-001:OPEN,status sin resolver
DQ-CATALOG-002:CATALOG_ITEM:OWN-O-010:status,DQ-CATALOG-002,BLOCKER,CATALOG_ITEM,REVIEW,OWNER_DECISION_REQUIRED,CATALOG_ITEM,c3c88f34-26b0-4eec-9be1-7481c650ac67,WARNING,OWN-O-010,Vectorización,MIG1-CAT-009,Design_To_Go_Catalog_v1.2_RC_MANGO_TANGO.xlsx,D-001:OPEN,status sin resolver
DQ-CATALOG-002:CATALOG_ITEM:OWN-O-011:status,DQ-CATALOG-002,BLOCKER,CATALOG_ITEM,REVIEW,OWNER_DECISION_REQUIRED,CATALOG_ITEM,404fbbc9-ac8c-4c6e-a87e-89e547b389a3,WARNING,OWN-O-011,Diseño de logotipo,MIG1-CAT-009,Design_To_Go_Catalog_v1.2_RC_MANGO_TANGO.xlsx,D-001:OPEN,status sin resolver
DQ-CATALOG-002:CATALOG_ITEM:OWN-O-012:status,DQ-CATALOG-002,BLOCKER,CATALOG_ITEM,REVIEW,OWNER_DECISION_REQUIRED,CATALOG_ITEM,c9b7af1b-5385-4bcc-b91a-45975a3e6071,WARNING,OWN-O-012,Identidad de marca / imagen corporativa,MIG1-CAT-009,Design_To_Go_Catalog_v1.2_RC_MANGO_TANGO.xlsx,D-001:OPEN,status sin resolver
DQ-CATALOG-002:CATALOG_ITEM:OWN-O-013:status,DQ-CATALOG-002,BLOCKER,CATALOG_ITEM,REVIEW,OWNER_DECISION_REQUIRED,CATALOG_ITEM,85e0dbbd-0891-4e56-a276-9500e419d2a8,WARNING,OWN-O-013,Invitaciones digitales,MIG1-CAT-009,Design_To_Go_Catalog_v1.2_RC_MANGO_TANGO.xlsx,D-001:OPEN,status sin resolver
DQ-CATALOG-002:CATALOG_ITEM:OWN-O-014:status,DQ-CATALOG-002,BLOCKER,CATALOG_ITEM,REVIEW,OWNER_DECISION_REQUIRED,CATALOG_ITEM,ca2963da-123a-4553-a7c7-046eaaa2e76c,WARNING,OWN-O-014,Creación de sitios web,MIG1-CAT-009,Design_To_Go_Catalog_v1.2_RC_MANGO_TANGO.xlsx,D-001:OPEN,status sin resolver
DQ-CATALOG-002:CATALOG_ITEM:OWN-O-015:status,DQ-CATALOG-002,BLOCKER,CATALOG_ITEM,REVIEW,OWNER_DECISION_REQUIRED,CATALOG_ITEM,9bdf551e-2568-4134-8304-373c2ffff690,WARNING,OWN-O-015,Creación de CRM,MIG1-CAT-009,Design_To_Go_Catalog_v1.2_RC_MANGO_TANGO.xlsx,D-001:OPEN,status sin resolver
DQ-CATALOG-002:CATALOG_ITEM:OWN-O-016:status,DQ-CATALOG-002,BLOCKER,CATALOG_ITEM,REVIEW,OWNER_DECISION_REQUIRED,CATALOG_ITEM,81693bd6-b476-41a3-b77c-c50e36be1eaf,WARNING,OWN-O-016,Desarrollo de software,MIG1-CAT-009,Design_To_Go_Catalog_v1.2_RC_MANGO_TANGO.xlsx,D-001:OPEN,status sin resolver
DQ-CATALOG-002:CATALOG_ITEM:OWN-O-017:status,DQ-CATALOG-002,BLOCKER,CATALOG_ITEM,REVIEW,OWNER_DECISION_REQUIRED,CATALOG_ITEM,9b7aa208-51e1-49d4-b3fe-c964a04f9c96,WARNING,OWN-O-017,Automatización y servicios digitales,MIG1-CAT-009,Design_To_Go_Catalog_v1.2_RC_MANGO_TANGO.xlsx,D-001:OPEN,status sin resolver
DQ-CATALOG-003:CATALOG_ITEM:MIG1-O-010:saleUnit,DQ-CATALOG-003,BLOCKER,CATALOG_ITEM,DOMAIN,OWNER_DECISION_REQUIRED,CATALOG_ITEM,b601acb7-97bb-4a51-886d-010538a41584,WARNING,MIG1-O-010,Stickers de vinil,MIG1-CAT-007,Design_To_Go_Catalog_v1.2_RC_MANGO_TANGO.xlsx,D-002:OPEN,unidad de venta no definida
DQ-CATALOG-003:CATALOG_ITEM:MIG1-O-014:saleUnit,DQ-CATALOG-003,BLOCKER,CATALOG_ITEM,DOMAIN,OWNER_DECISION_REQUIRED,CATALOG_ITEM,b9331af8-10b3-44d6-9f73-278a7d9f818f,WARNING,MIG1-O-014,Letrero plano,MIG1-CAT-002,Design_To_Go_Catalog_v1.2_RC_MANGO_TANGO.xlsx,D-002:OPEN,unidad de venta no definida
DQ-CATALOG-003:CATALOG_ITEM:MIG1-O-015:saleUnit,DQ-CATALOG-003,BLOCKER,CATALOG_ITEM,DOMAIN,OWNER_DECISION_REQUIRED,CATALOG_ITEM,382d40d2-fdb3-4b8a-a583-5c6dfc029e95,WARNING,MIG1-O-015,DTF Transfers individuales,,Design_To_Go_Catalog_v1.2_RC_MANGO_TANGO.xlsx,D-002:OPEN,unidad de venta no definida
DQ-CATALOG-003:CATALOG_ITEM:MIG1-O-016:saleUnit,DQ-CATALOG-003,BLOCKER,CATALOG_ITEM,DOMAIN,OWNER_DECISION_REQUIRED,CATALOG_ITEM,c2f7ad6a-fa58-440b-8265-64292279476b,WARNING,MIG1-O-016,DTF Gang Sheets,,Design_To_Go_Catalog_v1.2_RC_MANGO_TANGO.xlsx,D-002:OPEN,unidad de venta no definida
DQ-CATALOG-003:CATALOG_ITEM:MIG1-O-017:saleUnit,DQ-CATALOG-003,BLOCKER,CATALOG_ITEM,DOMAIN,OWNER_DECISION_REQUIRED,CATALOG_ITEM,39428c80-5c5a-4bc4-be3a-327b282dce8f,WARNING,MIG1-O-017,Playera full print sublimada,,Design_To_Go_Catalog_v1.2_RC_MANGO_TANGO.xlsx,D-002:OPEN,unidad de venta no definida
DQ-CATALOG-003:CATALOG_ITEM:MIG1-O-018:saleUnit,DQ-CATALOG-003,BLOCKER,CATALOG_ITEM,DOMAIN,OWNER_DECISION_REQUIRED,CATALOG_ITEM,6fde55d7-598c-48aa-88a7-5a707a946031,WARNING,MIG1-O-018,Aplicación DTF sobre prenda del cliente,,Design_To_Go_Catalog_v1.2_RC_MANGO_TANGO.xlsx,D-002:OPEN,unidad de venta no definida
DQ-CATALOG-003:CATALOG_ITEM:MIG1-O-019:saleUnit,DQ-CATALOG-003,BLOCKER,CATALOG_ITEM,DOMAIN,OWNER_DECISION_REQUIRED,CATALOG_ITEM,cda17586-7b04-44e1-a52b-b31554584d39,WARNING,MIG1-O-019,Rotulación vehicular,,Design_To_Go_Catalog_v1.2_RC_MANGO_TANGO.xlsx,D-002:OPEN,unidad de venta no definida
DQ-CATALOG-003:CATALOG_ITEM:MIG1-O-021:saleUnit,DQ-CATALOG-003,BLOCKER,CATALOG_ITEM,DOMAIN,OWNER_DECISION_REQUIRED,CATALOG_ITEM,a2b0293f-ee5f-4fa0-85e5-618eb393b2bb,WARNING,MIG1-O-021,Hardware / stand de X-Banner por separado,,Design_To_Go_Catalog_v1.2_RC_MANGO_TANGO.xlsx,D-002:OPEN,unidad de venta no definida
DQ-CATALOG-003:CATALOG_ITEM:MIG2-O-005:saleUnit,DQ-CATALOG-003,BLOCKER,CATALOG_ITEM,DOMAIN,OWNER_DECISION_REQUIRED,CATALOG_ITEM,5c05990c-d896-466d-8a5f-876dcfa577b8,WARNING,MIG2-O-005,Vinil holográfico,MIG2-CAT-001,Design_To_Go_Catalog_v1.2_RC_MANGO_TANGO.xlsx,D-002:OPEN,unidad de venta no definida
DQ-CATALOG-003:CATALOG_ITEM:MIG2-O-006:saleUnit,DQ-CATALOG-003,BLOCKER,CATALOG_ITEM,DOMAIN,OWNER_DECISION_REQUIRED,CATALOG_ITEM,bc7107ef-787c-4178-80c1-14b8af48fa64,WARNING,MIG2-O-006,Canvas imprimible,MIG1-CAT-001,Design_To_Go_Catalog_v1.2_RC_MANGO_TANGO.xlsx,D-002:OPEN,unidad de venta no definida
DQ-CATALOG-003:CATALOG_ITEM:MIG2-O-007:saleUnit,DQ-CATALOG-003,BLOCKER,CATALOG_ITEM,DOMAIN,OWNER_DECISION_REQUIRED,CATALOG_ITEM,09718f28-c8dc-4d54-acf6-2dd573256683,WARNING,MIG2-O-007,Tela sublimada,MIG1-CAT-001,Design_To_Go_Catalog_v1.2_RC_MANGO_TANGO.xlsx,D-002:OPEN,unidad de venta no definida
DQ-CATALOG-003:CATALOG_ITEM:MIG2-O-008:saleUnit,DQ-CATALOG-003,BLOCKER,CATALOG_ITEM,DOMAIN,OWNER_DECISION_REQUIRED,CATALOG_ITEM,1f7b99eb-1397-43bc-9849-93fcfe3e2f39,WARNING,MIG2-O-008,Tela para backdrop,MIG1-CAT-001,Design_To_Go_Catalog_v1.2_RC_MANGO_TANGO.xlsx,D-002:OPEN,unidad de venta no definida
DQ-CATALOG-003:CATALOG_ITEM:MIG2-O-009:saleUnit,DQ-CATALOG-003,BLOCKER,CATALOG_ITEM,DOMAIN,OWNER_DECISION_REQUIRED,CATALOG_ITEM,091b71ff-54af-4ca8-9052-1d2f2b15ae1b,WARNING,MIG2-O-009,PVC espumado,MIG1-CAT-002,Design_To_Go_Catalog_v1.2_RC_MANGO_TANGO.xlsx,D-002:OPEN,unidad de venta no definida
DQ-CATALOG-003:CATALOG_ITEM:MIG2-O-010:saleUnit,DQ-CATALOG-003,BLOCKER,CATALOG_ITEM,DOMAIN,OWNER_DECISION_REQUIRED,CATALOG_ITEM,dab2fc69-5bc5-4612-ba0a-bad23d14f65c,WARNING,MIG2-O-010,Foamboard,MIG1-CAT-002,Design_To_Go_Catalog_v1.2_RC_MANGO_TANGO.xlsx,D-002:OPEN,unidad de venta no definida
DQ-CATALOG-003:CATALOG_ITEM:MIG2-O-011:saleUnit,DQ-CATALOG-003,BLOCKER,CATALOG_ITEM,DOMAIN,OWNER_DECISION_REQUIRED,CATALOG_ITEM,df48f7ea-3f03-4c15-b5a3-496040a7c82f,WARNING,MIG2-O-011,Acrílico impreso,MIG1-CAT-002,Design_To_Go_Catalog_v1.2_RC_MANGO_TANGO.xlsx,D-002:OPEN,unidad de venta no definida
DQ-CATALOG-003:CATALOG_ITEM:MIG2-O-012:saleUnit,DQ-CATALOG-003,BLOCKER,CATALOG_ITEM,DOMAIN,OWNER_DECISION_REQUIRED,CATALOG_ITEM,08bf8cdb-01ed-47ff-868a-0b3757f1097d,WARNING,MIG2-O-012,ACM / aluminio compuesto,MIG1-CAT-002,Design_To_Go_Catalog_v1.2_RC_MANGO_TANGO.xlsx,D-002:OPEN,unidad de venta no definida
DQ-CATALOG-003:CATALOG_ITEM:MIG2-O-014:saleUnit,DQ-CATALOG-003,BLOCKER,CATALOG_ITEM,DOMAIN,BULK_RESOLVABLE,CATALOG_ITEM,b62f0ea2-c558-4c87-97c7-44e04d47e5c1,WARNING,MIG2-O-014,Coroplast por hoja,MIG1-CAT-002,Design_To_Go_Catalog_v1.2_RC_MANGO_TANGO.xlsx,,unidad de venta no definida
DQ-CATALOG-003:CATALOG_ITEM:MIG2-O-037:saleUnit,DQ-CATALOG-003,BLOCKER,CATALOG_ITEM,DOMAIN,OWNER_DECISION_REQUIRED,CATALOG_ITEM,7986a861-66d9-44bc-be34-cb8417fc01c7,WARNING,MIG2-O-037,Tabloides,MIG1-CAT-006,Design_To_Go_Catalog_v1.2_RC_MANGO_TANGO.xlsx,D-002:OPEN,unidad de venta no definida
DQ-CATALOG-003:CATALOG_ITEM:MIG2-O-038:saleUnit,DQ-CATALOG-003,BLOCKER,CATALOG_ITEM,DOMAIN,OWNER_DECISION_REQUIRED,CATALOG_ITEM,20392d5c-937a-43a6-b89a-2f28c355fba3,WARNING,MIG2-O-038,Posters,MIG1-CAT-006,Design_To_Go_Catalog_v1.2_RC_MANGO_TANGO.xlsx,D-002:OPEN,unidad de venta no definida
DQ-CATALOG-003:CATALOG_ITEM:MIG2-O-039:saleUnit,DQ-CATALOG-003,BLOCKER,CATALOG_ITEM,DOMAIN,OWNER_DECISION_REQUIRED,CATALOG_ITEM,5fa2a453-3877-4740-941d-4d2c0c511c12,WARNING,MIG2-O-039,Menús,MIG1-CAT-006,Design_To_Go_Catalog_v1.2_RC_MANGO_TANGO.xlsx,D-002:OPEN,unidad de venta no definida
DQ-CATALOG-003:CATALOG_ITEM:MIG2-O-040:saleUnit,DQ-CATALOG-003,BLOCKER,CATALOG_ITEM,DOMAIN,OWNER_DECISION_REQUIRED,CATALOG_ITEM,e5793b05-cd92-4337-b5c6-97c3ba9c1980,WARNING,MIG2-O-040,Postales,MIG1-CAT-006,Design_To_Go_Catalog_v1.2_RC_MANGO_TANGO.xlsx,D-002:OPEN,unidad de venta no definida
DQ-CATALOG-003:CATALOG_ITEM:MIG2-O-041:saleUnit,DQ-CATALOG-003,BLOCKER,CATALOG_ITEM,DOMAIN,OWNER_DECISION_REQUIRED,CATALOG_ITEM,8fabdca1-d5ac-4f90-82a7-2f00aa4ab832,WARNING,MIG2-O-041,Stickers de papel,MIG1-CAT-007,Design_To_Go_Catalog_v1.2_RC_MANGO_TANGO.xlsx,D-002:OPEN,unidad de venta no definida
DQ-CATALOG-003:CATALOG_ITEM:MIG2-O-042:saleUnit,DQ-CATALOG-003,BLOCKER,CATALOG_ITEM,DOMAIN,OWNER_DECISION_REQUIRED,CATALOG_ITEM,bc204dde-8aec-4a36-b565-20c84c10f85a,WARNING,MIG2-O-042,Stickers transparentes,MIG1-CAT-007,Design_To_Go_Catalog_v1.2_RC_MANGO_TANGO.xlsx,D-002:OPEN,unidad de venta no definida
DQ-CATALOG-003:CATALOG_ITEM:MIG2-O-043:saleUnit,DQ-CATALOG-003,BLOCKER,CATALOG_ITEM,DOMAIN,OWNER_DECISION_REQUIRED,CATALOG_ITEM,53cdb1a7-a42f-4d10-bb82-8cf6a5b6045b,WARNING,MIG2-O-043,Stickers holográficos,MIG1-CAT-007,Design_To_Go_Catalog_v1.2_RC_MANGO_TANGO.xlsx,D-002:OPEN,unidad de venta no definida
DQ-CATALOG-003:CATALOG_ITEM:MIG2-O-044:saleUnit,DQ-CATALOG-003,BLOCKER,CATALOG_ITEM,DOMAIN,OWNER_DECISION_REQUIRED,CATALOG_ITEM,b2f08397-b478-4c01-a1ef-14daf3ff85c5,WARNING,MIG2-O-044,Stickers reflectivos,MIG1-CAT-007,Design_To_Go_Catalog_v1.2_RC_MANGO_TANGO.xlsx,D-002:OPEN,unidad de venta no definida
DQ-CATALOG-003:CATALOG_ITEM:MIG2-O-045:saleUnit,DQ-CATALOG-003,BLOCKER,CATALOG_ITEM,DOMAIN,OWNER_DECISION_REQUIRED,CATALOG_ITEM,2ee59749-d24f-4c05-8cd7-fc50f8f21c7b,WARNING,MIG2-O-045,Etiquetas para productos,MIG1-CAT-007,Design_To_Go_Catalog_v1.2_RC_MANGO_TANGO.xlsx,D-002:OPEN,unidad de venta no definida
DQ-CATALOG-003:CATALOG_ITEM:MIG2-O-046:saleUnit,DQ-CATALOG-003,BLOCKER,CATALOG_ITEM,DOMAIN,OWNER_DECISION_REQUIRED,CATALOG_ITEM,05cfa0b6-4704-41c1-9aa6-c2bb75df7d2d,WARNING,MIG2-O-046,Tarjetas complementarias,MIG1-CAT-006,Design_To_Go_Catalog_v1.2_RC_MANGO_TANGO.xlsx,D-002:OPEN,unidad de venta no definida
DQ-CATALOG-003:CATALOG_ITEM:MIG2-O-047:saleUnit,DQ-CATALOG-003,BLOCKER,CATALOG_ITEM,DOMAIN,OWNER_DECISION_REQUIRED,CATALOG_ITEM,44b7c501-d106-4382-baef-c77bd3fdb0b3,WARNING,MIG2-O-047,Seating card / place card,MIG1-CAT-006,Design_To_Go_Catalog_v1.2_RC_MANGO_TANGO.xlsx,D-002:OPEN,unidad de venta no definida
DQ-CATALOG-003:CATALOG_ITEM:MIG2-O-048:saleUnit,DQ-CATALOG-003,BLOCKER,CATALOG_ITEM,DOMAIN,OWNER_DECISION_REQUIRED,CATALOG_ITEM,3909563a-f76f-4641-a5ed-90a90ce5f77f,WARNING,MIG2-O-048,Thank-you card,MIG1-CAT-006,Design_To_Go_Catalog_v1.2_RC_MANGO_TANGO.xlsx,D-002:OPEN,unidad de venta no definida
DQ-CATALOG-003:CATALOG_ITEM:MIG2-O-062:saleUnit,DQ-CATALOG-003,BLOCKER,CATALOG_ITEM,DOMAIN,OWNER_DECISION_REQUIRED,CATALOG_ITEM,aeea8ab3-ce88-4849-8320-28c55dd08c27,WARNING,MIG2-O-062,Bordado como servicio,,Design_To_Go_Catalog_v1.2_RC_MANGO_TANGO.xlsx,D-002:OPEN,unidad de venta no definida
DQ-CATALOG-003:CATALOG_ITEM:MIG2-O-063:saleUnit,DQ-CATALOG-003,BLOCKER,CATALOG_ITEM,DOMAIN,OWNER_DECISION_REQUIRED,CATALOG_ITEM,3abfd4ab-edb7-4ed8-973d-31628e2f6e67,WARNING,MIG2-O-063,Serigrafía como servicio,,Design_To_Go_Catalog_v1.2_RC_MANGO_TANGO.xlsx,D-002:OPEN,unidad de venta no definida
DQ-CATALOG-003:CATALOG_ITEM:MIG2-O-064:saleUnit,DQ-CATALOG-003,BLOCKER,CATALOG_ITEM,DOMAIN,OWNER_DECISION_REQUIRED,CATALOG_ITEM,82f475f1-6918-4115-b74b-268dee572cb0,WARNING,MIG2-O-064,Vinil textil / HTV como servicio,,Design_To_Go_Catalog_v1.2_RC_MANGO_TANGO.xlsx,D-002:OPEN,unidad de venta no definida
DQ-CATALOG-003:CATALOG_ITEM:MIGF-O-007:saleUnit,DQ-CATALOG-003,BLOCKER,CATALOG_ITEM,DOMAIN,OWNER_DECISION_REQUIRED,CATALOG_ITEM,c94b3955-e55a-4faa-8026-4db39af0ced2,WARNING,MIGF-O-007,Etiquetas especiales,MIG1-CAT-007,Design_To_Go_Catalog_v1.2_RC_MANGO_TANGO.xlsx,D-002:OPEN,unidad de venta no definida
DQ-CATALOG-003:CATALOG_ITEM:MIGF-O-008:saleUnit,DQ-CATALOG-003,BLOCKER,CATALOG_ITEM,DOMAIN,OWNER_DECISION_REQUIRED,CATALOG_ITEM,ba37a66e-7980-4b17-9706-73d8fab10398,WARNING,MIGF-O-008,Invitación sencilla,MIG1-CAT-006,Design_To_Go_Catalog_v1.2_RC_MANGO_TANGO.xlsx,D-002:OPEN,unidad de venta no definida
DQ-CATALOG-003:CATALOG_ITEM:MIGF-O-009:saleUnit,DQ-CATALOG-003,BLOCKER,CATALOG_ITEM,DOMAIN,OWNER_DECISION_REQUIRED,CATALOG_ITEM,5505fc33-a933-4065-b10c-4e5cfeeb1d8a,WARNING,MIGF-O-009,Invitación premium,MIG1-CAT-006,Design_To_Go_Catalog_v1.2_RC_MANGO_TANGO.xlsx,D-002:OPEN,unidad de venta no definida
DQ-CATALOG-003:CATALOG_ITEM:MIGF-O-010:saleUnit,DQ-CATALOG-003,BLOCKER,CATALOG_ITEM,DOMAIN,OWNER_DECISION_REQUIRED,CATALOG_ITEM,618a495c-470d-4100-8e3f-0b0518a61481,WARNING,MIGF-O-010,Invitación para evento,MIG1-CAT-006,Design_To_Go_Catalog_v1.2_RC_MANGO_TANGO.xlsx,D-002:OPEN,unidad de venta no definida
DQ-CATALOG-003:CATALOG_ITEM:MIGF-O-011:saleUnit,DQ-CATALOG-003,BLOCKER,CATALOG_ITEM,DOMAIN,OWNER_DECISION_REQUIRED,CATALOG_ITEM,e3026e0a-b066-4f7e-bfba-5cd4ee9303b4,WARNING,MIGF-O-011,Invitación con sobre,MIG1-CAT-006,Design_To_Go_Catalog_v1.2_RC_MANGO_TANGO.xlsx,D-002:OPEN,unidad de venta no definida
DQ-CATALOG-003:CATALOG_ITEM:MIGF-O-012:saleUnit,DQ-CATALOG-003,BLOCKER,CATALOG_ITEM,DOMAIN,OWNER_DECISION_REQUIRED,CATALOG_ITEM,09c5ec5c-1be5-4b4e-ae29-9888e511269f,WARNING,MIGF-O-012,Invitación con sello,MIG1-CAT-006,Design_To_Go_Catalog_v1.2_RC_MANGO_TANGO.xlsx,D-002:OPEN,unidad de venta no definida
DQ-CATALOG-003:CATALOG_ITEM:MIGF-O-013:saleUnit,DQ-CATALOG-003,BLOCKER,CATALOG_ITEM,DOMAIN,OWNER_DECISION_REQUIRED,CATALOG_ITEM,44d3971a-3fd5-436f-b566-88827a15afe6,WARNING,MIGF-O-013,Invitación con acrílico,MIG1-CAT-006,Design_To_Go_Catalog_v1.2_RC_MANGO_TANGO.xlsx,D-002:OPEN,unidad de venta no definida
DQ-CATALOG-003:CATALOG_ITEM:MIGF-O-014:saleUnit,DQ-CATALOG-003,BLOCKER,CATALOG_ITEM,DOMAIN,OWNER_DECISION_REQUIRED,CATALOG_ITEM,30f76c86-cbfe-4cde-8907-fbf2a7192b92,WARNING,MIGF-O-014,Invitación especial,MIG1-CAT-006,Design_To_Go_Catalog_v1.2_RC_MANGO_TANGO.xlsx,D-002:OPEN,unidad de venta no definida
DQ-CATALOG-003:CATALOG_ITEM:MIGF-O-015:saleUnit,DQ-CATALOG-003,BLOCKER,CATALOG_ITEM,DOMAIN,BULK_RESOLVABLE,CATALOG_ITEM,1c3ecbd6-ddf2-4721-8361-2a6111209c94,WARNING,MIGF-O-015,Imanes para vehículo — par de 2 × 1 ft,MIG1-CAT-009,Design_To_Go_Catalog_v1.2_RC_MANGO_TANGO.xlsx,,unidad de venta no definida
DQ-CATALOG-003:CATALOG_ITEM:MIGF-O-048:saleUnit,DQ-CATALOG-003,BLOCKER,CATALOG_ITEM,DOMAIN,OWNER_DECISION_REQUIRED,CATALOG_ITEM,8a20349b-731c-408d-9d92-628414050727,WARNING,MIGF-O-048,Letrero acrílico,MIG1-CAT-002,Design_To_Go_Catalog_v1.2_RC_MANGO_TANGO.xlsx,D-002:OPEN,unidad de venta no definida
DQ-CATALOG-003:CATALOG_ITEM:MIGF-O-049:saleUnit,DQ-CATALOG-003,BLOCKER,CATALOG_ITEM,DOMAIN,OWNER_DECISION_REQUIRED,CATALOG_ITEM,481cfecb-f316-4ade-9ff5-210518637e73,WARNING,MIGF-O-049,Letrero espumado,MIG1-CAT-002,Design_To_Go_Catalog_v1.2_RC_MANGO_TANGO.xlsx,D-002:OPEN,unidad de venta no definida
DQ-CATALOG-003:CATALOG_ITEM:MIGF-O-050:saleUnit,DQ-CATALOG-003,BLOCKER,CATALOG_ITEM,DOMAIN,OWNER_DECISION_REQUIRED,CATALOG_ITEM,02f26b01-746d-498c-a9e4-db4e0150acb7,WARNING,MIGF-O-050,Letras dimensionales,MIG1-CAT-002,Design_To_Go_Catalog_v1.2_RC_MANGO_TANGO.xlsx,D-002:OPEN,unidad de venta no definida
DQ-CATALOG-003:CATALOG_ITEM:MIGF-O-051:saleUnit,DQ-CATALOG-003,BLOCKER,CATALOG_ITEM,DOMAIN,OWNER_DECISION_REQUIRED,CATALOG_ITEM,f470effa-3765-420c-ac37-76c5315cbf77,WARNING,MIGF-O-051,Letras 3D,MIG1-CAT-002,Design_To_Go_Catalog_v1.2_RC_MANGO_TANGO.xlsx,D-002:OPEN,unidad de venta no definida
DQ-CATALOG-003:CATALOG_ITEM:MIGF-O-052:saleUnit,DQ-CATALOG-003,BLOCKER,CATALOG_ITEM,DOMAIN,OWNER_DECISION_REQUIRED,CATALOG_ITEM,af852293-515d-40d8-a507-404edc919d9b,WARNING,MIGF-O-052,Neon Flex / neón frío,MIG1-CAT-002,Design_To_Go_Catalog_v1.2_RC_MANGO_TANGO.xlsx,D-002:OPEN,unidad de venta no definida
DQ-CATALOG-003:CATALOG_ITEM:MIGF-O-053:saleUnit,DQ-CATALOG-003,BLOCKER,CATALOG_ITEM,DOMAIN,OWNER_DECISION_REQUIRED,CATALOG_ITEM,64d172d6-0f60-4889-8b81-7b94027a6a75,WARNING,MIGF-O-053,Channel Letters,MIG1-CAT-002,Design_To_Go_Catalog_v1.2_RC_MANGO_TANGO.xlsx,D-002:OPEN,unidad de venta no definida
DQ-CATALOG-003:CATALOG_ITEM:MIGF-O-054:saleUnit,DQ-CATALOG-003,BLOCKER,CATALOG_ITEM,DOMAIN,OWNER_DECISION_REQUIRED,CATALOG_ITEM,ec5cb9f1-9901-4734-a275-c2f6f04a5f1c,WARNING,MIGF-O-054,Caja de luz,MIG1-CAT-002,Design_To_Go_Catalog_v1.2_RC_MANGO_TANGO.xlsx,D-002:OPEN,unidad de venta no definida
DQ-CATALOG-003:CATALOG_ITEM:MIGF-O-055:saleUnit,DQ-CATALOG-003,BLOCKER,CATALOG_ITEM,DOMAIN,OWNER_DECISION_REQUIRED,CATALOG_ITEM,a4cf2269-689c-45f7-b2a3-cb123e504b49,WARNING,MIGF-O-055,Letras iluminadas,MIG1-CAT-002,Design_To_Go_Catalog_v1.2_RC_MANGO_TANGO.xlsx,D-002:OPEN,unidad de venta no definida
DQ-CATALOG-003:CATALOG_ITEM:MIGF-O-056:saleUnit,DQ-CATALOG-003,BLOCKER,CATALOG_ITEM,DOMAIN,OWNER_DECISION_REQUIRED,CATALOG_ITEM,1bc31cc1-0713-450b-b6bc-4998560419a3,WARNING,MIGF-O-056,Señalización interior,MIG1-CAT-002,Design_To_Go_Catalog_v1.2_RC_MANGO_TANGO.xlsx,D-002:OPEN,unidad de venta no definida
DQ-CATALOG-003:CATALOG_ITEM:MIGF-O-057:saleUnit,DQ-CATALOG-003,BLOCKER,CATALOG_ITEM,DOMAIN,OWNER_DECISION_REQUIRED,CATALOG_ITEM,4bd877ed-f1a8-43df-9bee-9884c7b1a864,WARNING,MIGF-O-057,Señalización exterior,MIG1-CAT-002,Design_To_Go_Catalog_v1.2_RC_MANGO_TANGO.xlsx,D-002:OPEN,unidad de venta no definida
DQ-CATALOG-003:CATALOG_ITEM:MIGF-O-058:saleUnit,DQ-CATALOG-003,BLOCKER,CATALOG_ITEM,DOMAIN,OWNER_DECISION_REQUIRED,CATALOG_ITEM,1acb7934-864b-4d6d-8b51-f13a59dbeaf8,WARNING,MIGF-O-058,Letrero corporativo,MIG1-CAT-002,Design_To_Go_Catalog_v1.2_RC_MANGO_TANGO.xlsx,D-002:OPEN,unidad de venta no definida
DQ-CATALOG-003:CATALOG_ITEM:MIGF-O-059:saleUnit,DQ-CATALOG-003,BLOCKER,CATALOG_ITEM,DOMAIN,OWNER_DECISION_REQUIRED,CATALOG_ITEM,8e0e07dc-5e32-40cb-9183-09dd0de96fa4,WARNING,MIGF-O-059,Directorio,MIG1-CAT-002,Design_To_Go_Catalog_v1.2_RC_MANGO_TANGO.xlsx,D-002:OPEN,unidad de venta no definida
DQ-CATALOG-003:CATALOG_ITEM:MIGF-O-060:saleUnit,DQ-CATALOG-003,BLOCKER,CATALOG_ITEM,DOMAIN,OWNER_DECISION_REQUIRED,CATALOG_ITEM,6f36b450-afea-4962-963f-6ca25b555b41,WARNING,MIGF-O-060,Placa señalética,MIG1-CAT-002,Design_To_Go_Catalog_v1.2_RC_MANGO_TANGO.xlsx,D-002:OPEN,unidad de venta no definida
DQ-CATALOG-003:CATALOG_ITEM:MIGF-O-061:saleUnit,DQ-CATALOG-003,BLOCKER,CATALOG_ITEM,DOMAIN,OWNER_DECISION_REQUIRED,CATALOG_ITEM,19a6a0f6-a5a6-427c-abf3-25fee4727802,WARNING,MIGF-O-061,Señalización comercial,MIG1-CAT-002,Design_To_Go_Catalog_v1.2_RC_MANGO_TANGO.xlsx,D-002:OPEN,unidad de venta no definida
DQ-CATALOG-003:CATALOG_ITEM:MIGF-O-062:saleUnit,DQ-CATALOG-003,BLOCKER,CATALOG_ITEM,DOMAIN,OWNER_DECISION_REQUIRED,CATALOG_ITEM,03738d35-6321-42b3-bfc0-dbf32e4e6a61,WARNING,MIGF-O-062,Señalización industrial,MIG1-CAT-002,Design_To_Go_Catalog_v1.2_RC_MANGO_TANGO.xlsx,D-002:OPEN,unidad de venta no definida
DQ-CATALOG-003:CATALOG_ITEM:OWN-MT-O-001:saleUnit,DQ-CATALOG-003,BLOCKER,CATALOG_ITEM,DOMAIN,OWNER_DECISION_REQUIRED,CATALOG_ITEM,17846daf-73a8-4f90-bd8b-4b1f70b78591,WARNING,OWN-MT-O-001,Camisa de vestir personalizada / woven shirt,MIG1-CAT-004,Design_To_Go_Catalog_v1.2_RC_MANGO_TANGO.xlsx,D-002:OPEN,unidad de venta no definida
DQ-CATALOG-003:CATALOG_ITEM:OWN-MT-O-002:saleUnit,DQ-CATALOG-003,BLOCKER,CATALOG_ITEM,DOMAIN,OWNER_DECISION_REQUIRED,CATALOG_ITEM,86531ac8-0220-406c-8311-04dac99f401e,WARNING,OWN-MT-O-002,Bata de laboratorio personalizada / lab coat,MIG1-CAT-004,Design_To_Go_Catalog_v1.2_RC_MANGO_TANGO.xlsx,D-002:OPEN,unidad de venta no definida
DQ-CATALOG-003:CATALOG_ITEM:OWN-MT-O-003:saleUnit,DQ-CATALOG-003,BLOCKER,CATALOG_ITEM,DOMAIN,OWNER_DECISION_REQUIRED,CATALOG_ITEM,4557ba5e-bd70-4292-b409-5022fc7370ec,WARNING,OWN-MT-O-003,Scrub top personalizado,MIG1-CAT-004,Design_To_Go_Catalog_v1.2_RC_MANGO_TANGO.xlsx,D-002:OPEN,unidad de venta no definida
DQ-CATALOG-003:CATALOG_ITEM:OWN-MT-O-004:saleUnit,DQ-CATALOG-003,BLOCKER,CATALOG_ITEM,DOMAIN,OWNER_DECISION_REQUIRED,CATALOG_ITEM,a2e1f427-9d92-4cb2-ac12-b51922366d6e,WARNING,OWN-MT-O-004,Scrub pants personalizado,MIG1-CAT-004,Design_To_Go_Catalog_v1.2_RC_MANGO_TANGO.xlsx,D-002:OPEN,unidad de venta no definida
DQ-CATALOG-003:CATALOG_ITEM:OWN-MT-O-005:saleUnit,DQ-CATALOG-003,BLOCKER,CATALOG_ITEM,DOMAIN,OWNER_DECISION_REQUIRED,CATALOG_ITEM,6e6fafc3-4e48-4efc-95b3-31028b341a03,WARNING,OWN-MT-O-005,Chaleco de trabajo personalizado,MIG1-CAT-004,Design_To_Go_Catalog_v1.2_RC_MANGO_TANGO.xlsx,D-002:OPEN,unidad de venta no definida
DQ-CATALOG-003:CATALOG_ITEM:OWN-MT-O-006:saleUnit,DQ-CATALOG-003,BLOCKER,CATALOG_ITEM,DOMAIN,OWNER_DECISION_REQUIRED,CATALOG_ITEM,0f5afd69-6002-430b-b5d6-4880e4adf106,WARNING,OWN-MT-O-006,Camisa de trabajo personalizada,MIG1-CAT-004,Design_To_Go_Catalog_v1.2_RC_MANGO_TANGO.xlsx,D-002:OPEN,unidad de venta no definida
DQ-CATALOG-003:CATALOG_ITEM:OWN-MT-O-007:saleUnit,DQ-CATALOG-003,BLOCKER,CATALOG_ITEM,DOMAIN,OWNER_DECISION_REQUIRED,CATALOG_ITEM,2855a621-1cc0-42dc-8090-7bb376da28e7,WARNING,OWN-MT-O-007,Pantalón de trabajo personalizado,MIG1-CAT-004,Design_To_Go_Catalog_v1.2_RC_MANGO_TANGO.xlsx,D-002:OPEN,unidad de venta no definida
DQ-CATALOG-003:CATALOG_ITEM:OWN-MT-O-008:saleUnit,DQ-CATALOG-003,BLOCKER,CATALOG_ITEM,DOMAIN,OWNER_DECISION_REQUIRED,CATALOG_ITEM,66a79226-d85e-447a-96c0-1fc0ecf80d8c,WARNING,OWN-MT-O-008,Overol personalizado,MIG1-CAT-004,Design_To_Go_Catalog_v1.2_RC_MANGO_TANGO.xlsx,D-002:OPEN,unidad de venta no definida
DQ-CATALOG-003:CATALOG_ITEM:OWN-MT-O-009:saleUnit,DQ-CATALOG-003,BLOCKER,CATALOG_ITEM,DOMAIN,OWNER_DECISION_REQUIRED,CATALOG_ITEM,7654e426-b97f-43d9-adb8-8178a37771f1,WARNING,OWN-MT-O-009,Chamarra / abrigo de trabajo personalizado,MIG1-CAT-004,Design_To_Go_Catalog_v1.2_RC_MANGO_TANGO.xlsx,D-002:OPEN,unidad de venta no definida
DQ-CATALOG-003:CATALOG_ITEM:OWN-MT-O-010:saleUnit,DQ-CATALOG-003,BLOCKER,CATALOG_ITEM,DOMAIN,OWNER_DECISION_REQUIRED,CATALOG_ITEM,49472b24-621a-40a4-8c5c-4e245cc935a9,WARNING,OWN-MT-O-010,Filipina de chef / chef coat personalizada,MIG1-CAT-004,Design_To_Go_Catalog_v1.2_RC_MANGO_TANGO.xlsx,D-002:OPEN,unidad de venta no definida
DQ-CATALOG-003:CATALOG_ITEM:OWN-MT-O-011:saleUnit,DQ-CATALOG-003,BLOCKER,CATALOG_ITEM,DOMAIN,OWNER_DECISION_REQUIRED,CATALOG_ITEM,a073731d-7c87-4187-9ebc-0f8f61a273d6,WARNING,OWN-MT-O-011,Jersey deportivo personalizable,MIG1-CAT-004,Design_To_Go_Catalog_v1.2_RC_MANGO_TANGO.xlsx,D-002:OPEN,unidad de venta no definida
DQ-CATALOG-003:CATALOG_ITEM:OWN-MT-O-012:saleUnit,DQ-CATALOG-003,BLOCKER,CATALOG_ITEM,DOMAIN,OWNER_DECISION_REQUIRED,CATALOG_ITEM,96997496-3b5c-415e-aabf-6006dae35724,WARNING,OWN-MT-O-012,Cobija personalizada / sublimada,MIG1-CAT-004,Design_To_Go_Catalog_v1.2_RC_MANGO_TANGO.xlsx,D-002:OPEN,unidad de venta no definida
DQ-CATALOG-003:CATALOG_ITEM:OWN-MT-O-013:saleUnit,DQ-CATALOG-003,BLOCKER,CATALOG_ITEM,DOMAIN,OWNER_DECISION_REQUIRED,CATALOG_ITEM,20dc850f-4bd6-4c9d-a850-3d23d4f0a29b,WARNING,OWN-MT-O-013,Ropa personalizada para mascotas,MIG1-CAT-004,Design_To_Go_Catalog_v1.2_RC_MANGO_TANGO.xlsx,D-002:OPEN,unidad de venta no definida
DQ-CATALOG-003:CATALOG_ITEM:OWN-MT-O-014:saleUnit,DQ-CATALOG-003,BLOCKER,CATALOG_ITEM,DOMAIN,OWNER_DECISION_REQUIRED,CATALOG_ITEM,c2460b09-c834-4ac1-ba61-f80b00c8250a,WARNING,OWN-MT-O-014,Beanie personalizado,MIG2-CAT-002,Design_To_Go_Catalog_v1.2_RC_MANGO_TANGO.xlsx,D-002:OPEN,unidad de venta no definida
DQ-CATALOG-003:CATALOG_ITEM:OWN-MT-O-015:saleUnit,DQ-CATALOG-003,BLOCKER,CATALOG_ITEM,DOMAIN,OWNER_DECISION_REQUIRED,CATALOG_ITEM,2c7ac135-fc93-40f9-b202-fd792da5443f,WARNING,OWN-MT-O-015,Bucket hat personalizado,MIG2-CAT-002,Design_To_Go_Catalog_v1.2_RC_MANGO_TANGO.xlsx,D-002:OPEN,unidad de venta no definida
DQ-CATALOG-003:CATALOG_ITEM:OWN-MT-O-016:saleUnit,DQ-CATALOG-003,BLOCKER,CATALOG_ITEM,DOMAIN,OWNER_DECISION_REQUIRED,CATALOG_ITEM,81952517-803d-489e-981c-a7085117de49,WARNING,OWN-MT-O-016,Visor personalizado,MIG2-CAT-002,Design_To_Go_Catalog_v1.2_RC_MANGO_TANGO.xlsx,D-002:OPEN,unidad de venta no definida
DQ-CATALOG-003:CATALOG_ITEM:OWN-MT-O-017:saleUnit,DQ-CATALOG-003,BLOCKER,CATALOG_ITEM,DOMAIN,OWNER_DECISION_REQUIRED,CATALOG_ITEM,9467b333-f35b-413d-9eae-8fd022abcc47,WARNING,OWN-MT-O-017,Protección solar para cabeza / sun shield,MIG2-CAT-002,Design_To_Go_Catalog_v1.2_RC_MANGO_TANGO.xlsx,D-002:OPEN,unidad de venta no definida
DQ-CATALOG-003:CATALOG_ITEM:OWN-MT-O-018:saleUnit,DQ-CATALOG-003,BLOCKER,CATALOG_ITEM,DOMAIN,OWNER_DECISION_REQUIRED,CATALOG_ITEM,2dc6ff90-b27d-4971-8fe8-a6c1042c6e28,WARNING,OWN-MT-O-018,Capucha acoplable / snap-on hood,MIG2-CAT-002,Design_To_Go_Catalog_v1.2_RC_MANGO_TANGO.xlsx,D-002:OPEN,unidad de venta no definida
DQ-CATALOG-003:CATALOG_ITEM:OWN-MT-O-019:saleUnit,DQ-CATALOG-003,BLOCKER,CATALOG_ITEM,DOMAIN,OWNER_DECISION_REQUIRED,CATALOG_ITEM,d50078f7-d0c7-4845-9f51-cb00c1032220,WARNING,OWN-MT-O-019,Balaclava personalizable,MIG2-CAT-002,Design_To_Go_Catalog_v1.2_RC_MANGO_TANGO.xlsx,D-002:OPEN,unidad de venta no definida
DQ-CATALOG-003:CATALOG_ITEM:OWN-MT-O-020:saleUnit,DQ-CATALOG-003,BLOCKER,CATALOG_ITEM,DOMAIN,OWNER_DECISION_REQUIRED,CATALOG_ITEM,68ddcc88-5d87-4a36-b1bb-473a4c3dd484,WARNING,OWN-MT-O-020,Gorro de chef / chef hat,MIG2-CAT-002,Design_To_Go_Catalog_v1.2_RC_MANGO_TANGO.xlsx,D-002:OPEN,unidad de venta no definida
DQ-CATALOG-003:CATALOG_ITEM:OWN-MT-O-021:saleUnit,DQ-CATALOG-003,BLOCKER,CATALOG_ITEM,DOMAIN,OWNER_DECISION_REQUIRED,CATALOG_ITEM,2d02d651-59cf-4a96-922a-62216624e974,WARNING,OWN-MT-O-021,Gorra de cocina / kitchen cap,MIG2-CAT-002,Design_To_Go_Catalog_v1.2_RC_MANGO_TANGO.xlsx,D-002:OPEN,unidad de venta no definida
DQ-CATALOG-003:CATALOG_ITEM:OWN-MT-O-022:saleUnit,DQ-CATALOG-003,BLOCKER,CATALOG_ITEM,DOMAIN,OWNER_DECISION_REQUIRED,CATALOG_ITEM,02bbcdc0-4f2e-4ab0-9bee-b6136f6d7676,WARNING,OWN-MT-O-022,Mochila personalizable / backpack,MIG1-CAT-004,Design_To_Go_Catalog_v1.2_RC_MANGO_TANGO.xlsx,D-002:OPEN,unidad de venta no definida
DQ-CATALOG-003:CATALOG_ITEM:OWN-MT-O-023:saleUnit,DQ-CATALOG-003,BLOCKER,CATALOG_ITEM,DOMAIN,OWNER_DECISION_REQUIRED,CATALOG_ITEM,efe5b98a-19c7-4bd3-9f2a-6be45aee9f69,WARNING,OWN-MT-O-023,Duffel bag personalizada,MIG1-CAT-004,Design_To_Go_Catalog_v1.2_RC_MANGO_TANGO.xlsx,D-002:OPEN,unidad de venta no definida
DQ-CATALOG-003:CATALOG_ITEM:OWN-MT-O-024:saleUnit,DQ-CATALOG-003,BLOCKER,CATALOG_ITEM,DOMAIN,OWNER_DECISION_REQUIRED,CATALOG_ITEM,5718d276-5cf6-4059-8b44-f033d8ef0c1f,WARNING,OWN-MT-O-024,Cooler bag personalizada,MIG1-CAT-004,Design_To_Go_Catalog_v1.2_RC_MANGO_TANGO.xlsx,D-002:OPEN,unidad de venta no definida
DQ-CATALOG-003:CATALOG_ITEM:OWN-MT-O-025:saleUnit,DQ-CATALOG-003,BLOCKER,CATALOG_ITEM,DOMAIN,OWNER_DECISION_REQUIRED,CATALOG_ITEM,690b74e8-2fcd-4463-87a5-4d93f9849cf3,WARNING,OWN-MT-O-025,Toalla personalizada,MIG1-CAT-004,Design_To_Go_Catalog_v1.2_RC_MANGO_TANGO.xlsx,D-002:OPEN,unidad de venta no definida
DQ-CATALOG-003:CATALOG_ITEM:OWN-MT-O-026:saleUnit,DQ-CATALOG-003,BLOCKER,CATALOG_ITEM,DOMAIN,OWNER_DECISION_REQUIRED,CATALOG_ITEM,01a87fc1-105a-4dbf-9cb4-e576f633e39b,WARNING,OWN-MT-O-026,Bandana personalizada,MIG1-CAT-004,Design_To_Go_Catalog_v1.2_RC_MANGO_TANGO.xlsx,D-002:OPEN,unidad de venta no definida
DQ-CATALOG-003:CATALOG_ITEM:OWN-MT-O-027:saleUnit,DQ-CATALOG-003,BLOCKER,CATALOG_ITEM,DOMAIN,OWNER_DECISION_REQUIRED,CATALOG_ITEM,42b51470-c717-455b-85e5-81a13c363dc2,WARNING,OWN-MT-O-027,Sandalias / chanclas personalizadas,MIG1-CAT-008,Design_To_Go_Catalog_v1.2_RC_MANGO_TANGO.xlsx,D-002:OPEN,unidad de venta no definida
DQ-CATALOG-003:CATALOG_ITEM:OWN-MT-O-028:saleUnit,DQ-CATALOG-003,BLOCKER,CATALOG_ITEM,DOMAIN,OWNER_DECISION_REQUIRED,CATALOG_ITEM,dd539f34-5014-4bfb-a07f-a9ce3ded8803,WARNING,OWN-MT-O-028,Mantel elástico / fitted personalizado,MIG1-CAT-008,Design_To_Go_Catalog_v1.2_RC_MANGO_TANGO.xlsx,D-002:OPEN,unidad de venta no definida
DQ-CATALOG-003:CATALOG_ITEM:OWN-MT-O-029:saleUnit,DQ-CATALOG-003,BLOCKER,CATALOG_ITEM,DOMAIN,OWNER_DECISION_REQUIRED,CATALOG_ITEM,5f57a36c-286e-428c-ad30-95df87ab5386,WARNING,OWN-MT-O-029,Decoración personalizada en MDF,MIG1-CAT-008,Design_To_Go_Catalog_v1.2_RC_MANGO_TANGO.xlsx,D-002:OPEN,unidad de venta no definida
DQ-CATALOG-003:CATALOG_ITEM:OWN-MT-O-030:saleUnit,DQ-CATALOG-003,BLOCKER,CATALOG_ITEM,DOMAIN,OWNER_DECISION_REQUIRED,CATALOG_ITEM,0c575c19-4dcf-453a-b0a8-29055a8ef531,WARNING,OWN-MT-O-030,Cake topper en MDF,MIG1-CAT-008,Design_To_Go_Catalog_v1.2_RC_MANGO_TANGO.xlsx,D-002:OPEN,unidad de venta no definida
DQ-CATALOG-003:CATALOG_ITEM:OWN-MT-O-031:saleUnit,DQ-CATALOG-003,BLOCKER,CATALOG_ITEM,DOMAIN,OWNER_DECISION_REQUIRED,CATALOG_ITEM,8db56005-b6e5-45a1-86cf-27ef574391e8,WARNING,OWN-MT-O-031,Centro de mesa en MDF,MIG1-CAT-008,Design_To_Go_Catalog_v1.2_RC_MANGO_TANGO.xlsx,D-002:OPEN,unidad de venta no definida
DQ-CATALOG-003:CATALOG_ITEM:OWN-MT-O-032:saleUnit,DQ-CATALOG-003,BLOCKER,CATALOG_ITEM,DOMAIN,OWNER_DECISION_REQUIRED,CATALOG_ITEM,4434bd26-29b5-4713-bf71-4846e46a078e,WARNING,OWN-MT-O-032,Set / kit de piezas MDF,MIG1-CAT-008,Design_To_Go_Catalog_v1.2_RC_MANGO_TANGO.xlsx,D-002:OPEN,unidad de venta no definida
DQ-CATALOG-003:CATALOG_ITEM:OWN-MT-O-033:saleUnit,DQ-CATALOG-003,BLOCKER,CATALOG_ITEM,DOMAIN,OWNER_DECISION_REQUIRED,CATALOG_ITEM,6d5b470b-7b1b-4e5b-a1f2-d6049d1b4d34,WARNING,OWN-MT-O-033,Servicio de corte láser MDF,MIG1-CAT-008,Design_To_Go_Catalog_v1.2_RC_MANGO_TANGO.xlsx,D-002:OPEN,unidad de venta no definida
DQ-CATALOG-003:CATALOG_ITEM:OWN-MT-O-034:saleUnit,DQ-CATALOG-003,BLOCKER,CATALOG_ITEM,DOMAIN,OWNER_DECISION_REQUIRED,CATALOG_ITEM,b53b2462-e7c9-4f80-958a-b53a9ad02af5,WARNING,OWN-MT-O-034,Display de mesa de acrílico,MIG1-CAT-002,Design_To_Go_Catalog_v1.2_RC_MANGO_TANGO.xlsx,D-002:OPEN,unidad de venta no definida
DQ-CATALOG-003:CATALOG_ITEM:OWN-MT-O-035:saleUnit,DQ-CATALOG-003,BLOCKER,CATALOG_ITEM,DOMAIN,OWNER_DECISION_REQUIRED,CATALOG_ITEM,59155801-6459-43e1-b7bc-c03f322e5560,WARNING,OWN-MT-O-035,Nombre / plaquita personalizada de acrílico,MIG1-CAT-002,Design_To_Go_Catalog_v1.2_RC_MANGO_TANGO.xlsx,D-002:OPEN,unidad de venta no definida
DQ-CATALOG-003:CATALOG_ITEM:OWN-MT-O-036:saleUnit,DQ-CATALOG-003,BLOCKER,CATALOG_ITEM,DOMAIN,OWNER_DECISION_REQUIRED,CATALOG_ITEM,95768ea1-86a9-4937-970c-161a2710cdc0,WARNING,OWN-MT-O-036,Centro de mesa de acrílico,MIG1-CAT-002,Design_To_Go_Catalog_v1.2_RC_MANGO_TANGO.xlsx,D-002:OPEN,unidad de venta no definida
DQ-CATALOG-003:CATALOG_ITEM:OWN-MT-O-037:saleUnit,DQ-CATALOG-003,BLOCKER,CATALOG_ITEM,DOMAIN,OWNER_DECISION_REQUIRED,CATALOG_ITEM,5c0ce3ce-5e3f-43e9-9273-22943bd72161,WARNING,OWN-MT-O-037,Pieza acrílica para libro de firmas / guest book,MIG1-CAT-002,Design_To_Go_Catalog_v1.2_RC_MANGO_TANGO.xlsx,D-002:OPEN,unidad de venta no definida
DQ-CATALOG-003:CATALOG_ITEM:OWN-MT-O-038:saleUnit,DQ-CATALOG-003,BLOCKER,CATALOG_ITEM,DOMAIN,OWNER_DECISION_REQUIRED,CATALOG_ITEM,58b63316-3b9c-490a-940a-63094befb7e1,WARNING,OWN-MT-O-038,Imán personalizado de acrílico,MIG1-CAT-002,Design_To_Go_Catalog_v1.2_RC_MANGO_TANGO.xlsx,D-002:OPEN,unidad de venta no definida
DQ-CATALOG-003:CATALOG_ITEM:OWN-MT-O-039:saleUnit,DQ-CATALOG-003,BLOCKER,CATALOG_ITEM,DOMAIN,OWNER_DECISION_REQUIRED,CATALOG_ITEM,dfd8cb37-d8c4-46a1-ad93-3a1c12091cab,WARNING,OWN-MT-O-039,Ornamento / adorno colgante acrílico,MIG1-CAT-002,Design_To_Go_Catalog_v1.2_RC_MANGO_TANGO.xlsx,D-002:OPEN,unidad de venta no definida
DQ-CATALOG-003:CATALOG_ITEM:OWN-MT-O-040:saleUnit,DQ-CATALOG-003,BLOCKER,CATALOG_ITEM,DOMAIN,OWNER_DECISION_REQUIRED,CATALOG_ITEM,12e5a82d-0d09-42a8-8778-e625d2fc1d84,WARNING,OWN-MT-O-040,Medalla personalizada de acrílico,MIG1-CAT-002,Design_To_Go_Catalog_v1.2_RC_MANGO_TANGO.xlsx,D-002:OPEN,unidad de venta no definida
DQ-CATALOG-003:CATALOG_ITEM:OWN-MT-O-041:saleUnit,DQ-CATALOG-003,BLOCKER,CATALOG_ITEM,DOMAIN,OWNER_DECISION_REQUIRED,CATALOG_ITEM,f43778fe-9870-4a7a-a3fe-f01d26e99984,WARNING,OWN-MT-O-041,Trofeo personalizado de acrílico,MIG1-CAT-002,Design_To_Go_Catalog_v1.2_RC_MANGO_TANGO.xlsx,D-002:OPEN,unidad de venta no definida
DQ-CATALOG-003:CATALOG_ITEM:OWN-MT-O-042:saleUnit,DQ-CATALOG-003,BLOCKER,CATALOG_ITEM,DOMAIN,OWNER_DECISION_REQUIRED,CATALOG_ITEM,ff1c19fe-c7a8-4fd7-86b2-5fa817ad39b6,WARNING,OWN-MT-O-042,Taza mágica personalizada,MIG1-CAT-005,Design_To_Go_Catalog_v1.2_RC_MANGO_TANGO.xlsx,D-002:OPEN,unidad de venta no definida
DQ-CATALOG-003:CATALOG_ITEM:OWN-MT-O-043:saleUnit,DQ-CATALOG-003,BLOCKER,CATALOG_ITEM,DOMAIN,OWNER_DECISION_REQUIRED,CATALOG_ITEM,d5ddb604-efb5-4ba3-9f4c-a911bfd303ac,WARNING,OWN-MT-O-043,Skinny cup plástico estándar,MIG1-CAT-005,Design_To_Go_Catalog_v1.2_RC_MANGO_TANGO.xlsx,D-002:OPEN,unidad de venta no definida
DQ-CATALOG-003:CATALOG_ITEM:OWN-MT-O-044:saleUnit,DQ-CATALOG-003,BLOCKER,CATALOG_ITEM,DOMAIN,OWNER_DECISION_REQUIRED,CATALOG_ITEM,72c3db49-44bc-44d5-8214-3c6df30a5238,WARNING,OWN-MT-O-044,Skinny cup plástico premium grueso rubberized,MIG1-CAT-005,Design_To_Go_Catalog_v1.2_RC_MANGO_TANGO.xlsx,D-002:OPEN,unidad de venta no definida
DQ-CATALOG-003:CATALOG_ITEM:OWN-MT-O-045:saleUnit,DQ-CATALOG-003,BLOCKER,CATALOG_ITEM,DOMAIN,OWNER_DECISION_REQUIRED,CATALOG_ITEM,2c24aee9-f9f7-4a30-96a5-5374fbd7d31b,WARNING,OWN-MT-O-045,Hoja de Coroplast Multi-Cut / múltiples piezas,MIG1-CAT-002,Design_To_Go_Catalog_v1.2_RC_MANGO_TANGO.xlsx,D-002:OPEN,unidad de venta no definida
DQ-CATALOG-003:CATALOG_ITEM:OWN-MT-O-046:saleUnit,DQ-CATALOG-003,BLOCKER,CATALOG_ITEM,DOMAIN,OWNER_DECISION_REQUIRED,CATALOG_ITEM,eab6f3be-708b-43f7-b330-d3200c4991c0,WARNING,OWN-MT-O-046,Periódico personalizado para eventos,MIG1-CAT-006,Design_To_Go_Catalog_v1.2_RC_MANGO_TANGO.xlsx,D-002:OPEN,unidad de venta no definida
DQ-CATALOG-003:CATALOG_ITEM:OWN-O-001:saleUnit,DQ-CATALOG-003,BLOCKER,CATALOG_ITEM,DOMAIN,OWNER_DECISION_REQUIRED,CATALOG_ITEM,2b2b05c3-1161-4560-b41b-43c6a57e0120,WARNING,OWN-O-001,Zip hoodie — capucha con cierre,MIG1-CAT-004,Design_To_Go_Catalog_v1.2_RC_MANGO_TANGO.xlsx,D-002:OPEN,unidad de venta no definida
DQ-CATALOG-003:CATALOG_ITEM:OWN-O-002:saleUnit,DQ-CATALOG-003,BLOCKER,CATALOG_ITEM,DOMAIN,OWNER_DECISION_REQUIRED,CATALOG_ITEM,aed7023b-f719-4c44-b8c4-f1463639ce6b,WARNING,OWN-O-002,Piñata personalizada,MIG1-CAT-008,Design_To_Go_Catalog_v1.2_RC_MANGO_TANGO.xlsx,D-002:OPEN,unidad de venta no definida
DQ-CATALOG-003:CATALOG_ITEM:OWN-O-003:saleUnit,DQ-CATALOG-003,BLOCKER,CATALOG_ITEM,DOMAIN,OWNER_DECISION_REQUIRED,CATALOG_ITEM,e8ce98e0-6b60-45c3-9fd2-74d412765b54,WARNING,OWN-O-003,Gráfica impresa de reemplazo para X-Banner,MIG1-CAT-003,Design_To_Go_Catalog_v1.2_RC_MANGO_TANGO.xlsx,D-002:OPEN,unidad de venta no definida
DQ-CATALOG-003:CATALOG_ITEM:OWN-O-004:saleUnit,DQ-CATALOG-003,BLOCKER,CATALOG_ITEM,DOMAIN,OWNER_DECISION_REQUIRED,CATALOG_ITEM,cc101045-ca70-40e3-a07c-f4c63009b489,WARNING,OWN-O-004,Bandera tipo pluma / Feather Flag — conjunto completo,MIG1-CAT-003,Design_To_Go_Catalog_v1.2_RC_MANGO_TANGO.xlsx,D-002:OPEN,unidad de venta no definida
DQ-CATALOG-003:CATALOG_ITEM:OWN-O-005:saleUnit,DQ-CATALOG-003,BLOCKER,CATALOG_ITEM,DOMAIN,OWNER_DECISION_REQUIRED,CATALOG_ITEM,17859457-c6e0-4811-a5d0-eea4038bb56c,WARNING,OWN-O-005,Gráfica textil para bandera tipo pluma,MIG1-CAT-003,Design_To_Go_Catalog_v1.2_RC_MANGO_TANGO.xlsx,D-002:OPEN,unidad de venta no definida
DQ-CATALOG-003:CATALOG_ITEM:OWN-O-006:saleUnit,DQ-CATALOG-003,BLOCKER,CATALOG_ITEM,DOMAIN,OWNER_DECISION_REQUIRED,CATALOG_ITEM,6f32dabc-b1c3-4bbe-a7f2-e9d2e777dfc3,WARNING,OWN-O-006,Base / hardware para bandera tipo pluma,MIG1-CAT-003,Design_To_Go_Catalog_v1.2_RC_MANGO_TANGO.xlsx,D-002:OPEN,unidad de venta no definida
DQ-CATALOG-003:CATALOG_ITEM:OWN-O-007:saleUnit,DQ-CATALOG-003,BLOCKER,CATALOG_ITEM,DOMAIN,OWNER_DECISION_REQUIRED,CATALOG_ITEM,edac6a4e-9d9d-4281-98c0-df6a8490cf6e,WARNING,OWN-O-007,Invitación formal,MIG1-CAT-006,Design_To_Go_Catalog_v1.2_RC_MANGO_TANGO.xlsx,D-002:OPEN,unidad de venta no definida
DQ-CATALOG-003:CATALOG_ITEM:OWN-O-008:saleUnit,DQ-CATALOG-003,BLOCKER,CATALOG_ITEM,DOMAIN,OWNER_DECISION_REQUIRED,CATALOG_ITEM,684a0976-9177-43ec-b03d-5d14a9031c4f,WARNING,OWN-O-008,Invitación casual,MIG1-CAT-006,Design_To_Go_Catalog_v1.2_RC_MANGO_TANGO.xlsx,D-002:OPEN,unidad de venta no definida
DQ-CATALOG-003:CATALOG_ITEM:OWN-O-009:saleUnit,DQ-CATALOG-003,BLOCKER,CATALOG_ITEM,DOMAIN,OWNER_DECISION_REQUIRED,CATALOG_ITEM,0c5e4f00-8ebc-4f53-ab3d-c7b95debc4ed,WARNING,OWN-O-009,Diseño gráfico,MIG1-CAT-009,Design_To_Go_Catalog_v1.2_RC_MANGO_TANGO.xlsx,D-002:OPEN,unidad de venta no definida
DQ-CATALOG-003:CATALOG_ITEM:OWN-O-010:saleUnit,DQ-CATALOG-003,BLOCKER,CATALOG_ITEM,DOMAIN,OWNER_DECISION_REQUIRED,CATALOG_ITEM,c3c88f34-26b0-4eec-9be1-7481c650ac67,WARNING,OWN-O-010,Vectorización,MIG1-CAT-009,Design_To_Go_Catalog_v1.2_RC_MANGO_TANGO.xlsx,D-002:OPEN,unidad de venta no definida
DQ-CATALOG-003:CATALOG_ITEM:OWN-O-011:saleUnit,DQ-CATALOG-003,BLOCKER,CATALOG_ITEM,DOMAIN,OWNER_DECISION_REQUIRED,CATALOG_ITEM,404fbbc9-ac8c-4c6e-a87e-89e547b389a3,WARNING,OWN-O-011,Diseño de logotipo,MIG1-CAT-009,Design_To_Go_Catalog_v1.2_RC_MANGO_TANGO.xlsx,D-002:OPEN,unidad de venta no definida
DQ-CATALOG-003:CATALOG_ITEM:OWN-O-012:saleUnit,DQ-CATALOG-003,BLOCKER,CATALOG_ITEM,DOMAIN,OWNER_DECISION_REQUIRED,CATALOG_ITEM,c9b7af1b-5385-4bcc-b91a-45975a3e6071,WARNING,OWN-O-012,Identidad de marca / imagen corporativa,MIG1-CAT-009,Design_To_Go_Catalog_v1.2_RC_MANGO_TANGO.xlsx,D-002:OPEN,unidad de venta no definida
DQ-CATALOG-003:CATALOG_ITEM:OWN-O-013:saleUnit,DQ-CATALOG-003,BLOCKER,CATALOG_ITEM,DOMAIN,OWNER_DECISION_REQUIRED,CATALOG_ITEM,85e0dbbd-0891-4e56-a276-9500e419d2a8,WARNING,OWN-O-013,Invitaciones digitales,MIG1-CAT-009,Design_To_Go_Catalog_v1.2_RC_MANGO_TANGO.xlsx,D-002:OPEN,unidad de venta no definida
DQ-CATALOG-003:CATALOG_ITEM:OWN-O-014:saleUnit,DQ-CATALOG-003,BLOCKER,CATALOG_ITEM,DOMAIN,OWNER_DECISION_REQUIRED,CATALOG_ITEM,ca2963da-123a-4553-a7c7-046eaaa2e76c,WARNING,OWN-O-014,Creación de sitios web,MIG1-CAT-009,Design_To_Go_Catalog_v1.2_RC_MANGO_TANGO.xlsx,D-002:OPEN,unidad de venta no definida
DQ-CATALOG-003:CATALOG_ITEM:OWN-O-015:saleUnit,DQ-CATALOG-003,BLOCKER,CATALOG_ITEM,DOMAIN,OWNER_DECISION_REQUIRED,CATALOG_ITEM,9bdf551e-2568-4134-8304-373c2ffff690,WARNING,OWN-O-015,Creación de CRM,MIG1-CAT-009,Design_To_Go_Catalog_v1.2_RC_MANGO_TANGO.xlsx,D-002:OPEN,unidad de venta no definida
DQ-CATALOG-003:CATALOG_ITEM:OWN-O-016:saleUnit,DQ-CATALOG-003,BLOCKER,CATALOG_ITEM,DOMAIN,OWNER_DECISION_REQUIRED,CATALOG_ITEM,81693bd6-b476-41a3-b77c-c50e36be1eaf,WARNING,OWN-O-016,Desarrollo de software,MIG1-CAT-009,Design_To_Go_Catalog_v1.2_RC_MANGO_TANGO.xlsx,D-002:OPEN,unidad de venta no definida
DQ-CATALOG-003:CATALOG_ITEM:OWN-O-017:saleUnit,DQ-CATALOG-003,BLOCKER,CATALOG_ITEM,DOMAIN,OWNER_DECISION_REQUIRED,CATALOG_ITEM,9b7aa208-51e1-49d4-b3fe-c964a04f9c96,WARNING,OWN-O-017,Automatización y servicios digitales,MIG1-CAT-009,Design_To_Go_Catalog_v1.2_RC_MANGO_TANGO.xlsx,D-002:OPEN,unidad de venta no definida
DQ-CATALOG-005:CATALOG_ITEM:MIG1-O-001:decorationPolicy,DQ-CATALOG-005,BLOCKER,CATALOG_ITEM,REVIEW,BULK_RESOLVABLE,CATALOG_ITEM,f7ba3beb-bb77-4ddf-8968-e1ba54a31ed4,WARNING,MIG1-O-001,Lona impresa,MIG1-CAT-001,Design_To_Go_Catalog_v1.2_RC_MANGO_TANGO.xlsx,,decorationPolicy sin resolver
DQ-CATALOG-005:CATALOG_ITEM:MIG1-O-002:decorationPolicy,DQ-CATALOG-005,BLOCKER,CATALOG_ITEM,REVIEW,BULK_RESOLVABLE,CATALOG_ITEM,0747bfd8-8988-4b76-b6e7-a2a972b51ac1,WARNING,MIG1-O-002,Coroplast impreso,MIG1-CAT-002,Design_To_Go_Catalog_v1.2_RC_MANGO_TANGO.xlsx,,decorationPolicy sin resolver
DQ-CATALOG-005:CATALOG_ITEM:MIG1-O-003:decorationPolicy,DQ-CATALOG-005,BLOCKER,CATALOG_ITEM,REVIEW,BULK_RESOLVABLE,CATALOG_ITEM,d33d4d52-dd0f-4a49-b9ba-01980fbb5b0d,WARNING,MIG1-O-003,X-Banner completo,MIG1-CAT-003,Design_To_Go_Catalog_v1.2_RC_MANGO_TANGO.xlsx,,decorationPolicy sin resolver
DQ-CATALOG-005:CATALOG_ITEM:MIG1-O-004:decorationPolicy,DQ-CATALOG-005,BLOCKER,CATALOG_ITEM,REVIEW,BULK_RESOLVABLE,CATALOG_ITEM,f3e323a7-7fbe-4e7b-b294-eb046bf9b831,WARNING,MIG1-O-004,Camiseta de algodón cuello redondo,MIG1-CAT-004,Design_To_Go_Catalog_v1.2_RC_MANGO_TANGO.xlsx,,decorationPolicy sin resolver
DQ-CATALOG-005:CATALOG_ITEM:MIG1-O-005:decorationPolicy,DQ-CATALOG-005,BLOCKER,CATALOG_ITEM,REVIEW,BULK_RESOLVABLE,CATALOG_ITEM,4f55139c-461f-4c56-b67e-c1102887d805,WARNING,MIG1-O-005,Camiseta Dry Fit / poliéster,MIG1-CAT-004,Design_To_Go_Catalog_v1.2_RC_MANGO_TANGO.xlsx,,decorationPolicy sin resolver
DQ-CATALOG-005:CATALOG_ITEM:MIG1-O-006:decorationPolicy,DQ-CATALOG-005,BLOCKER,CATALOG_ITEM,REVIEW,BULK_RESOLVABLE,CATALOG_ITEM,c5c2cc4d-a89a-4f83-bad9-36fffaf7a6af,WARNING,MIG1-O-006,Portalatas de neopreno / Koozie,MIG1-CAT-004,Design_To_Go_Catalog_v1.2_RC_MANGO_TANGO.xlsx,,decorationPolicy sin resolver
DQ-CATALOG-005:CATALOG_ITEM:MIG1-O-007:decorationPolicy,DQ-CATALOG-005,BLOCKER,CATALOG_ITEM,REVIEW,BULK_RESOLVABLE,CATALOG_ITEM,cdb09b37-7d79-48dc-a2e1-45a220a0b338,WARNING,MIG1-O-007,Vaso con tapa y popote,MIG1-CAT-005,Design_To_Go_Catalog_v1.2_RC_MANGO_TANGO.xlsx,,decorationPolicy sin resolver
DQ-CATALOG-005:CATALOG_ITEM:MIG1-O-008:decorationPolicy,DQ-CATALOG-005,BLOCKER,CATALOG_ITEM,REVIEW,BULK_RESOLVABLE,CATALOG_ITEM,03b7290f-85af-477e-a141-2e30089618ce,WARNING,MIG1-O-008,Tarjeta Tradicional,MIG1-CAT-006,Design_To_Go_Catalog_v1.2_RC_MANGO_TANGO.xlsx,,decorationPolicy sin resolver
DQ-CATALOG-005:CATALOG_ITEM:MIG1-O-009:decorationPolicy,DQ-CATALOG-005,BLOCKER,CATALOG_ITEM,REVIEW,BULK_RESOLVABLE,CATALOG_ITEM,3dd17a4b-96f6-4f64-a935-f4b216dcfcdc,WARNING,MIG1-O-009,Tarjeta Premium / Gloss,MIG1-CAT-006,Design_To_Go_Catalog_v1.2_RC_MANGO_TANGO.xlsx,,decorationPolicy sin resolver
DQ-CATALOG-005:CATALOG_ITEM:MIG1-O-010:decorationPolicy,DQ-CATALOG-005,BLOCKER,CATALOG_ITEM,REVIEW,BULK_RESOLVABLE,CATALOG_ITEM,b601acb7-97bb-4a51-886d-010538a41584,WARNING,MIG1-O-010,Stickers de vinil,MIG1-CAT-007,Design_To_Go_Catalog_v1.2_RC_MANGO_TANGO.xlsx,,decorationPolicy sin resolver
DQ-CATALOG-005:CATALOG_ITEM:MIG1-O-011:decorationPolicy,DQ-CATALOG-005,BLOCKER,CATALOG_ITEM,REVIEW,BULK_RESOLVABLE,CATALOG_ITEM,c32c25da-32ae-49ac-b8c1-f17cf36d22a4,WARNING,MIG1-O-011,Mantel personalizado,MIG1-CAT-008,Design_To_Go_Catalog_v1.2_RC_MANGO_TANGO.xlsx,,decorationPolicy sin resolver
DQ-CATALOG-005:CATALOG_ITEM:MIG1-O-013:decorationPolicy,DQ-CATALOG-005,BLOCKER,CATALOG_ITEM,REVIEW,BULK_RESOLVABLE,CATALOG_ITEM,d8f16ac9-d5cc-417d-8a29-a7f59a5c0699,WARNING,MIG1-O-013,Aplicación UV DTF en vidrio automotriz,MIG1-CAT-009,Design_To_Go_Catalog_v1.2_RC_MANGO_TANGO.xlsx,,decorationPolicy sin resolver
DQ-CATALOG-005:CATALOG_ITEM:MIG1-O-014:decorationPolicy,DQ-CATALOG-005,BLOCKER,CATALOG_ITEM,REVIEW,BULK_RESOLVABLE,CATALOG_ITEM,b9331af8-10b3-44d6-9f73-278a7d9f818f,WARNING,MIG1-O-014,Letrero plano,MIG1-CAT-002,Design_To_Go_Catalog_v1.2_RC_MANGO_TANGO.xlsx,,decorationPolicy sin resolver
DQ-CATALOG-005:CATALOG_ITEM:MIG1-O-015:decorationPolicy,DQ-CATALOG-005,BLOCKER,CATALOG_ITEM,REVIEW,BULK_RESOLVABLE,CATALOG_ITEM,382d40d2-fdb3-4b8a-a583-5c6dfc029e95,WARNING,MIG1-O-015,DTF Transfers individuales,,Design_To_Go_Catalog_v1.2_RC_MANGO_TANGO.xlsx,,decorationPolicy sin resolver
DQ-CATALOG-005:CATALOG_ITEM:MIG1-O-016:decorationPolicy,DQ-CATALOG-005,BLOCKER,CATALOG_ITEM,REVIEW,BULK_RESOLVABLE,CATALOG_ITEM,c2f7ad6a-fa58-440b-8265-64292279476b,WARNING,MIG1-O-016,DTF Gang Sheets,,Design_To_Go_Catalog_v1.2_RC_MANGO_TANGO.xlsx,,decorationPolicy sin resolver
DQ-CATALOG-005:CATALOG_ITEM:MIG1-O-017:decorationPolicy,DQ-CATALOG-005,BLOCKER,CATALOG_ITEM,REVIEW,BULK_RESOLVABLE,CATALOG_ITEM,39428c80-5c5a-4bc4-be3a-327b282dce8f,WARNING,MIG1-O-017,Playera full print sublimada,,Design_To_Go_Catalog_v1.2_RC_MANGO_TANGO.xlsx,,decorationPolicy sin resolver
DQ-CATALOG-005:CATALOG_ITEM:MIG1-O-018:decorationPolicy,DQ-CATALOG-005,BLOCKER,CATALOG_ITEM,REVIEW,BULK_RESOLVABLE,CATALOG_ITEM,6fde55d7-598c-48aa-88a7-5a707a946031,WARNING,MIG1-O-018,Aplicación DTF sobre prenda del cliente,,Design_To_Go_Catalog_v1.2_RC_MANGO_TANGO.xlsx,,decorationPolicy sin resolver
DQ-CATALOG-005:CATALOG_ITEM:MIG1-O-019:decorationPolicy,DQ-CATALOG-005,BLOCKER,CATALOG_ITEM,REVIEW,BULK_RESOLVABLE,CATALOG_ITEM,cda17586-7b04-44e1-a52b-b31554584d39,WARNING,MIG1-O-019,Rotulación vehicular,,Design_To_Go_Catalog_v1.2_RC_MANGO_TANGO.xlsx,,decorationPolicy sin resolver
DQ-CATALOG-005:CATALOG_ITEM:MIG1-O-020:decorationPolicy,DQ-CATALOG-005,BLOCKER,CATALOG_ITEM,REVIEW,BULK_RESOLVABLE,CATALOG_ITEM,22bceeee-1f9c-4536-b455-6a7f2443c15f,WARNING,MIG1-O-020,Realtor Sign / Yard Sign 18×24 in,,Design_To_Go_Catalog_v1.2_RC_MANGO_TANGO.xlsx,,decorationPolicy sin resolver
DQ-CATALOG-005:CATALOG_ITEM:MIG1-O-021:decorationPolicy,DQ-CATALOG-005,BLOCKER,CATALOG_ITEM,REVIEW,BULK_RESOLVABLE,CATALOG_ITEM,a2b0293f-ee5f-4fa0-85e5-618eb393b2bb,WARNING,MIG1-O-021,Hardware / stand de X-Banner por separado,,Design_To_Go_Catalog_v1.2_RC_MANGO_TANGO.xlsx,,decorationPolicy sin resolver
DQ-CATALOG-005:CATALOG_ITEM:MIG2-O-001:decorationPolicy,DQ-CATALOG-005,BLOCKER,CATALOG_ITEM,REVIEW,BULK_RESOLVABLE,CATALOG_ITEM,98f23e2a-af65-4db0-a0b9-812bb5710f3d,WARNING,MIG2-O-001,Vinil adhesivo impreso,MIG2-CAT-001,Design_To_Go_Catalog_v1.2_RC_MANGO_TANGO.xlsx,,decorationPolicy sin resolver
DQ-CATALOG-005:CATALOG_ITEM:MIG2-O-002:decorationPolicy,DQ-CATALOG-005,BLOCKER,CATALOG_ITEM,REVIEW,BULK_RESOLVABLE,CATALOG_ITEM,3ed51429-16a8-4892-89a3-5e862a701009,WARNING,MIG2-O-002,Microperforado,MIG2-CAT-001,Design_To_Go_Catalog_v1.2_RC_MANGO_TANGO.xlsx,,decorationPolicy sin resolver
DQ-CATALOG-005:CATALOG_ITEM:MIG2-O-003:decorationPolicy,DQ-CATALOG-005,BLOCKER,CATALOG_ITEM,REVIEW,BULK_RESOLVABLE,CATALOG_ITEM,816cc695-311f-45f5-9187-70775bf30a9f,WARNING,MIG2-O-003,Mesh,MIG1-CAT-001,Design_To_Go_Catalog_v1.2_RC_MANGO_TANGO.xlsx,,decorationPolicy sin resolver
DQ-CATALOG-005:CATALOG_ITEM:MIG2-O-004:decorationPolicy,DQ-CATALOG-005,BLOCKER,CATALOG_ITEM,REVIEW,BULK_RESOLVABLE,CATALOG_ITEM,b82ec1c9-1ab1-42c5-838b-a9202ac7f754,WARNING,MIG2-O-004,Vinil transparente,MIG2-CAT-001,Design_To_Go_Catalog_v1.2_RC_MANGO_TANGO.xlsx,,decorationPolicy sin resolver
DQ-CATALOG-005:CATALOG_ITEM:MIG2-O-005:decorationPolicy,DQ-CATALOG-005,BLOCKER,CATALOG_ITEM,REVIEW,BULK_RESOLVABLE,CATALOG_ITEM,5c05990c-d896-466d-8a5f-876dcfa577b8,WARNING,MIG2-O-005,Vinil holográfico,MIG2-CAT-001,Design_To_Go_Catalog_v1.2_RC_MANGO_TANGO.xlsx,,decorationPolicy sin resolver
DQ-CATALOG-005:CATALOG_ITEM:MIG2-O-006:decorationPolicy,DQ-CATALOG-005,BLOCKER,CATALOG_ITEM,REVIEW,BULK_RESOLVABLE,CATALOG_ITEM,bc7107ef-787c-4178-80c1-14b8af48fa64,WARNING,MIG2-O-006,Canvas imprimible,MIG1-CAT-001,Design_To_Go_Catalog_v1.2_RC_MANGO_TANGO.xlsx,,decorationPolicy sin resolver
DQ-CATALOG-005:CATALOG_ITEM:MIG2-O-007:decorationPolicy,DQ-CATALOG-005,BLOCKER,CATALOG_ITEM,REVIEW,BULK_RESOLVABLE,CATALOG_ITEM,09718f28-c8dc-4d54-acf6-2dd573256683,WARNING,MIG2-O-007,Tela sublimada,MIG1-CAT-001,Design_To_Go_Catalog_v1.2_RC_MANGO_TANGO.xlsx,,decorationPolicy sin resolver
DQ-CATALOG-005:CATALOG_ITEM:MIG2-O-008:decorationPolicy,DQ-CATALOG-005,BLOCKER,CATALOG_ITEM,REVIEW,BULK_RESOLVABLE,CATALOG_ITEM,1f7b99eb-1397-43bc-9849-93fcfe3e2f39,WARNING,MIG2-O-008,Tela para backdrop,MIG1-CAT-001,Design_To_Go_Catalog_v1.2_RC_MANGO_TANGO.xlsx,,decorationPolicy sin resolver
DQ-CATALOG-005:CATALOG_ITEM:MIG2-O-009:decorationPolicy,DQ-CATALOG-005,BLOCKER,CATALOG_ITEM,REVIEW,BULK_RESOLVABLE,CATALOG_ITEM,091b71ff-54af-4ca8-9052-1d2f2b15ae1b,WARNING,MIG2-O-009,PVC espumado,MIG1-CAT-002,Design_To_Go_Catalog_v1.2_RC_MANGO_TANGO.xlsx,,decorationPolicy sin resolver
DQ-CATALOG-005:CATALOG_ITEM:MIG2-O-010:decorationPolicy,DQ-CATALOG-005,BLOCKER,CATALOG_ITEM,REVIEW,BULK_RESOLVABLE,CATALOG_ITEM,dab2fc69-5bc5-4612-ba0a-bad23d14f65c,WARNING,MIG2-O-010,Foamboard,MIG1-CAT-002,Design_To_Go_Catalog_v1.2_RC_MANGO_TANGO.xlsx,,decorationPolicy sin resolver
DQ-CATALOG-005:CATALOG_ITEM:MIG2-O-011:decorationPolicy,DQ-CATALOG-005,BLOCKER,CATALOG_ITEM,REVIEW,BULK_RESOLVABLE,CATALOG_ITEM,df48f7ea-3f03-4c15-b5a3-496040a7c82f,WARNING,MIG2-O-011,Acrílico impreso,MIG1-CAT-002,Design_To_Go_Catalog_v1.2_RC_MANGO_TANGO.xlsx,,decorationPolicy sin resolver
DQ-CATALOG-005:CATALOG_ITEM:MIG2-O-012:decorationPolicy,DQ-CATALOG-005,BLOCKER,CATALOG_ITEM,REVIEW,BULK_RESOLVABLE,CATALOG_ITEM,08bf8cdb-01ed-47ff-868a-0b3757f1097d,WARNING,MIG2-O-012,ACM / aluminio compuesto,MIG1-CAT-002,Design_To_Go_Catalog_v1.2_RC_MANGO_TANGO.xlsx,,decorationPolicy sin resolver
DQ-CATALOG-005:CATALOG_ITEM:MIG2-O-013:decorationPolicy,DQ-CATALOG-005,BLOCKER,CATALOG_ITEM,REVIEW,BULK_RESOLVABLE,CATALOG_ITEM,f3aa0201-c139-4b48-9a44-6215fcaed368,WARNING,MIG2-O-013,Figura / standee de coroplast,MIG1-CAT-002,Design_To_Go_Catalog_v1.2_RC_MANGO_TANGO.xlsx,,decorationPolicy sin resolver
DQ-CATALOG-005:CATALOG_ITEM:MIG2-O-014:decorationPolicy,DQ-CATALOG-005,BLOCKER,CATALOG_ITEM,REVIEW,BULK_RESOLVABLE,CATALOG_ITEM,b62f0ea2-c558-4c87-97c7-44e04d47e5c1,WARNING,MIG2-O-014,Coroplast por hoja,MIG1-CAT-002,Design_To_Go_Catalog_v1.2_RC_MANGO_TANGO.xlsx,,decorationPolicy sin resolver
DQ-CATALOG-005:CATALOG_ITEM:MIG2-O-015:decorationPolicy,DQ-CATALOG-005,BLOCKER,CATALOG_ITEM,REVIEW,BULK_RESOLVABLE,CATALOG_ITEM,0fb73030-251e-4fa9-a542-9a8f2cff7343,WARNING,MIG2-O-015,Bandera personalizada,MIG1-CAT-003,Design_To_Go_Catalog_v1.2_RC_MANGO_TANGO.xlsx,,decorationPolicy sin resolver
DQ-CATALOG-005:CATALOG_ITEM:MIG2-O-016:decorationPolicy,DQ-CATALOG-005,BLOCKER,CATALOG_ITEM,REVIEW,BULK_RESOLVABLE,CATALOG_ITEM,6a0ad3b0-575e-46b5-98cd-842333c0c189,WARNING,MIG2-O-016,Roll-Up / Retractable Banner,MIG1-CAT-003,Design_To_Go_Catalog_v1.2_RC_MANGO_TANGO.xlsx,,decorationPolicy sin resolver
DQ-CATALOG-005:CATALOG_ITEM:MIG2-O-017:decorationPolicy,DQ-CATALOG-005,BLOCKER,CATALOG_ITEM,REVIEW,BULK_RESOLVABLE,CATALOG_ITEM,a52f84c6-018a-417c-9055-8a7537ba766a,WARNING,MIG2-O-017,Polo,MIG1-CAT-004,Design_To_Go_Catalog_v1.2_RC_MANGO_TANGO.xlsx,,decorationPolicy sin resolver
DQ-CATALOG-005:CATALOG_ITEM:MIG2-O-018:decorationPolicy,DQ-CATALOG-005,BLOCKER,CATALOG_ITEM,REVIEW,BULK_RESOLVABLE,CATALOG_ITEM,da751fbd-454d-4f7f-b9a2-6738929e09a2,WARNING,MIG2-O-018,Gorra,MIG2-CAT-002,Design_To_Go_Catalog_v1.2_RC_MANGO_TANGO.xlsx,,decorationPolicy sin resolver
DQ-CATALOG-005:CATALOG_ITEM:MIG2-O-019:decorationPolicy,DQ-CATALOG-005,BLOCKER,CATALOG_ITEM,REVIEW,BULK_RESOLVABLE,CATALOG_ITEM,76bea0f9-1602-4ab6-9a7d-44a1eb0e89e6,WARNING,MIG2-O-019,Tank Top,MIG1-CAT-004,Design_To_Go_Catalog_v1.2_RC_MANGO_TANGO.xlsx,,decorationPolicy sin resolver
DQ-CATALOG-005:CATALOG_ITEM:MIG2-O-020:decorationPolicy,DQ-CATALOG-005,BLOCKER,CATALOG_ITEM,REVIEW,BULK_RESOLVABLE,CATALOG_ITEM,655d525f-dbea-449d-b08d-4d06eaf9213b,WARNING,MIG2-O-020,Hoodie con capucha sin cierre,MIG1-CAT-004,Design_To_Go_Catalog_v1.2_RC_MANGO_TANGO.xlsx,,decorationPolicy sin resolver
DQ-CATALOG-005:CATALOG_ITEM:MIG2-O-021:decorationPolicy,DQ-CATALOG-005,BLOCKER,CATALOG_ITEM,REVIEW,BULK_RESOLVABLE,CATALOG_ITEM,b7ec523f-40e1-461b-bade-a157d2ca665e,WARNING,MIG2-O-021,Uniforme,MIG1-CAT-004,Design_To_Go_Catalog_v1.2_RC_MANGO_TANGO.xlsx,,decorationPolicy sin resolver
DQ-CATALOG-005:CATALOG_ITEM:MIG2-O-022:decorationPolicy,DQ-CATALOG-005,BLOCKER,CATALOG_ITEM,REVIEW,BULK_RESOLVABLE,CATALOG_ITEM,e3b42245-20fc-4f87-bfe4-a1e1dd3f86f2,WARNING,MIG2-O-022,Mandil,MIG1-CAT-004,Design_To_Go_Catalog_v1.2_RC_MANGO_TANGO.xlsx,,decorationPolicy sin resolver
DQ-CATALOG-005:CATALOG_ITEM:MIG2-O-023:decorationPolicy,DQ-CATALOG-005,BLOCKER,CATALOG_ITEM,REVIEW,BULK_RESOLVABLE,CATALOG_ITEM,434cb6c9-e2e6-41db-ae1a-3e54c87018f7,WARNING,MIG2-O-023,Tote Bag,MIG1-CAT-004,Design_To_Go_Catalog_v1.2_RC_MANGO_TANGO.xlsx,,decorationPolicy sin resolver
DQ-CATALOG-005:CATALOG_ITEM:MIG2-O-024:decorationPolicy,DQ-CATALOG-005,BLOCKER,CATALOG_ITEM,REVIEW,BULK_RESOLVABLE,CATALOG_ITEM,7aad6692-ba72-4b5b-be8e-df8f98678bde,WARNING,MIG2-O-024,Parche textil,MIG1-CAT-004,Design_To_Go_Catalog_v1.2_RC_MANGO_TANGO.xlsx,,decorationPolicy sin resolver
DQ-CATALOG-005:CATALOG_ITEM:MIG2-O-025:decorationPolicy,DQ-CATALOG-005,BLOCKER,CATALOG_ITEM,REVIEW,BULK_RESOLVABLE,CATALOG_ITEM,bda53f21-3808-43f7-8998-ea996ac71333,WARNING,MIG2-O-025,Funda para cojín,MIG1-CAT-004,Design_To_Go_Catalog_v1.2_RC_MANGO_TANGO.xlsx,,decorationPolicy sin resolver
DQ-CATALOG-005:CATALOG_ITEM:MIG2-O-026:decorationPolicy,DQ-CATALOG-005,BLOCKER,CATALOG_ITEM,REVIEW,BULK_RESOLVABLE,CATALOG_ITEM,bbfaa39c-cd7d-4604-98dc-84f5bebf9da0,WARNING,MIG2-O-026,Lanyard,MIG1-CAT-004,Design_To_Go_Catalog_v1.2_RC_MANGO_TANGO.xlsx,,decorationPolicy sin resolver
DQ-CATALOG-005:CATALOG_ITEM:MIG2-O-027:decorationPolicy,DQ-CATALOG-005,BLOCKER,CATALOG_ITEM,REVIEW,BULK_RESOLVABLE,CATALOG_ITEM,4c3890d8-8678-4084-a28f-76893e1e7f2c,WARNING,MIG2-O-027,Listón para cabello,MIG1-CAT-004,Design_To_Go_Catalog_v1.2_RC_MANGO_TANGO.xlsx,,decorationPolicy sin resolver
DQ-CATALOG-005:CATALOG_ITEM:MIG2-O-028:decorationPolicy,DQ-CATALOG-005,BLOCKER,CATALOG_ITEM,REVIEW,BULK_RESOLVABLE,CATALOG_ITEM,abfbceef-bc5b-4ddc-85cd-4dbe425ce6a2,WARNING,MIG2-O-028,Listón personalizado,MIG1-CAT-004,Design_To_Go_Catalog_v1.2_RC_MANGO_TANGO.xlsx,,decorationPolicy sin resolver
DQ-CATALOG-005:CATALOG_ITEM:MIG2-O-029:decorationPolicy,DQ-CATALOG-005,BLOCKER,CATALOG_ITEM,REVIEW,BULK_RESOLVABLE,CATALOG_ITEM,5ce8514e-2bfa-4ed3-983b-3ce399ca70ae,WARNING,MIG2-O-029,Sippy Cup / vaso de chupón,MIG1-CAT-005,Design_To_Go_Catalog_v1.2_RC_MANGO_TANGO.xlsx,,decorationPolicy sin resolver
DQ-CATALOG-005:CATALOG_ITEM:MIG2-O-030:decorationPolicy,DQ-CATALOG-005,BLOCKER,CATALOG_ITEM,REVIEW,BULK_RESOLVABLE,CATALOG_ITEM,0f1ad375-713f-462a-aa15-e79e696dcdc8,WARNING,MIG2-O-030,Vaso de acero inoxidable,MIG1-CAT-005,Design_To_Go_Catalog_v1.2_RC_MANGO_TANGO.xlsx,,decorationPolicy sin resolver
DQ-CATALOG-005:CATALOG_ITEM:MIG2-O-031:decorationPolicy,DQ-CATALOG-005,BLOCKER,CATALOG_ITEM,REVIEW,BULK_RESOLVABLE,CATALOG_ITEM,f953531f-5f01-418c-9bc5-30f5dfaaf965,WARNING,MIG2-O-031,Tumbler,MIG1-CAT-005,Design_To_Go_Catalog_v1.2_RC_MANGO_TANGO.xlsx,,decorationPolicy sin resolver
DQ-CATALOG-005:CATALOG_ITEM:MIG2-O-032:decorationPolicy,DQ-CATALOG-005,BLOCKER,CATALOG_ITEM,REVIEW,BULK_RESOLVABLE,CATALOG_ITEM,a05e34bd-d91f-490c-9d72-cec63cb05721,WARNING,MIG2-O-032,Cilindro,MIG1-CAT-005,Design_To_Go_Catalog_v1.2_RC_MANGO_TANGO.xlsx,,decorationPolicy sin resolver
DQ-CATALOG-005:CATALOG_ITEM:MIG2-O-033:decorationPolicy,DQ-CATALOG-005,BLOCKER,CATALOG_ITEM,REVIEW,BULK_RESOLVABLE,CATALOG_ITEM,91d2aa6c-fd28-4da9-a35c-76745e47a0f4,WARNING,MIG2-O-033,Botella,MIG1-CAT-005,Design_To_Go_Catalog_v1.2_RC_MANGO_TANGO.xlsx,,decorationPolicy sin resolver
DQ-CATALOG-005:CATALOG_ITEM:MIG2-O-034:decorationPolicy,DQ-CATALOG-005,BLOCKER,CATALOG_ITEM,REVIEW,BULK_RESOLVABLE,CATALOG_ITEM,8830fd61-9508-47c2-b7e7-0c882a962c10,WARNING,MIG2-O-034,Tarro,MIG1-CAT-005,Design_To_Go_Catalog_v1.2_RC_MANGO_TANGO.xlsx,,decorationPolicy sin resolver
DQ-CATALOG-005:CATALOG_ITEM:MIG2-O-035:decorationPolicy,DQ-CATALOG-005,BLOCKER,CATALOG_ITEM,REVIEW,BULK_RESOLVABLE,CATALOG_ITEM,ec569dd0-9a0a-4810-b8af-27690e868f37,WARNING,MIG2-O-035,Taza personalizada,MIG1-CAT-005,Design_To_Go_Catalog_v1.2_RC_MANGO_TANGO.xlsx,,decorationPolicy sin resolver
DQ-CATALOG-005:CATALOG_ITEM:MIG2-O-036:decorationPolicy,DQ-CATALOG-005,BLOCKER,CATALOG_ITEM,REVIEW,BULK_RESOLVABLE,CATALOG_ITEM,60c0e2d1-3ce9-40e2-8e44-11551a9f01f7,WARNING,MIG2-O-036,Flyers,MIG1-CAT-006,Design_To_Go_Catalog_v1.2_RC_MANGO_TANGO.xlsx,,decorationPolicy sin resolver
DQ-CATALOG-005:CATALOG_ITEM:MIG2-O-037:decorationPolicy,DQ-CATALOG-005,BLOCKER,CATALOG_ITEM,REVIEW,BULK_RESOLVABLE,CATALOG_ITEM,7986a861-66d9-44bc-be34-cb8417fc01c7,WARNING,MIG2-O-037,Tabloides,MIG1-CAT-006,Design_To_Go_Catalog_v1.2_RC_MANGO_TANGO.xlsx,,decorationPolicy sin resolver
DQ-CATALOG-005:CATALOG_ITEM:MIG2-O-038:decorationPolicy,DQ-CATALOG-005,BLOCKER,CATALOG_ITEM,REVIEW,BULK_RESOLVABLE,CATALOG_ITEM,20392d5c-937a-43a6-b89a-2f28c355fba3,WARNING,MIG2-O-038,Posters,MIG1-CAT-006,Design_To_Go_Catalog_v1.2_RC_MANGO_TANGO.xlsx,,decorationPolicy sin resolver
DQ-CATALOG-005:CATALOG_ITEM:MIG2-O-039:decorationPolicy,DQ-CATALOG-005,BLOCKER,CATALOG_ITEM,REVIEW,BULK_RESOLVABLE,CATALOG_ITEM,5fa2a453-3877-4740-941d-4d2c0c511c12,WARNING,MIG2-O-039,Menús,MIG1-CAT-006,Design_To_Go_Catalog_v1.2_RC_MANGO_TANGO.xlsx,,decorationPolicy sin resolver
DQ-CATALOG-005:CATALOG_ITEM:MIG2-O-040:decorationPolicy,DQ-CATALOG-005,BLOCKER,CATALOG_ITEM,REVIEW,BULK_RESOLVABLE,CATALOG_ITEM,e5793b05-cd92-4337-b5c6-97c3ba9c1980,WARNING,MIG2-O-040,Postales,MIG1-CAT-006,Design_To_Go_Catalog_v1.2_RC_MANGO_TANGO.xlsx,,decorationPolicy sin resolver
DQ-CATALOG-005:CATALOG_ITEM:MIG2-O-041:decorationPolicy,DQ-CATALOG-005,BLOCKER,CATALOG_ITEM,REVIEW,BULK_RESOLVABLE,CATALOG_ITEM,8fabdca1-d5ac-4f90-82a7-2f00aa4ab832,WARNING,MIG2-O-041,Stickers de papel,MIG1-CAT-007,Design_To_Go_Catalog_v1.2_RC_MANGO_TANGO.xlsx,,decorationPolicy sin resolver
DQ-CATALOG-005:CATALOG_ITEM:MIG2-O-042:decorationPolicy,DQ-CATALOG-005,BLOCKER,CATALOG_ITEM,REVIEW,BULK_RESOLVABLE,CATALOG_ITEM,bc204dde-8aec-4a36-b565-20c84c10f85a,WARNING,MIG2-O-042,Stickers transparentes,MIG1-CAT-007,Design_To_Go_Catalog_v1.2_RC_MANGO_TANGO.xlsx,,decorationPolicy sin resolver
DQ-CATALOG-005:CATALOG_ITEM:MIG2-O-043:decorationPolicy,DQ-CATALOG-005,BLOCKER,CATALOG_ITEM,REVIEW,BULK_RESOLVABLE,CATALOG_ITEM,53cdb1a7-a42f-4d10-bb82-8cf6a5b6045b,WARNING,MIG2-O-043,Stickers holográficos,MIG1-CAT-007,Design_To_Go_Catalog_v1.2_RC_MANGO_TANGO.xlsx,,decorationPolicy sin resolver
DQ-CATALOG-005:CATALOG_ITEM:MIG2-O-044:decorationPolicy,DQ-CATALOG-005,BLOCKER,CATALOG_ITEM,REVIEW,BULK_RESOLVABLE,CATALOG_ITEM,b2f08397-b478-4c01-a1ef-14daf3ff85c5,WARNING,MIG2-O-044,Stickers reflectivos,MIG1-CAT-007,Design_To_Go_Catalog_v1.2_RC_MANGO_TANGO.xlsx,,decorationPolicy sin resolver
DQ-CATALOG-005:CATALOG_ITEM:MIG2-O-045:decorationPolicy,DQ-CATALOG-005,BLOCKER,CATALOG_ITEM,REVIEW,BULK_RESOLVABLE,CATALOG_ITEM,2ee59749-d24f-4c05-8cd7-fc50f8f21c7b,WARNING,MIG2-O-045,Etiquetas para productos,MIG1-CAT-007,Design_To_Go_Catalog_v1.2_RC_MANGO_TANGO.xlsx,,decorationPolicy sin resolver
DQ-CATALOG-005:CATALOG_ITEM:MIG2-O-046:decorationPolicy,DQ-CATALOG-005,BLOCKER,CATALOG_ITEM,REVIEW,BULK_RESOLVABLE,CATALOG_ITEM,05cfa0b6-4704-41c1-9aa6-c2bb75df7d2d,WARNING,MIG2-O-046,Tarjetas complementarias,MIG1-CAT-006,Design_To_Go_Catalog_v1.2_RC_MANGO_TANGO.xlsx,,decorationPolicy sin resolver
DQ-CATALOG-005:CATALOG_ITEM:MIG2-O-047:decorationPolicy,DQ-CATALOG-005,BLOCKER,CATALOG_ITEM,REVIEW,BULK_RESOLVABLE,CATALOG_ITEM,44b7c501-d106-4382-baef-c77bd3fdb0b3,WARNING,MIG2-O-047,Seating card / place card,MIG1-CAT-006,Design_To_Go_Catalog_v1.2_RC_MANGO_TANGO.xlsx,,decorationPolicy sin resolver
DQ-CATALOG-005:CATALOG_ITEM:MIG2-O-048:decorationPolicy,DQ-CATALOG-005,BLOCKER,CATALOG_ITEM,REVIEW,BULK_RESOLVABLE,CATALOG_ITEM,3909563a-f76f-4641-a5ed-90a90ce5f77f,WARNING,MIG2-O-048,Thank-you card,MIG1-CAT-006,Design_To_Go_Catalog_v1.2_RC_MANGO_TANGO.xlsx,,decorationPolicy sin resolver
DQ-CATALOG-005:CATALOG_ITEM:MIG2-O-049:decorationPolicy,DQ-CATALOG-005,BLOCKER,CATALOG_ITEM,REVIEW,BULK_RESOLVABLE,CATALOG_ITEM,aa7f5c51-7efd-43d9-9dac-067f8cc6b68c,WARNING,MIG2-O-049,A-Sign / A-Frame,MIG1-CAT-003,Design_To_Go_Catalog_v1.2_RC_MANGO_TANGO.xlsx,,decorationPolicy sin resolver
DQ-CATALOG-005:CATALOG_ITEM:MIG2-O-050:decorationPolicy,DQ-CATALOG-005,BLOCKER,CATALOG_ITEM,REVIEW,BULK_RESOLVABLE,CATALOG_ITEM,4cf9725e-77f5-428b-8e0e-4a907ca863fe,WARNING,MIG2-O-050,Canopy personalizado,MIG1-CAT-003,Design_To_Go_Catalog_v1.2_RC_MANGO_TANGO.xlsx,,decorationPolicy sin resolver
DQ-CATALOG-005:CATALOG_ITEM:MIG2-O-051:decorationPolicy,DQ-CATALOG-005,BLOCKER,CATALOG_ITEM,REVIEW,BULK_RESOLVABLE,CATALOG_ITEM,ef537735-8f40-40a6-8ecb-193f72015338,WARNING,MIG2-O-051,Pop-Up Display,MIG1-CAT-003,Design_To_Go_Catalog_v1.2_RC_MANGO_TANGO.xlsx,,decorationPolicy sin resolver
DQ-CATALOG-005:CATALOG_ITEM:MIG2-O-052:decorationPolicy,DQ-CATALOG-005,BLOCKER,CATALOG_ITEM,REVIEW,BULK_RESOLVABLE,CATALOG_ITEM,1ab422ff-9550-4935-ad9a-1e26a479e79a,WARNING,MIG2-O-052,Backdrop,MIG1-CAT-003,Design_To_Go_Catalog_v1.2_RC_MANGO_TANGO.xlsx,,decorationPolicy sin resolver
DQ-CATALOG-005:CATALOG_ITEM:MIG2-O-053:decorationPolicy,DQ-CATALOG-005,BLOCKER,CATALOG_ITEM,REVIEW,BULK_RESOLVABLE,CATALOG_ITEM,06738188-cce1-433f-90af-7407777d44b8,WARNING,MIG2-O-053,Pulsera personalizada,MIG1-CAT-008,Design_To_Go_Catalog_v1.2_RC_MANGO_TANGO.xlsx,,decorationPolicy sin resolver
DQ-CATALOG-005:CATALOG_ITEM:MIG2-O-054:decorationPolicy,DQ-CATALOG-005,BLOCKER,CATALOG_ITEM,REVIEW,BULK_RESOLVABLE,CATALOG_ITEM,1e8cd34f-3a0f-4346-b017-d8dd15a01ef6,WARNING,MIG2-O-054,Lentes personalizados,MIG1-CAT-008,Design_To_Go_Catalog_v1.2_RC_MANGO_TANGO.xlsx,,decorationPolicy sin resolver
DQ-CATALOG-005:CATALOG_ITEM:MIG2-O-055:decorationPolicy,DQ-CATALOG-005,BLOCKER,CATALOG_ITEM,REVIEW,BULK_RESOLVABLE,CATALOG_ITEM,eed68668-1fa5-486c-9a9b-a3398f1e37bd,WARNING,MIG2-O-055,Pantuflas personalizadas,MIG1-CAT-008,Design_To_Go_Catalog_v1.2_RC_MANGO_TANGO.xlsx,,decorationPolicy sin resolver
DQ-CATALOG-005:CATALOG_ITEM:MIG2-O-056:decorationPolicy,DQ-CATALOG-005,BLOCKER,CATALOG_ITEM,REVIEW,BULK_RESOLVABLE,CATALOG_ITEM,0e76fcf9-3149-4d78-8c38-bf40457b542a,WARNING,MIG2-O-056,Botecito de gel personalizado,MIG1-CAT-008,Design_To_Go_Catalog_v1.2_RC_MANGO_TANGO.xlsx,,decorationPolicy sin resolver
DQ-CATALOG-005:CATALOG_ITEM:MIG2-O-057:decorationPolicy,DQ-CATALOG-005,BLOCKER,CATALOG_ITEM,REVIEW,BULK_RESOLVABLE,CATALOG_ITEM,50c8d807-64b0-416d-a57f-ba1f2b5a6554,WARNING,MIG2-O-057,Reconocimiento metálico,MIG1-CAT-009,Design_To_Go_Catalog_v1.2_RC_MANGO_TANGO.xlsx,,decorationPolicy sin resolver
DQ-CATALOG-005:CATALOG_ITEM:MIG2-O-058:decorationPolicy,DQ-CATALOG-005,BLOCKER,CATALOG_ITEM,REVIEW,BULK_RESOLVABLE,CATALOG_ITEM,462ebfa4-826c-4f75-8452-5a4b7c14d2ed,WARNING,MIG2-O-058,Dog Tag,MIG1-CAT-009,Design_To_Go_Catalog_v1.2_RC_MANGO_TANGO.xlsx,,decorationPolicy sin resolver
DQ-CATALOG-005:CATALOG_ITEM:MIG2-O-059:decorationPolicy,DQ-CATALOG-005,BLOCKER,CATALOG_ITEM,REVIEW,BULK_RESOLVABLE,CATALOG_ITEM,0409fe62-fe22-472b-b674-b6c060dda34f,WARNING,MIG2-O-059,Pluma personalizada,MIG1-CAT-009,Design_To_Go_Catalog_v1.2_RC_MANGO_TANGO.xlsx,,decorationPolicy sin resolver
DQ-CATALOG-005:CATALOG_ITEM:MIG2-O-060:decorationPolicy,DQ-CATALOG-005,BLOCKER,CATALOG_ITEM,REVIEW,BULK_RESOLVABLE,CATALOG_ITEM,d0ae2607-ad38-4a99-a335-a17eb1102f21,WARNING,MIG2-O-060,Topper acrílico,MIG1-CAT-009,Design_To_Go_Catalog_v1.2_RC_MANGO_TANGO.xlsx,,decorationPolicy sin resolver
DQ-CATALOG-005:CATALOG_ITEM:MIG2-O-061:decorationPolicy,DQ-CATALOG-005,BLOCKER,CATALOG_ITEM,REVIEW,BULK_RESOLVABLE,CATALOG_ITEM,49031e46-6487-45d3-97e4-af9784fda4e3,WARNING,MIG2-O-061,Etiqueta rígida,MIG1-CAT-009,Design_To_Go_Catalog_v1.2_RC_MANGO_TANGO.xlsx,,decorationPolicy sin resolver
DQ-CATALOG-005:CATALOG_ITEM:MIG2-O-062:decorationPolicy,DQ-CATALOG-005,BLOCKER,CATALOG_ITEM,REVIEW,BULK_RESOLVABLE,CATALOG_ITEM,aeea8ab3-ce88-4849-8320-28c55dd08c27,WARNING,MIG2-O-062,Bordado como servicio,,Design_To_Go_Catalog_v1.2_RC_MANGO_TANGO.xlsx,,decorationPolicy sin resolver
DQ-CATALOG-005:CATALOG_ITEM:MIG2-O-063:decorationPolicy,DQ-CATALOG-005,BLOCKER,CATALOG_ITEM,REVIEW,BULK_RESOLVABLE,CATALOG_ITEM,3abfd4ab-edb7-4ed8-973d-31628e2f6e67,WARNING,MIG2-O-063,Serigrafía como servicio,,Design_To_Go_Catalog_v1.2_RC_MANGO_TANGO.xlsx,,decorationPolicy sin resolver
DQ-CATALOG-005:CATALOG_ITEM:MIG2-O-064:decorationPolicy,DQ-CATALOG-005,BLOCKER,CATALOG_ITEM,REVIEW,BULK_RESOLVABLE,CATALOG_ITEM,82f475f1-6918-4115-b74b-268dee572cb0,WARNING,MIG2-O-064,Vinil textil / HTV como servicio,,Design_To_Go_Catalog_v1.2_RC_MANGO_TANGO.xlsx,,decorationPolicy sin resolver
DQ-CATALOG-005:CATALOG_ITEM:MIGF-O-001:decorationPolicy,DQ-CATALOG-005,BLOCKER,CATALOG_ITEM,REVIEW,BULK_RESOLVABLE,CATALOG_ITEM,30c20b62-abe5-467f-9b69-4b65933e1892,WARNING,MIGF-O-001,Manga larga,MIG1-CAT-004,Design_To_Go_Catalog_v1.2_RC_MANGO_TANGO.xlsx,,decorationPolicy sin resolver
DQ-CATALOG-005:CATALOG_ITEM:MIGF-O-002:decorationPolicy,DQ-CATALOG-005,BLOCKER,CATALOG_ITEM,REVIEW,BULK_RESOLVABLE,CATALOG_ITEM,e292b4c8-a270-4a4e-b4f8-bda66d9039c6,WARNING,MIGF-O-002,Sweater / sudadera cuello redondo sin capucha,MIG1-CAT-004,Design_To_Go_Catalog_v1.2_RC_MANGO_TANGO.xlsx,,decorationPolicy sin resolver
DQ-CATALOG-005:CATALOG_ITEM:MIGF-O-003:decorationPolicy,DQ-CATALOG-005,BLOCKER,CATALOG_ITEM,REVIEW,BULK_RESOLVABLE,CATALOG_ITEM,258923a2-b5e6-4b4f-9b43-1ee1e827f9b9,WARNING,MIGF-O-003,Sudadera,MIG1-CAT-004,Design_To_Go_Catalog_v1.2_RC_MANGO_TANGO.xlsx,,decorationPolicy sin resolver
DQ-CATALOG-005:CATALOG_ITEM:MIGF-O-005:decorationPolicy,DQ-CATALOG-005,BLOCKER,CATALOG_ITEM,REVIEW,BULK_RESOLVABLE,CATALOG_ITEM,49fd89d7-c8b9-48db-b65e-61b52c6edcdd,WARNING,MIGF-O-005,Vaso de especialidad,MIG1-CAT-005,Design_To_Go_Catalog_v1.2_RC_MANGO_TANGO.xlsx,,decorationPolicy sin resolver
DQ-CATALOG-005:CATALOG_ITEM:MIGF-O-006:decorationPolicy,DQ-CATALOG-005,BLOCKER,CATALOG_ITEM,REVIEW,BULK_RESOLVABLE,CATALOG_ITEM,f63e4bd5-d4f6-48c9-b1f0-d8ecc752b03d,WARNING,MIGF-O-006,Otros vasos para eventos,MIG1-CAT-005,Design_To_Go_Catalog_v1.2_RC_MANGO_TANGO.xlsx,,decorationPolicy sin resolver
DQ-CATALOG-005:CATALOG_ITEM:MIGF-O-007:decorationPolicy,DQ-CATALOG-005,BLOCKER,CATALOG_ITEM,REVIEW,BULK_RESOLVABLE,CATALOG_ITEM,c94b3955-e55a-4faa-8026-4db39af0ced2,WARNING,MIGF-O-007,Etiquetas especiales,MIG1-CAT-007,Design_To_Go_Catalog_v1.2_RC_MANGO_TANGO.xlsx,,decorationPolicy sin resolver
DQ-CATALOG-005:CATALOG_ITEM:MIGF-O-008:decorationPolicy,DQ-CATALOG-005,BLOCKER,CATALOG_ITEM,REVIEW,BULK_RESOLVABLE,CATALOG_ITEM,ba37a66e-7980-4b17-9706-73d8fab10398,WARNING,MIGF-O-008,Invitación sencilla,MIG1-CAT-006,Design_To_Go_Catalog_v1.2_RC_MANGO_TANGO.xlsx,,decorationPolicy sin resolver
DQ-CATALOG-005:CATALOG_ITEM:MIGF-O-009:decorationPolicy,DQ-CATALOG-005,BLOCKER,CATALOG_ITEM,REVIEW,BULK_RESOLVABLE,CATALOG_ITEM,5505fc33-a933-4065-b10c-4e5cfeeb1d8a,WARNING,MIGF-O-009,Invitación premium,MIG1-CAT-006,Design_To_Go_Catalog_v1.2_RC_MANGO_TANGO.xlsx,,decorationPolicy sin resolver
DQ-CATALOG-005:CATALOG_ITEM:MIGF-O-010:decorationPolicy,DQ-CATALOG-005,BLOCKER,CATALOG_ITEM,REVIEW,BULK_RESOLVABLE,CATALOG_ITEM,618a495c-470d-4100-8e3f-0b0518a61481,WARNING,MIGF-O-010,Invitación para evento,MIG1-CAT-006,Design_To_Go_Catalog_v1.2_RC_MANGO_TANGO.xlsx,,decorationPolicy sin resolver
DQ-CATALOG-005:CATALOG_ITEM:MIGF-O-011:decorationPolicy,DQ-CATALOG-005,BLOCKER,CATALOG_ITEM,REVIEW,BULK_RESOLVABLE,CATALOG_ITEM,e3026e0a-b066-4f7e-bfba-5cd4ee9303b4,WARNING,MIGF-O-011,Invitación con sobre,MIG1-CAT-006,Design_To_Go_Catalog_v1.2_RC_MANGO_TANGO.xlsx,,decorationPolicy sin resolver
DQ-CATALOG-005:CATALOG_ITEM:MIGF-O-012:decorationPolicy,DQ-CATALOG-005,BLOCKER,CATALOG_ITEM,REVIEW,BULK_RESOLVABLE,CATALOG_ITEM,09c5ec5c-1be5-4b4e-ae29-9888e511269f,WARNING,MIGF-O-012,Invitación con sello,MIG1-CAT-006,Design_To_Go_Catalog_v1.2_RC_MANGO_TANGO.xlsx,,decorationPolicy sin resolver
DQ-CATALOG-005:CATALOG_ITEM:MIGF-O-013:decorationPolicy,DQ-CATALOG-005,BLOCKER,CATALOG_ITEM,REVIEW,BULK_RESOLVABLE,CATALOG_ITEM,44d3971a-3fd5-436f-b566-88827a15afe6,WARNING,MIGF-O-013,Invitación con acrílico,MIG1-CAT-006,Design_To_Go_Catalog_v1.2_RC_MANGO_TANGO.xlsx,,decorationPolicy sin resolver
DQ-CATALOG-005:CATALOG_ITEM:MIGF-O-014:decorationPolicy,DQ-CATALOG-005,BLOCKER,CATALOG_ITEM,REVIEW,BULK_RESOLVABLE,CATALOG_ITEM,30f76c86-cbfe-4cde-8907-fbf2a7192b92,WARNING,MIGF-O-014,Invitación especial,MIG1-CAT-006,Design_To_Go_Catalog_v1.2_RC_MANGO_TANGO.xlsx,,decorationPolicy sin resolver
DQ-CATALOG-005:CATALOG_ITEM:MIGF-O-015:decorationPolicy,DQ-CATALOG-005,BLOCKER,CATALOG_ITEM,REVIEW,BULK_RESOLVABLE,CATALOG_ITEM,1c3ecbd6-ddf2-4721-8361-2a6111209c94,WARNING,MIGF-O-015,Imanes para vehículo — par de 2 × 1 ft,MIG1-CAT-009,Design_To_Go_Catalog_v1.2_RC_MANGO_TANGO.xlsx,,decorationPolicy sin resolver
DQ-CATALOG-005:CATALOG_ITEM:MIGF-O-016:decorationPolicy,DQ-CATALOG-005,BLOCKER,CATALOG_ITEM,REVIEW,BULK_RESOLVABLE,CATALOG_ITEM,dce741db-6dc2-429d-a667-09281f7c2b13,WARNING,MIGF-O-016,Display para evento,MIG1-CAT-003,Design_To_Go_Catalog_v1.2_RC_MANGO_TANGO.xlsx,,decorationPolicy sin resolver
DQ-CATALOG-005:CATALOG_ITEM:MIGF-O-017:decorationPolicy,DQ-CATALOG-005,BLOCKER,CATALOG_ITEM,REVIEW,BULK_RESOLVABLE,CATALOG_ITEM,1714fc80-71f1-4af0-8d45-d8181a61eefa,WARNING,MIGF-O-017,Vaso personalizado para eventos,MIG1-CAT-008,Design_To_Go_Catalog_v1.2_RC_MANGO_TANGO.xlsx,,decorationPolicy sin resolver
DQ-CATALOG-005:CATALOG_ITEM:MIGF-O-018:decorationPolicy,DQ-CATALOG-005,BLOCKER,CATALOG_ITEM,REVIEW,BULK_RESOLVABLE,CATALOG_ITEM,fa73d9aa-6019-40d6-b033-b4138c9e00d9,WARNING,MIGF-O-018,Llavero,MIG1-CAT-008,Design_To_Go_Catalog_v1.2_RC_MANGO_TANGO.xlsx,,decorationPolicy sin resolver
DQ-CATALOG-005:CATALOG_ITEM:MIGF-O-019:decorationPolicy,DQ-CATALOG-005,BLOCKER,CATALOG_ITEM,REVIEW,BULK_RESOLVABLE,CATALOG_ITEM,6d837184-71d6-4bd9-9f73-d9ac4014ae13,WARNING,MIGF-O-019,Bolsita personalizada,MIG1-CAT-008,Design_To_Go_Catalog_v1.2_RC_MANGO_TANGO.xlsx,,decorationPolicy sin resolver
DQ-CATALOG-005:CATALOG_ITEM:MIGF-O-020:decorationPolicy,DQ-CATALOG-005,BLOCKER,CATALOG_ITEM,REVIEW,BULK_RESOLVABLE,CATALOG_ITEM,c49a68e3-5027-4851-bda7-1a4a3bb66d11,WARNING,MIGF-O-020,Recuerdo personalizado,MIG1-CAT-008,Design_To_Go_Catalog_v1.2_RC_MANGO_TANGO.xlsx,,decorationPolicy sin resolver
DQ-CATALOG-005:CATALOG_ITEM:MIGF-O-021:decorationPolicy,DQ-CATALOG-005,BLOCKER,CATALOG_ITEM,REVIEW,BULK_RESOLVABLE,CATALOG_ITEM,e96f2e10-9557-48a5-bbe4-795f94ae9bd9,WARNING,MIGF-O-021,Merch para eventos,MIG1-CAT-008,Design_To_Go_Catalog_v1.2_RC_MANGO_TANGO.xlsx,,decorationPolicy sin resolver
DQ-CATALOG-005:CATALOG_ITEM:MIGF-O-022:decorationPolicy,DQ-CATALOG-005,BLOCKER,CATALOG_ITEM,REVIEW,BULK_RESOLVABLE,CATALOG_ITEM,82cc8b3a-8507-4ad2-b7a4-f00619aa6a99,WARNING,MIGF-O-022,Producto de Merch Store,MIG1-CAT-008,Design_To_Go_Catalog_v1.2_RC_MANGO_TANGO.xlsx,,decorationPolicy sin resolver
DQ-CATALOG-005:CATALOG_ITEM:MIGF-O-023:decorationPolicy,DQ-CATALOG-005,BLOCKER,CATALOG_ITEM,REVIEW,BULK_RESOLVABLE,CATALOG_ITEM,3fe2798c-15d2-4d40-851b-729ec2d219a1,WARNING,MIGF-O-023,Placa metálica de reconocimiento,MIG1-CAT-009,Design_To_Go_Catalog_v1.2_RC_MANGO_TANGO.xlsx,,decorationPolicy sin resolver
DQ-CATALOG-005:CATALOG_ITEM:MIGF-O-024:decorationPolicy,DQ-CATALOG-005,BLOCKER,CATALOG_ITEM,REVIEW,BULK_RESOLVABLE,CATALOG_ITEM,acfa406e-8209-4f64-9d9c-4b72f4f45fa2,WARNING,MIGF-O-024,Placa metálica de identificación,MIG1-CAT-009,Design_To_Go_Catalog_v1.2_RC_MANGO_TANGO.xlsx,,decorationPolicy sin resolver
DQ-CATALOG-005:CATALOG_ITEM:MIGF-O-025:decorationPolicy,DQ-CATALOG-005,BLOCKER,CATALOG_ITEM,REVIEW,BULK_RESOLVABLE,CATALOG_ITEM,c1e385d7-d8be-445a-b9e2-93e1d7f45c4a,WARNING,MIGF-O-025,Placa para trailer,MIG1-CAT-009,Design_To_Go_Catalog_v1.2_RC_MANGO_TANGO.xlsx,,decorationPolicy sin resolver
DQ-CATALOG-005:CATALOG_ITEM:MIGF-O-026:decorationPolicy,DQ-CATALOG-005,BLOCKER,CATALOG_ITEM,REVIEW,BULK_RESOLVABLE,CATALOG_ITEM,84d3bf80-ec01-4a37-be7e-33fd23d131ca,WARNING,MIGF-O-026,Placa para vehículo,MIG1-CAT-009,Design_To_Go_Catalog_v1.2_RC_MANGO_TANGO.xlsx,,decorationPolicy sin resolver
DQ-CATALOG-005:CATALOG_ITEM:MIGF-O-027:decorationPolicy,DQ-CATALOG-005,BLOCKER,CATALOG_ITEM,REVIEW,BULK_RESOLVABLE,CATALOG_ITEM,98c8f4ba-4b42-463c-a550-0f5c9a7761ef,WARNING,MIGF-O-027,Tag para maquinaria/equipo,MIG1-CAT-009,Design_To_Go_Catalog_v1.2_RC_MANGO_TANGO.xlsx,,decorationPolicy sin resolver
DQ-CATALOG-005:CATALOG_ITEM:MIGF-O-028:decorationPolicy,DQ-CATALOG-005,BLOCKER,CATALOG_ITEM,REVIEW,BULK_RESOLVABLE,CATALOG_ITEM,34ff9275-0b2f-45f8-8f16-4954e245416d,WARNING,MIGF-O-028,Llavero UV DTF,MIG1-CAT-009,Design_To_Go_Catalog_v1.2_RC_MANGO_TANGO.xlsx,,decorationPolicy sin resolver
DQ-CATALOG-005:CATALOG_ITEM:MIGF-O-029:decorationPolicy,DQ-CATALOG-005,BLOCKER,CATALOG_ITEM,REVIEW,BULK_RESOLVABLE,CATALOG_ITEM,8d33d7ef-713f-4b75-87aa-d236d50ed26d,WARNING,MIGF-O-029,Recuerdo UV DTF,MIG1-CAT-009,Design_To_Go_Catalog_v1.2_RC_MANGO_TANGO.xlsx,,decorationPolicy sin resolver
DQ-CATALOG-005:CATALOG_ITEM:MIGF-O-030:decorationPolicy,DQ-CATALOG-005,BLOCKER,CATALOG_ITEM,REVIEW,BULK_RESOLVABLE,CATALOG_ITEM,6da84e64-459c-4c18-b028-55b1c41ee985,WARNING,MIGF-O-030,Placa acrílica,MIG1-CAT-009,Design_To_Go_Catalog_v1.2_RC_MANGO_TANGO.xlsx,,decorationPolicy sin resolver
DQ-CATALOG-005:CATALOG_ITEM:MIGF-O-031:decorationPolicy,DQ-CATALOG-005,BLOCKER,CATALOG_ITEM,REVIEW,BULK_RESOLVABLE,CATALOG_ITEM,c3460301-17af-42b3-8c6a-af237966f528,WARNING,MIGF-O-031,Placa para puerta,MIG1-CAT-009,Design_To_Go_Catalog_v1.2_RC_MANGO_TANGO.xlsx,,decorationPolicy sin resolver
DQ-CATALOG-005:CATALOG_ITEM:MIGF-O-032:decorationPolicy,DQ-CATALOG-005,BLOCKER,CATALOG_ITEM,REVIEW,BULK_RESOLVABLE,CATALOG_ITEM,14820be7-d46e-40bc-8adb-802b0709da84,WARNING,MIGF-O-032,Placa para buzón,MIG1-CAT-009,Design_To_Go_Catalog_v1.2_RC_MANGO_TANGO.xlsx,,decorationPolicy sin resolver
DQ-CATALOG-005:CATALOG_ITEM:MIGF-O-033:decorationPolicy,DQ-CATALOG-005,BLOCKER,CATALOG_ITEM,REVIEW,BULK_RESOLVABLE,CATALOG_ITEM,5f579223-8b48-42cc-be8d-c09b419ea3cd,WARNING,MIGF-O-033,Vaso con UV DTF,MIG1-CAT-009,Design_To_Go_Catalog_v1.2_RC_MANGO_TANGO.xlsx,,decorationPolicy sin resolver
DQ-CATALOG-005:CATALOG_ITEM:MIGF-O-034:decorationPolicy,DQ-CATALOG-005,BLOCKER,CATALOG_ITEM,REVIEW,BULK_RESOLVABLE,CATALOG_ITEM,b8c28f67-5a24-4b00-ab9a-ffa470e1560e,WARNING,MIGF-O-034,Producto de vidrio con UV DTF,MIG1-CAT-005,Design_To_Go_Catalog_v1.2_RC_MANGO_TANGO.xlsx,,decorationPolicy sin resolver
DQ-CATALOG-005:CATALOG_ITEM:MIGF-O-035:decorationPolicy,DQ-CATALOG-005,BLOCKER,CATALOG_ITEM,REVIEW,BULK_RESOLVABLE,CATALOG_ITEM,bc315c28-ae23-48ac-bab1-94d15c77c95d,WARNING,MIGF-O-035,Producto metálico con UV DTF,MIG1-CAT-009,Design_To_Go_Catalog_v1.2_RC_MANGO_TANGO.xlsx,,decorationPolicy sin resolver
DQ-CATALOG-005:CATALOG_ITEM:MIGF-O-036:decorationPolicy,DQ-CATALOG-005,BLOCKER,CATALOG_ITEM,REVIEW,BULK_RESOLVABLE,CATALOG_ITEM,ca990509-a48b-4d11-a004-179af451c6c2,WARNING,MIGF-O-036,Producto plástico con UV DTF,MIG1-CAT-009,Design_To_Go_Catalog_v1.2_RC_MANGO_TANGO.xlsx,,decorationPolicy sin resolver
DQ-CATALOG-005:CATALOG_ITEM:MIGF-O-037:decorationPolicy,DQ-CATALOG-005,BLOCKER,CATALOG_ITEM,REVIEW,BULK_RESOLVABLE,CATALOG_ITEM,14ec6bc9-4d04-4899-b3bd-d4cbe8d022c5,WARNING,MIGF-O-037,Producto de madera compatible con UV DTF,MIG1-CAT-009,Design_To_Go_Catalog_v1.2_RC_MANGO_TANGO.xlsx,,decorationPolicy sin resolver
DQ-CATALOG-005:CATALOG_ITEM:MIGF-O-038:decorationPolicy,DQ-CATALOG-005,BLOCKER,CATALOG_ITEM,REVIEW,BULK_RESOLVABLE,CATALOG_ITEM,5593c543-a338-4e9f-9005-1243d23b8453,WARNING,MIGF-O-038,Ampliación fotográfica,MIGF-CAT-001,Design_To_Go_Catalog_v1.2_RC_MANGO_TANGO.xlsx,,decorationPolicy sin resolver
DQ-CATALOG-005:CATALOG_ITEM:MIGF-O-039:decorationPolicy,DQ-CATALOG-005,BLOCKER,CATALOG_ITEM,REVIEW,BULK_RESOLVABLE,CATALOG_ITEM,4231552f-5562-4fa3-8883-d9883360cce0,WARNING,MIGF-O-039,Canvas fotográfico,MIGF-CAT-001,Design_To_Go_Catalog_v1.2_RC_MANGO_TANGO.xlsx,,decorationPolicy sin resolver
DQ-CATALOG-005:CATALOG_ITEM:MIGF-O-040:decorationPolicy,DQ-CATALOG-005,BLOCKER,CATALOG_ITEM,REVIEW,BULK_RESOLVABLE,CATALOG_ITEM,1e0d4068-8c08-4c5f-bb99-e0f4a598bf3c,WARNING,MIGF-O-040,Cuadro de acrílico,MIGF-CAT-001,Design_To_Go_Catalog_v1.2_RC_MANGO_TANGO.xlsx,,decorationPolicy sin resolver
DQ-CATALOG-005:CATALOG_ITEM:MIGF-O-041:decorationPolicy,DQ-CATALOG-005,BLOCKER,CATALOG_ITEM,REVIEW,BULK_RESOLVABLE,CATALOG_ITEM,af2db983-181c-4510-8fd9-0a846cda7f39,WARNING,MIGF-O-041,Cuadro con protección UV,MIGF-CAT-001,Design_To_Go_Catalog_v1.2_RC_MANGO_TANGO.xlsx,,decorationPolicy sin resolver
DQ-CATALOG-005:CATALOG_ITEM:MIGF-O-042:decorationPolicy,DQ-CATALOG-005,BLOCKER,CATALOG_ITEM,REVIEW,BULK_RESOLVABLE,CATALOG_ITEM,2dbe1646-c6c6-4f48-aea5-cccc80919f6d,WARNING,MIGF-O-042,Cuadro con marco,MIGF-CAT-001,Design_To_Go_Catalog_v1.2_RC_MANGO_TANGO.xlsx,,decorationPolicy sin resolver
DQ-CATALOG-005:CATALOG_ITEM:MIGF-O-043:decorationPolicy,DQ-CATALOG-005,BLOCKER,CATALOG_ITEM,REVIEW,BULK_RESOLVABLE,CATALOG_ITEM,e6416604-95c6-474e-b3ea-6c7165f8b78a,WARNING,MIGF-O-043,Fotografía montada,MIGF-CAT-001,Design_To_Go_Catalog_v1.2_RC_MANGO_TANGO.xlsx,,decorationPolicy sin resolver
DQ-CATALOG-005:CATALOG_ITEM:MIGF-O-044:decorationPolicy,DQ-CATALOG-005,BLOCKER,CATALOG_ITEM,REVIEW,BULK_RESOLVABLE,CATALOG_ITEM,3bffae0f-3bbb-428b-84bb-12996f340e66,WARNING,MIGF-O-044,Panel decorativo,MIGF-CAT-001,Design_To_Go_Catalog_v1.2_RC_MANGO_TANGO.xlsx,,decorationPolicy sin resolver
DQ-CATALOG-005:CATALOG_ITEM:MIGF-O-045:decorationPolicy,DQ-CATALOG-005,BLOCKER,CATALOG_ITEM,REVIEW,BULK_RESOLVABLE,CATALOG_ITEM,2ba60e63-7607-4f15-bba0-16d34a4a399a,WARNING,MIGF-O-045,Tríptico decorativo,MIGF-CAT-001,Design_To_Go_Catalog_v1.2_RC_MANGO_TANGO.xlsx,,decorationPolicy sin resolver
DQ-CATALOG-005:CATALOG_ITEM:MIGF-O-046:decorationPolicy,DQ-CATALOG-005,BLOCKER,CATALOG_ITEM,REVIEW,BULK_RESOLVABLE,CATALOG_ITEM,be3f8a21-df33-4d98-982c-a3c9239b23a9,WARNING,MIGF-O-046,Cuadro decorativo,MIGF-CAT-001,Design_To_Go_Catalog_v1.2_RC_MANGO_TANGO.xlsx,,decorationPolicy sin resolver
DQ-CATALOG-005:CATALOG_ITEM:MIGF-O-047:decorationPolicy,DQ-CATALOG-005,BLOCKER,CATALOG_ITEM,REVIEW,BULK_RESOLVABLE,CATALOG_ITEM,8590ea66-8835-4f98-a860-5dbf5920c03f,WARNING,MIGF-O-047,Impresión para hogar u oficina,MIGF-CAT-001,Design_To_Go_Catalog_v1.2_RC_MANGO_TANGO.xlsx,,decorationPolicy sin resolver
DQ-CATALOG-005:CATALOG_ITEM:MIGF-O-048:decorationPolicy,DQ-CATALOG-005,BLOCKER,CATALOG_ITEM,REVIEW,BULK_RESOLVABLE,CATALOG_ITEM,8a20349b-731c-408d-9d92-628414050727,WARNING,MIGF-O-048,Letrero acrílico,MIG1-CAT-002,Design_To_Go_Catalog_v1.2_RC_MANGO_TANGO.xlsx,,decorationPolicy sin resolver
DQ-CATALOG-005:CATALOG_ITEM:MIGF-O-049:decorationPolicy,DQ-CATALOG-005,BLOCKER,CATALOG_ITEM,REVIEW,BULK_RESOLVABLE,CATALOG_ITEM,481cfecb-f316-4ade-9ff5-210518637e73,WARNING,MIGF-O-049,Letrero espumado,MIG1-CAT-002,Design_To_Go_Catalog_v1.2_RC_MANGO_TANGO.xlsx,,decorationPolicy sin resolver
DQ-CATALOG-005:CATALOG_ITEM:MIGF-O-050:decorationPolicy,DQ-CATALOG-005,BLOCKER,CATALOG_ITEM,REVIEW,BULK_RESOLVABLE,CATALOG_ITEM,02f26b01-746d-498c-a9e4-db4e0150acb7,WARNING,MIGF-O-050,Letras dimensionales,MIG1-CAT-002,Design_To_Go_Catalog_v1.2_RC_MANGO_TANGO.xlsx,,decorationPolicy sin resolver
DQ-CATALOG-005:CATALOG_ITEM:MIGF-O-051:decorationPolicy,DQ-CATALOG-005,BLOCKER,CATALOG_ITEM,REVIEW,BULK_RESOLVABLE,CATALOG_ITEM,f470effa-3765-420c-ac37-76c5315cbf77,WARNING,MIGF-O-051,Letras 3D,MIG1-CAT-002,Design_To_Go_Catalog_v1.2_RC_MANGO_TANGO.xlsx,,decorationPolicy sin resolver
DQ-CATALOG-005:CATALOG_ITEM:MIGF-O-052:decorationPolicy,DQ-CATALOG-005,BLOCKER,CATALOG_ITEM,REVIEW,BULK_RESOLVABLE,CATALOG_ITEM,af852293-515d-40d8-a507-404edc919d9b,WARNING,MIGF-O-052,Neon Flex / neón frío,MIG1-CAT-002,Design_To_Go_Catalog_v1.2_RC_MANGO_TANGO.xlsx,,decorationPolicy sin resolver
DQ-CATALOG-005:CATALOG_ITEM:MIGF-O-053:decorationPolicy,DQ-CATALOG-005,BLOCKER,CATALOG_ITEM,REVIEW,BULK_RESOLVABLE,CATALOG_ITEM,64d172d6-0f60-4889-8b81-7b94027a6a75,WARNING,MIGF-O-053,Channel Letters,MIG1-CAT-002,Design_To_Go_Catalog_v1.2_RC_MANGO_TANGO.xlsx,,decorationPolicy sin resolver
DQ-CATALOG-005:CATALOG_ITEM:MIGF-O-054:decorationPolicy,DQ-CATALOG-005,BLOCKER,CATALOG_ITEM,REVIEW,BULK_RESOLVABLE,CATALOG_ITEM,ec5cb9f1-9901-4734-a275-c2f6f04a5f1c,WARNING,MIGF-O-054,Caja de luz,MIG1-CAT-002,Design_To_Go_Catalog_v1.2_RC_MANGO_TANGO.xlsx,,decorationPolicy sin resolver
DQ-CATALOG-005:CATALOG_ITEM:MIGF-O-055:decorationPolicy,DQ-CATALOG-005,BLOCKER,CATALOG_ITEM,REVIEW,BULK_RESOLVABLE,CATALOG_ITEM,a4cf2269-689c-45f7-b2a3-cb123e504b49,WARNING,MIGF-O-055,Letras iluminadas,MIG1-CAT-002,Design_To_Go_Catalog_v1.2_RC_MANGO_TANGO.xlsx,,decorationPolicy sin resolver
DQ-CATALOG-005:CATALOG_ITEM:MIGF-O-056:decorationPolicy,DQ-CATALOG-005,BLOCKER,CATALOG_ITEM,REVIEW,BULK_RESOLVABLE,CATALOG_ITEM,1bc31cc1-0713-450b-b6bc-4998560419a3,WARNING,MIGF-O-056,Señalización interior,MIG1-CAT-002,Design_To_Go_Catalog_v1.2_RC_MANGO_TANGO.xlsx,,decorationPolicy sin resolver
DQ-CATALOG-005:CATALOG_ITEM:MIGF-O-057:decorationPolicy,DQ-CATALOG-005,BLOCKER,CATALOG_ITEM,REVIEW,BULK_RESOLVABLE,CATALOG_ITEM,4bd877ed-f1a8-43df-9bee-9884c7b1a864,WARNING,MIGF-O-057,Señalización exterior,MIG1-CAT-002,Design_To_Go_Catalog_v1.2_RC_MANGO_TANGO.xlsx,,decorationPolicy sin resolver
DQ-CATALOG-005:CATALOG_ITEM:MIGF-O-058:decorationPolicy,DQ-CATALOG-005,BLOCKER,CATALOG_ITEM,REVIEW,BULK_RESOLVABLE,CATALOG_ITEM,1acb7934-864b-4d6d-8b51-f13a59dbeaf8,WARNING,MIGF-O-058,Letrero corporativo,MIG1-CAT-002,Design_To_Go_Catalog_v1.2_RC_MANGO_TANGO.xlsx,,decorationPolicy sin resolver
DQ-CATALOG-005:CATALOG_ITEM:MIGF-O-059:decorationPolicy,DQ-CATALOG-005,BLOCKER,CATALOG_ITEM,REVIEW,BULK_RESOLVABLE,CATALOG_ITEM,8e0e07dc-5e32-40cb-9183-09dd0de96fa4,WARNING,MIGF-O-059,Directorio,MIG1-CAT-002,Design_To_Go_Catalog_v1.2_RC_MANGO_TANGO.xlsx,,decorationPolicy sin resolver
DQ-CATALOG-005:CATALOG_ITEM:MIGF-O-060:decorationPolicy,DQ-CATALOG-005,BLOCKER,CATALOG_ITEM,REVIEW,BULK_RESOLVABLE,CATALOG_ITEM,6f36b450-afea-4962-963f-6ca25b555b41,WARNING,MIGF-O-060,Placa señalética,MIG1-CAT-002,Design_To_Go_Catalog_v1.2_RC_MANGO_TANGO.xlsx,,decorationPolicy sin resolver
DQ-CATALOG-005:CATALOG_ITEM:MIGF-O-061:decorationPolicy,DQ-CATALOG-005,BLOCKER,CATALOG_ITEM,REVIEW,BULK_RESOLVABLE,CATALOG_ITEM,19a6a0f6-a5a6-427c-abf3-25fee4727802,WARNING,MIGF-O-061,Señalización comercial,MIG1-CAT-002,Design_To_Go_Catalog_v1.2_RC_MANGO_TANGO.xlsx,,decorationPolicy sin resolver
DQ-CATALOG-005:CATALOG_ITEM:MIGF-O-062:decorationPolicy,DQ-CATALOG-005,BLOCKER,CATALOG_ITEM,REVIEW,BULK_RESOLVABLE,CATALOG_ITEM,03738d35-6321-42b3-bfc0-dbf32e4e6a61,WARNING,MIGF-O-062,Señalización industrial,MIG1-CAT-002,Design_To_Go_Catalog_v1.2_RC_MANGO_TANGO.xlsx,,decorationPolicy sin resolver
DQ-CATALOG-005:CATALOG_ITEM:MIGF-O-063:decorationPolicy,DQ-CATALOG-005,BLOCKER,CATALOG_ITEM,REVIEW,BULK_RESOLVABLE,CATALOG_ITEM,75ff0cbc-3ead-470c-9306-2fdf91c1155e,WARNING,MIGF-O-063,Casco,MIGF-CAT-002,Design_To_Go_Catalog_v1.2_RC_MANGO_TANGO.xlsx,,decorationPolicy sin resolver
DQ-CATALOG-005:CATALOG_ITEM:MIGF-O-064:decorationPolicy,DQ-CATALOG-005,BLOCKER,CATALOG_ITEM,REVIEW,BULK_RESOLVABLE,CATALOG_ITEM,ecdbdd33-d541-47d1-b6cd-06acb5de64a0,WARNING,MIGF-O-064,Chaleco reflejante,MIGF-CAT-002,Design_To_Go_Catalog_v1.2_RC_MANGO_TANGO.xlsx,,decorationPolicy sin resolver
DQ-CATALOG-005:CATALOG_ITEM:MIGF-O-065:decorationPolicy,DQ-CATALOG-005,BLOCKER,CATALOG_ITEM,REVIEW,BULK_RESOLVABLE,CATALOG_ITEM,9bdde4b2-6498-4531-9277-b14cec72a263,WARNING,MIGF-O-065,Lentes de seguridad,MIGF-CAT-002,Design_To_Go_Catalog_v1.2_RC_MANGO_TANGO.xlsx,,decorationPolicy sin resolver
DQ-CATALOG-005:CATALOG_ITEM:MIGF-O-066:decorationPolicy,DQ-CATALOG-005,BLOCKER,CATALOG_ITEM,REVIEW,BULK_RESOLVABLE,CATALOG_ITEM,441b9cec-dab9-49b3-8a50-68b72968e1af,WARNING,MIGF-O-066,Guantes de seguridad,MIGF-CAT-002,Design_To_Go_Catalog_v1.2_RC_MANGO_TANGO.xlsx,,decorationPolicy sin resolver
DQ-CATALOG-005:CATALOG_ITEM:MIGF-O-067:decorationPolicy,DQ-CATALOG-005,BLOCKER,CATALOG_ITEM,REVIEW,BULK_RESOLVABLE,CATALOG_ITEM,3c329acd-56c7-4c3f-a199-6bc37e020e9a,WARNING,MIGF-O-067,Protección auditiva,MIGF-CAT-002,Design_To_Go_Catalog_v1.2_RC_MANGO_TANGO.xlsx,,decorationPolicy sin resolver
DQ-CATALOG-005:CATALOG_ITEM:MIGF-O-068:decorationPolicy,DQ-CATALOG-005,BLOCKER,CATALOG_ITEM,REVIEW,BULK_RESOLVABLE,CATALOG_ITEM,e2aa2bc8-91d0-412f-bec4-ac9cf2af7722,WARNING,MIGF-O-068,Mascarilla,MIGF-CAT-002,Design_To_Go_Catalog_v1.2_RC_MANGO_TANGO.xlsx,,decorationPolicy sin resolver
DQ-CATALOG-005:CATALOG_ITEM:MIGF-O-069:decorationPolicy,DQ-CATALOG-005,BLOCKER,CATALOG_ITEM,REVIEW,BULK_RESOLVABLE,CATALOG_ITEM,c821c28c-c31b-4ede-bf97-68cb2a910692,WARNING,MIGF-O-069,Respirador,MIGF-CAT-002,Design_To_Go_Catalog_v1.2_RC_MANGO_TANGO.xlsx,,decorationPolicy sin resolver
DQ-CATALOG-005:CATALOG_ITEM:MIGF-O-070:decorationPolicy,DQ-CATALOG-005,BLOCKER,CATALOG_ITEM,REVIEW,BULK_RESOLVABLE,CATALOG_ITEM,6f942ca8-f353-4a24-8f37-f46897a8dba8,WARNING,MIGF-O-070,Arnés,MIGF-CAT-002,Design_To_Go_Catalog_v1.2_RC_MANGO_TANGO.xlsx,,decorationPolicy sin resolver
DQ-CATALOG-005:CATALOG_ITEM:MIGF-O-071:decorationPolicy,DQ-CATALOG-005,BLOCKER,CATALOG_ITEM,REVIEW,BULK_RESOLVABLE,CATALOG_ITEM,a0fb5af4-91e0-465c-9cc8-764e51e76fd5,WARNING,MIGF-O-071,Cono de seguridad,MIGF-CAT-002,Design_To_Go_Catalog_v1.2_RC_MANGO_TANGO.xlsx,,decorationPolicy sin resolver
DQ-CATALOG-005:CATALOG_ITEM:MIGF-O-072:decorationPolicy,DQ-CATALOG-005,BLOCKER,CATALOG_ITEM,REVIEW,BULK_RESOLVABLE,CATALOG_ITEM,78ae8623-f7b6-487a-9266-865accdab2ef,WARNING,MIGF-O-072,Botiquín,MIGF-CAT-002,Design_To_Go_Catalog_v1.2_RC_MANGO_TANGO.xlsx,,decorationPolicy sin resolver
DQ-CATALOG-005:CATALOG_ITEM:MIGF-O-073:decorationPolicy,DQ-CATALOG-005,BLOCKER,CATALOG_ITEM,REVIEW,BULK_RESOLVABLE,CATALOG_ITEM,c25780d5-bb19-44e1-ae6e-f28d49c53604,WARNING,MIGF-O-073,Señalización de seguridad,MIGF-CAT-002,Design_To_Go_Catalog_v1.2_RC_MANGO_TANGO.xlsx,,decorationPolicy sin resolver
DQ-CATALOG-005:CATALOG_ITEM:MIGF-O-074:decorationPolicy,DQ-CATALOG-005,BLOCKER,CATALOG_ITEM,REVIEW,BULK_RESOLVABLE,CATALOG_ITEM,4626daa8-3c29-401d-b85b-319f6b8288fc,WARNING,MIGF-O-074,PPE personalizado,MIGF-CAT-002,Design_To_Go_Catalog_v1.2_RC_MANGO_TANGO.xlsx,,decorationPolicy sin resolver
DQ-CATALOG-005:CATALOG_ITEM:OWN-MT-O-001:decorationPolicy,DQ-CATALOG-005,BLOCKER,CATALOG_ITEM,REVIEW,BULK_RESOLVABLE,CATALOG_ITEM,17846daf-73a8-4f90-bd8b-4b1f70b78591,WARNING,OWN-MT-O-001,Camisa de vestir personalizada / woven shirt,MIG1-CAT-004,Design_To_Go_Catalog_v1.2_RC_MANGO_TANGO.xlsx,,decorationPolicy sin resolver
DQ-CATALOG-005:CATALOG_ITEM:OWN-MT-O-002:decorationPolicy,DQ-CATALOG-005,BLOCKER,CATALOG_ITEM,REVIEW,BULK_RESOLVABLE,CATALOG_ITEM,86531ac8-0220-406c-8311-04dac99f401e,WARNING,OWN-MT-O-002,Bata de laboratorio personalizada / lab coat,MIG1-CAT-004,Design_To_Go_Catalog_v1.2_RC_MANGO_TANGO.xlsx,,decorationPolicy sin resolver
DQ-CATALOG-005:CATALOG_ITEM:OWN-MT-O-003:decorationPolicy,DQ-CATALOG-005,BLOCKER,CATALOG_ITEM,REVIEW,BULK_RESOLVABLE,CATALOG_ITEM,4557ba5e-bd70-4292-b409-5022fc7370ec,WARNING,OWN-MT-O-003,Scrub top personalizado,MIG1-CAT-004,Design_To_Go_Catalog_v1.2_RC_MANGO_TANGO.xlsx,,decorationPolicy sin resolver
DQ-CATALOG-005:CATALOG_ITEM:OWN-MT-O-004:decorationPolicy,DQ-CATALOG-005,BLOCKER,CATALOG_ITEM,REVIEW,BULK_RESOLVABLE,CATALOG_ITEM,a2e1f427-9d92-4cb2-ac12-b51922366d6e,WARNING,OWN-MT-O-004,Scrub pants personalizado,MIG1-CAT-004,Design_To_Go_Catalog_v1.2_RC_MANGO_TANGO.xlsx,,decorationPolicy sin resolver
DQ-CATALOG-005:CATALOG_ITEM:OWN-MT-O-005:decorationPolicy,DQ-CATALOG-005,BLOCKER,CATALOG_ITEM,REVIEW,BULK_RESOLVABLE,CATALOG_ITEM,6e6fafc3-4e48-4efc-95b3-31028b341a03,WARNING,OWN-MT-O-005,Chaleco de trabajo personalizado,MIG1-CAT-004,Design_To_Go_Catalog_v1.2_RC_MANGO_TANGO.xlsx,,decorationPolicy sin resolver
DQ-CATALOG-005:CATALOG_ITEM:OWN-MT-O-006:decorationPolicy,DQ-CATALOG-005,BLOCKER,CATALOG_ITEM,REVIEW,BULK_RESOLVABLE,CATALOG_ITEM,0f5afd69-6002-430b-b5d6-4880e4adf106,WARNING,OWN-MT-O-006,Camisa de trabajo personalizada,MIG1-CAT-004,Design_To_Go_Catalog_v1.2_RC_MANGO_TANGO.xlsx,,decorationPolicy sin resolver
DQ-CATALOG-005:CATALOG_ITEM:OWN-MT-O-007:decorationPolicy,DQ-CATALOG-005,BLOCKER,CATALOG_ITEM,REVIEW,BULK_RESOLVABLE,CATALOG_ITEM,2855a621-1cc0-42dc-8090-7bb376da28e7,WARNING,OWN-MT-O-007,Pantalón de trabajo personalizado,MIG1-CAT-004,Design_To_Go_Catalog_v1.2_RC_MANGO_TANGO.xlsx,,decorationPolicy sin resolver
DQ-CATALOG-005:CATALOG_ITEM:OWN-MT-O-008:decorationPolicy,DQ-CATALOG-005,BLOCKER,CATALOG_ITEM,REVIEW,BULK_RESOLVABLE,CATALOG_ITEM,66a79226-d85e-447a-96c0-1fc0ecf80d8c,WARNING,OWN-MT-O-008,Overol personalizado,MIG1-CAT-004,Design_To_Go_Catalog_v1.2_RC_MANGO_TANGO.xlsx,,decorationPolicy sin resolver
DQ-CATALOG-005:CATALOG_ITEM:OWN-MT-O-009:decorationPolicy,DQ-CATALOG-005,BLOCKER,CATALOG_ITEM,REVIEW,BULK_RESOLVABLE,CATALOG_ITEM,7654e426-b97f-43d9-adb8-8178a37771f1,WARNING,OWN-MT-O-009,Chamarra / abrigo de trabajo personalizado,MIG1-CAT-004,Design_To_Go_Catalog_v1.2_RC_MANGO_TANGO.xlsx,,decorationPolicy sin resolver
DQ-CATALOG-005:CATALOG_ITEM:OWN-MT-O-010:decorationPolicy,DQ-CATALOG-005,BLOCKER,CATALOG_ITEM,REVIEW,BULK_RESOLVABLE,CATALOG_ITEM,49472b24-621a-40a4-8c5c-4e245cc935a9,WARNING,OWN-MT-O-010,Filipina de chef / chef coat personalizada,MIG1-CAT-004,Design_To_Go_Catalog_v1.2_RC_MANGO_TANGO.xlsx,,decorationPolicy sin resolver
DQ-CATALOG-005:CATALOG_ITEM:OWN-MT-O-011:decorationPolicy,DQ-CATALOG-005,BLOCKER,CATALOG_ITEM,REVIEW,BULK_RESOLVABLE,CATALOG_ITEM,a073731d-7c87-4187-9ebc-0f8f61a273d6,WARNING,OWN-MT-O-011,Jersey deportivo personalizable,MIG1-CAT-004,Design_To_Go_Catalog_v1.2_RC_MANGO_TANGO.xlsx,,decorationPolicy sin resolver
DQ-CATALOG-005:CATALOG_ITEM:OWN-MT-O-012:decorationPolicy,DQ-CATALOG-005,BLOCKER,CATALOG_ITEM,REVIEW,BULK_RESOLVABLE,CATALOG_ITEM,96997496-3b5c-415e-aabf-6006dae35724,WARNING,OWN-MT-O-012,Cobija personalizada / sublimada,MIG1-CAT-004,Design_To_Go_Catalog_v1.2_RC_MANGO_TANGO.xlsx,,decorationPolicy sin resolver
DQ-CATALOG-005:CATALOG_ITEM:OWN-MT-O-013:decorationPolicy,DQ-CATALOG-005,BLOCKER,CATALOG_ITEM,REVIEW,BULK_RESOLVABLE,CATALOG_ITEM,20dc850f-4bd6-4c9d-a850-3d23d4f0a29b,WARNING,OWN-MT-O-013,Ropa personalizada para mascotas,MIG1-CAT-004,Design_To_Go_Catalog_v1.2_RC_MANGO_TANGO.xlsx,,decorationPolicy sin resolver
DQ-CATALOG-005:CATALOG_ITEM:OWN-MT-O-014:decorationPolicy,DQ-CATALOG-005,BLOCKER,CATALOG_ITEM,REVIEW,BULK_RESOLVABLE,CATALOG_ITEM,c2460b09-c834-4ac1-ba61-f80b00c8250a,WARNING,OWN-MT-O-014,Beanie personalizado,MIG2-CAT-002,Design_To_Go_Catalog_v1.2_RC_MANGO_TANGO.xlsx,,decorationPolicy sin resolver
DQ-CATALOG-005:CATALOG_ITEM:OWN-MT-O-015:decorationPolicy,DQ-CATALOG-005,BLOCKER,CATALOG_ITEM,REVIEW,BULK_RESOLVABLE,CATALOG_ITEM,2c7ac135-fc93-40f9-b202-fd792da5443f,WARNING,OWN-MT-O-015,Bucket hat personalizado,MIG2-CAT-002,Design_To_Go_Catalog_v1.2_RC_MANGO_TANGO.xlsx,,decorationPolicy sin resolver
DQ-CATALOG-005:CATALOG_ITEM:OWN-MT-O-016:decorationPolicy,DQ-CATALOG-005,BLOCKER,CATALOG_ITEM,REVIEW,BULK_RESOLVABLE,CATALOG_ITEM,81952517-803d-489e-981c-a7085117de49,WARNING,OWN-MT-O-016,Visor personalizado,MIG2-CAT-002,Design_To_Go_Catalog_v1.2_RC_MANGO_TANGO.xlsx,,decorationPolicy sin resolver
DQ-CATALOG-005:CATALOG_ITEM:OWN-MT-O-017:decorationPolicy,DQ-CATALOG-005,BLOCKER,CATALOG_ITEM,REVIEW,BULK_RESOLVABLE,CATALOG_ITEM,9467b333-f35b-413d-9eae-8fd022abcc47,WARNING,OWN-MT-O-017,Protección solar para cabeza / sun shield,MIG2-CAT-002,Design_To_Go_Catalog_v1.2_RC_MANGO_TANGO.xlsx,,decorationPolicy sin resolver
DQ-CATALOG-005:CATALOG_ITEM:OWN-MT-O-018:decorationPolicy,DQ-CATALOG-005,BLOCKER,CATALOG_ITEM,REVIEW,BULK_RESOLVABLE,CATALOG_ITEM,2dc6ff90-b27d-4971-8fe8-a6c1042c6e28,WARNING,OWN-MT-O-018,Capucha acoplable / snap-on hood,MIG2-CAT-002,Design_To_Go_Catalog_v1.2_RC_MANGO_TANGO.xlsx,,decorationPolicy sin resolver
DQ-CATALOG-005:CATALOG_ITEM:OWN-MT-O-019:decorationPolicy,DQ-CATALOG-005,BLOCKER,CATALOG_ITEM,REVIEW,BULK_RESOLVABLE,CATALOG_ITEM,d50078f7-d0c7-4845-9f51-cb00c1032220,WARNING,OWN-MT-O-019,Balaclava personalizable,MIG2-CAT-002,Design_To_Go_Catalog_v1.2_RC_MANGO_TANGO.xlsx,,decorationPolicy sin resolver
DQ-CATALOG-005:CATALOG_ITEM:OWN-MT-O-020:decorationPolicy,DQ-CATALOG-005,BLOCKER,CATALOG_ITEM,REVIEW,BULK_RESOLVABLE,CATALOG_ITEM,68ddcc88-5d87-4a36-b1bb-473a4c3dd484,WARNING,OWN-MT-O-020,Gorro de chef / chef hat,MIG2-CAT-002,Design_To_Go_Catalog_v1.2_RC_MANGO_TANGO.xlsx,,decorationPolicy sin resolver
DQ-CATALOG-005:CATALOG_ITEM:OWN-MT-O-021:decorationPolicy,DQ-CATALOG-005,BLOCKER,CATALOG_ITEM,REVIEW,BULK_RESOLVABLE,CATALOG_ITEM,2d02d651-59cf-4a96-922a-62216624e974,WARNING,OWN-MT-O-021,Gorra de cocina / kitchen cap,MIG2-CAT-002,Design_To_Go_Catalog_v1.2_RC_MANGO_TANGO.xlsx,,decorationPolicy sin resolver
DQ-CATALOG-005:CATALOG_ITEM:OWN-MT-O-022:decorationPolicy,DQ-CATALOG-005,BLOCKER,CATALOG_ITEM,REVIEW,BULK_RESOLVABLE,CATALOG_ITEM,02bbcdc0-4f2e-4ab0-9bee-b6136f6d7676,WARNING,OWN-MT-O-022,Mochila personalizable / backpack,MIG1-CAT-004,Design_To_Go_Catalog_v1.2_RC_MANGO_TANGO.xlsx,,decorationPolicy sin resolver
DQ-CATALOG-005:CATALOG_ITEM:OWN-MT-O-023:decorationPolicy,DQ-CATALOG-005,BLOCKER,CATALOG_ITEM,REVIEW,BULK_RESOLVABLE,CATALOG_ITEM,efe5b98a-19c7-4bd3-9f2a-6be45aee9f69,WARNING,OWN-MT-O-023,Duffel bag personalizada,MIG1-CAT-004,Design_To_Go_Catalog_v1.2_RC_MANGO_TANGO.xlsx,,decorationPolicy sin resolver
DQ-CATALOG-005:CATALOG_ITEM:OWN-MT-O-024:decorationPolicy,DQ-CATALOG-005,BLOCKER,CATALOG_ITEM,REVIEW,BULK_RESOLVABLE,CATALOG_ITEM,5718d276-5cf6-4059-8b44-f033d8ef0c1f,WARNING,OWN-MT-O-024,Cooler bag personalizada,MIG1-CAT-004,Design_To_Go_Catalog_v1.2_RC_MANGO_TANGO.xlsx,,decorationPolicy sin resolver
DQ-CATALOG-005:CATALOG_ITEM:OWN-MT-O-025:decorationPolicy,DQ-CATALOG-005,BLOCKER,CATALOG_ITEM,REVIEW,BULK_RESOLVABLE,CATALOG_ITEM,690b74e8-2fcd-4463-87a5-4d93f9849cf3,WARNING,OWN-MT-O-025,Toalla personalizada,MIG1-CAT-004,Design_To_Go_Catalog_v1.2_RC_MANGO_TANGO.xlsx,,decorationPolicy sin resolver
DQ-CATALOG-005:CATALOG_ITEM:OWN-MT-O-026:decorationPolicy,DQ-CATALOG-005,BLOCKER,CATALOG_ITEM,REVIEW,BULK_RESOLVABLE,CATALOG_ITEM,01a87fc1-105a-4dbf-9cb4-e576f633e39b,WARNING,OWN-MT-O-026,Bandana personalizada,MIG1-CAT-004,Design_To_Go_Catalog_v1.2_RC_MANGO_TANGO.xlsx,,decorationPolicy sin resolver
DQ-CATALOG-005:CATALOG_ITEM:OWN-MT-O-027:decorationPolicy,DQ-CATALOG-005,BLOCKER,CATALOG_ITEM,REVIEW,BULK_RESOLVABLE,CATALOG_ITEM,42b51470-c717-455b-85e5-81a13c363dc2,WARNING,OWN-MT-O-027,Sandalias / chanclas personalizadas,MIG1-CAT-008,Design_To_Go_Catalog_v1.2_RC_MANGO_TANGO.xlsx,,decorationPolicy sin resolver
DQ-CATALOG-005:CATALOG_ITEM:OWN-MT-O-028:decorationPolicy,DQ-CATALOG-005,BLOCKER,CATALOG_ITEM,REVIEW,BULK_RESOLVABLE,CATALOG_ITEM,dd539f34-5014-4bfb-a07f-a9ce3ded8803,WARNING,OWN-MT-O-028,Mantel elástico / fitted personalizado,MIG1-CAT-008,Design_To_Go_Catalog_v1.2_RC_MANGO_TANGO.xlsx,,decorationPolicy sin resolver
DQ-CATALOG-005:CATALOG_ITEM:OWN-MT-O-029:decorationPolicy,DQ-CATALOG-005,BLOCKER,CATALOG_ITEM,REVIEW,BULK_RESOLVABLE,CATALOG_ITEM,5f57a36c-286e-428c-ad30-95df87ab5386,WARNING,OWN-MT-O-029,Decoración personalizada en MDF,MIG1-CAT-008,Design_To_Go_Catalog_v1.2_RC_MANGO_TANGO.xlsx,,decorationPolicy sin resolver
DQ-CATALOG-005:CATALOG_ITEM:OWN-MT-O-030:decorationPolicy,DQ-CATALOG-005,BLOCKER,CATALOG_ITEM,REVIEW,BULK_RESOLVABLE,CATALOG_ITEM,0c575c19-4dcf-453a-b0a8-29055a8ef531,WARNING,OWN-MT-O-030,Cake topper en MDF,MIG1-CAT-008,Design_To_Go_Catalog_v1.2_RC_MANGO_TANGO.xlsx,,decorationPolicy sin resolver
DQ-CATALOG-005:CATALOG_ITEM:OWN-MT-O-031:decorationPolicy,DQ-CATALOG-005,BLOCKER,CATALOG_ITEM,REVIEW,BULK_RESOLVABLE,CATALOG_ITEM,8db56005-b6e5-45a1-86cf-27ef574391e8,WARNING,OWN-MT-O-031,Centro de mesa en MDF,MIG1-CAT-008,Design_To_Go_Catalog_v1.2_RC_MANGO_TANGO.xlsx,,decorationPolicy sin resolver
DQ-CATALOG-005:CATALOG_ITEM:OWN-MT-O-032:decorationPolicy,DQ-CATALOG-005,BLOCKER,CATALOG_ITEM,REVIEW,BULK_RESOLVABLE,CATALOG_ITEM,4434bd26-29b5-4713-bf71-4846e46a078e,WARNING,OWN-MT-O-032,Set / kit de piezas MDF,MIG1-CAT-008,Design_To_Go_Catalog_v1.2_RC_MANGO_TANGO.xlsx,,decorationPolicy sin resolver
DQ-CATALOG-005:CATALOG_ITEM:OWN-MT-O-033:decorationPolicy,DQ-CATALOG-005,BLOCKER,CATALOG_ITEM,REVIEW,BULK_RESOLVABLE,CATALOG_ITEM,6d5b470b-7b1b-4e5b-a1f2-d6049d1b4d34,WARNING,OWN-MT-O-033,Servicio de corte láser MDF,MIG1-CAT-008,Design_To_Go_Catalog_v1.2_RC_MANGO_TANGO.xlsx,,decorationPolicy sin resolver
DQ-CATALOG-005:CATALOG_ITEM:OWN-MT-O-034:decorationPolicy,DQ-CATALOG-005,BLOCKER,CATALOG_ITEM,REVIEW,BULK_RESOLVABLE,CATALOG_ITEM,b53b2462-e7c9-4f80-958a-b53a9ad02af5,WARNING,OWN-MT-O-034,Display de mesa de acrílico,MIG1-CAT-002,Design_To_Go_Catalog_v1.2_RC_MANGO_TANGO.xlsx,,decorationPolicy sin resolver
DQ-CATALOG-005:CATALOG_ITEM:OWN-MT-O-035:decorationPolicy,DQ-CATALOG-005,BLOCKER,CATALOG_ITEM,REVIEW,BULK_RESOLVABLE,CATALOG_ITEM,59155801-6459-43e1-b7bc-c03f322e5560,WARNING,OWN-MT-O-035,Nombre / plaquita personalizada de acrílico,MIG1-CAT-002,Design_To_Go_Catalog_v1.2_RC_MANGO_TANGO.xlsx,,decorationPolicy sin resolver
DQ-CATALOG-005:CATALOG_ITEM:OWN-MT-O-036:decorationPolicy,DQ-CATALOG-005,BLOCKER,CATALOG_ITEM,REVIEW,BULK_RESOLVABLE,CATALOG_ITEM,95768ea1-86a9-4937-970c-161a2710cdc0,WARNING,OWN-MT-O-036,Centro de mesa de acrílico,MIG1-CAT-002,Design_To_Go_Catalog_v1.2_RC_MANGO_TANGO.xlsx,,decorationPolicy sin resolver
DQ-CATALOG-005:CATALOG_ITEM:OWN-MT-O-037:decorationPolicy,DQ-CATALOG-005,BLOCKER,CATALOG_ITEM,REVIEW,BULK_RESOLVABLE,CATALOG_ITEM,5c0ce3ce-5e3f-43e9-9273-22943bd72161,WARNING,OWN-MT-O-037,Pieza acrílica para libro de firmas / guest book,MIG1-CAT-002,Design_To_Go_Catalog_v1.2_RC_MANGO_TANGO.xlsx,,decorationPolicy sin resolver
DQ-CATALOG-005:CATALOG_ITEM:OWN-MT-O-038:decorationPolicy,DQ-CATALOG-005,BLOCKER,CATALOG_ITEM,REVIEW,BULK_RESOLVABLE,CATALOG_ITEM,58b63316-3b9c-490a-940a-63094befb7e1,WARNING,OWN-MT-O-038,Imán personalizado de acrílico,MIG1-CAT-002,Design_To_Go_Catalog_v1.2_RC_MANGO_TANGO.xlsx,,decorationPolicy sin resolver
DQ-CATALOG-005:CATALOG_ITEM:OWN-MT-O-039:decorationPolicy,DQ-CATALOG-005,BLOCKER,CATALOG_ITEM,REVIEW,BULK_RESOLVABLE,CATALOG_ITEM,dfd8cb37-d8c4-46a1-ad93-3a1c12091cab,WARNING,OWN-MT-O-039,Ornamento / adorno colgante acrílico,MIG1-CAT-002,Design_To_Go_Catalog_v1.2_RC_MANGO_TANGO.xlsx,,decorationPolicy sin resolver
DQ-CATALOG-005:CATALOG_ITEM:OWN-MT-O-040:decorationPolicy,DQ-CATALOG-005,BLOCKER,CATALOG_ITEM,REVIEW,BULK_RESOLVABLE,CATALOG_ITEM,12e5a82d-0d09-42a8-8778-e625d2fc1d84,WARNING,OWN-MT-O-040,Medalla personalizada de acrílico,MIG1-CAT-002,Design_To_Go_Catalog_v1.2_RC_MANGO_TANGO.xlsx,,decorationPolicy sin resolver
DQ-CATALOG-005:CATALOG_ITEM:OWN-MT-O-041:decorationPolicy,DQ-CATALOG-005,BLOCKER,CATALOG_ITEM,REVIEW,BULK_RESOLVABLE,CATALOG_ITEM,f43778fe-9870-4a7a-a3fe-f01d26e99984,WARNING,OWN-MT-O-041,Trofeo personalizado de acrílico,MIG1-CAT-002,Design_To_Go_Catalog_v1.2_RC_MANGO_TANGO.xlsx,,decorationPolicy sin resolver
DQ-CATALOG-005:CATALOG_ITEM:OWN-MT-O-042:decorationPolicy,DQ-CATALOG-005,BLOCKER,CATALOG_ITEM,REVIEW,BULK_RESOLVABLE,CATALOG_ITEM,ff1c19fe-c7a8-4fd7-86b2-5fa817ad39b6,WARNING,OWN-MT-O-042,Taza mágica personalizada,MIG1-CAT-005,Design_To_Go_Catalog_v1.2_RC_MANGO_TANGO.xlsx,,decorationPolicy sin resolver
DQ-CATALOG-005:CATALOG_ITEM:OWN-MT-O-043:decorationPolicy,DQ-CATALOG-005,BLOCKER,CATALOG_ITEM,REVIEW,BULK_RESOLVABLE,CATALOG_ITEM,d5ddb604-efb5-4ba3-9f4c-a911bfd303ac,WARNING,OWN-MT-O-043,Skinny cup plástico estándar,MIG1-CAT-005,Design_To_Go_Catalog_v1.2_RC_MANGO_TANGO.xlsx,,decorationPolicy sin resolver
DQ-CATALOG-005:CATALOG_ITEM:OWN-MT-O-044:decorationPolicy,DQ-CATALOG-005,BLOCKER,CATALOG_ITEM,REVIEW,BULK_RESOLVABLE,CATALOG_ITEM,72c3db49-44bc-44d5-8214-3c6df30a5238,WARNING,OWN-MT-O-044,Skinny cup plástico premium grueso rubberized,MIG1-CAT-005,Design_To_Go_Catalog_v1.2_RC_MANGO_TANGO.xlsx,,decorationPolicy sin resolver
DQ-CATALOG-005:CATALOG_ITEM:OWN-MT-O-045:decorationPolicy,DQ-CATALOG-005,BLOCKER,CATALOG_ITEM,REVIEW,BULK_RESOLVABLE,CATALOG_ITEM,2c24aee9-f9f7-4a30-96a5-5374fbd7d31b,WARNING,OWN-MT-O-045,Hoja de Coroplast Multi-Cut / múltiples piezas,MIG1-CAT-002,Design_To_Go_Catalog_v1.2_RC_MANGO_TANGO.xlsx,,decorationPolicy sin resolver
DQ-CATALOG-005:CATALOG_ITEM:OWN-MT-O-046:decorationPolicy,DQ-CATALOG-005,BLOCKER,CATALOG_ITEM,REVIEW,BULK_RESOLVABLE,CATALOG_ITEM,eab6f3be-708b-43f7-b330-d3200c4991c0,WARNING,OWN-MT-O-046,Periódico personalizado para eventos,MIG1-CAT-006,Design_To_Go_Catalog_v1.2_RC_MANGO_TANGO.xlsx,,decorationPolicy sin resolver
DQ-CATALOG-005:CATALOG_ITEM:OWN-O-001:decorationPolicy,DQ-CATALOG-005,BLOCKER,CATALOG_ITEM,REVIEW,BULK_RESOLVABLE,CATALOG_ITEM,2b2b05c3-1161-4560-b41b-43c6a57e0120,WARNING,OWN-O-001,Zip hoodie — capucha con cierre,MIG1-CAT-004,Design_To_Go_Catalog_v1.2_RC_MANGO_TANGO.xlsx,,decorationPolicy sin resolver
DQ-CATALOG-005:CATALOG_ITEM:OWN-O-002:decorationPolicy,DQ-CATALOG-005,BLOCKER,CATALOG_ITEM,REVIEW,BULK_RESOLVABLE,CATALOG_ITEM,aed7023b-f719-4c44-b8c4-f1463639ce6b,WARNING,OWN-O-002,Piñata personalizada,MIG1-CAT-008,Design_To_Go_Catalog_v1.2_RC_MANGO_TANGO.xlsx,,decorationPolicy sin resolver
DQ-CATALOG-005:CATALOG_ITEM:OWN-O-003:decorationPolicy,DQ-CATALOG-005,BLOCKER,CATALOG_ITEM,REVIEW,BULK_RESOLVABLE,CATALOG_ITEM,e8ce98e0-6b60-45c3-9fd2-74d412765b54,WARNING,OWN-O-003,Gráfica impresa de reemplazo para X-Banner,MIG1-CAT-003,Design_To_Go_Catalog_v1.2_RC_MANGO_TANGO.xlsx,,decorationPolicy sin resolver
DQ-CATALOG-005:CATALOG_ITEM:OWN-O-004:decorationPolicy,DQ-CATALOG-005,BLOCKER,CATALOG_ITEM,REVIEW,BULK_RESOLVABLE,CATALOG_ITEM,cc101045-ca70-40e3-a07c-f4c63009b489,WARNING,OWN-O-004,Bandera tipo pluma / Feather Flag — conjunto completo,MIG1-CAT-003,Design_To_Go_Catalog_v1.2_RC_MANGO_TANGO.xlsx,,decorationPolicy sin resolver
DQ-CATALOG-005:CATALOG_ITEM:OWN-O-005:decorationPolicy,DQ-CATALOG-005,BLOCKER,CATALOG_ITEM,REVIEW,BULK_RESOLVABLE,CATALOG_ITEM,17859457-c6e0-4811-a5d0-eea4038bb56c,WARNING,OWN-O-005,Gráfica textil para bandera tipo pluma,MIG1-CAT-003,Design_To_Go_Catalog_v1.2_RC_MANGO_TANGO.xlsx,,decorationPolicy sin resolver
DQ-CATALOG-005:CATALOG_ITEM:OWN-O-006:decorationPolicy,DQ-CATALOG-005,BLOCKER,CATALOG_ITEM,REVIEW,BULK_RESOLVABLE,CATALOG_ITEM,6f32dabc-b1c3-4bbe-a7f2-e9d2e777dfc3,WARNING,OWN-O-006,Base / hardware para bandera tipo pluma,MIG1-CAT-003,Design_To_Go_Catalog_v1.2_RC_MANGO_TANGO.xlsx,,decorationPolicy sin resolver
DQ-CATALOG-005:CATALOG_ITEM:OWN-O-007:decorationPolicy,DQ-CATALOG-005,BLOCKER,CATALOG_ITEM,REVIEW,BULK_RESOLVABLE,CATALOG_ITEM,edac6a4e-9d9d-4281-98c0-df6a8490cf6e,WARNING,OWN-O-007,Invitación formal,MIG1-CAT-006,Design_To_Go_Catalog_v1.2_RC_MANGO_TANGO.xlsx,,decorationPolicy sin resolver
DQ-CATALOG-005:CATALOG_ITEM:OWN-O-008:decorationPolicy,DQ-CATALOG-005,BLOCKER,CATALOG_ITEM,REVIEW,BULK_RESOLVABLE,CATALOG_ITEM,684a0976-9177-43ec-b03d-5d14a9031c4f,WARNING,OWN-O-008,Invitación casual,MIG1-CAT-006,Design_To_Go_Catalog_v1.2_RC_MANGO_TANGO.xlsx,,decorationPolicy sin resolver
DQ-CATALOG-005:CATALOG_ITEM:OWN-O-009:decorationPolicy,DQ-CATALOG-005,BLOCKER,CATALOG_ITEM,REVIEW,BULK_RESOLVABLE,CATALOG_ITEM,0c5e4f00-8ebc-4f53-ab3d-c7b95debc4ed,WARNING,OWN-O-009,Diseño gráfico,MIG1-CAT-009,Design_To_Go_Catalog_v1.2_RC_MANGO_TANGO.xlsx,,decorationPolicy sin resolver
DQ-CATALOG-005:CATALOG_ITEM:OWN-O-010:decorationPolicy,DQ-CATALOG-005,BLOCKER,CATALOG_ITEM,REVIEW,BULK_RESOLVABLE,CATALOG_ITEM,c3c88f34-26b0-4eec-9be1-7481c650ac67,WARNING,OWN-O-010,Vectorización,MIG1-CAT-009,Design_To_Go_Catalog_v1.2_RC_MANGO_TANGO.xlsx,,decorationPolicy sin resolver
DQ-CATALOG-005:CATALOG_ITEM:OWN-O-011:decorationPolicy,DQ-CATALOG-005,BLOCKER,CATALOG_ITEM,REVIEW,BULK_RESOLVABLE,CATALOG_ITEM,404fbbc9-ac8c-4c6e-a87e-89e547b389a3,WARNING,OWN-O-011,Diseño de logotipo,MIG1-CAT-009,Design_To_Go_Catalog_v1.2_RC_MANGO_TANGO.xlsx,,decorationPolicy sin resolver
DQ-CATALOG-005:CATALOG_ITEM:OWN-O-012:decorationPolicy,DQ-CATALOG-005,BLOCKER,CATALOG_ITEM,REVIEW,BULK_RESOLVABLE,CATALOG_ITEM,c9b7af1b-5385-4bcc-b91a-45975a3e6071,WARNING,OWN-O-012,Identidad de marca / imagen corporativa,MIG1-CAT-009,Design_To_Go_Catalog_v1.2_RC_MANGO_TANGO.xlsx,,decorationPolicy sin resolver
DQ-CATALOG-005:CATALOG_ITEM:OWN-O-013:decorationPolicy,DQ-CATALOG-005,BLOCKER,CATALOG_ITEM,REVIEW,BULK_RESOLVABLE,CATALOG_ITEM,85e0dbbd-0891-4e56-a276-9500e419d2a8,WARNING,OWN-O-013,Invitaciones digitales,MIG1-CAT-009,Design_To_Go_Catalog_v1.2_RC_MANGO_TANGO.xlsx,,decorationPolicy sin resolver
DQ-CATALOG-005:CATALOG_ITEM:OWN-O-014:decorationPolicy,DQ-CATALOG-005,BLOCKER,CATALOG_ITEM,REVIEW,BULK_RESOLVABLE,CATALOG_ITEM,ca2963da-123a-4553-a7c7-046eaaa2e76c,WARNING,OWN-O-014,Creación de sitios web,MIG1-CAT-009,Design_To_Go_Catalog_v1.2_RC_MANGO_TANGO.xlsx,,decorationPolicy sin resolver
DQ-CATALOG-005:CATALOG_ITEM:OWN-O-015:decorationPolicy,DQ-CATALOG-005,BLOCKER,CATALOG_ITEM,REVIEW,BULK_RESOLVABLE,CATALOG_ITEM,9bdf551e-2568-4134-8304-373c2ffff690,WARNING,OWN-O-015,Creación de CRM,MIG1-CAT-009,Design_To_Go_Catalog_v1.2_RC_MANGO_TANGO.xlsx,,decorationPolicy sin resolver
DQ-CATALOG-005:CATALOG_ITEM:OWN-O-016:decorationPolicy,DQ-CATALOG-005,BLOCKER,CATALOG_ITEM,REVIEW,BULK_RESOLVABLE,CATALOG_ITEM,81693bd6-b476-41a3-b77c-c50e36be1eaf,WARNING,OWN-O-016,Desarrollo de software,MIG1-CAT-009,Design_To_Go_Catalog_v1.2_RC_MANGO_TANGO.xlsx,,decorationPolicy sin resolver
DQ-CATALOG-005:CATALOG_ITEM:OWN-O-017:decorationPolicy,DQ-CATALOG-005,BLOCKER,CATALOG_ITEM,REVIEW,BULK_RESOLVABLE,CATALOG_ITEM,9b7aa208-51e1-49d4-b3fe-c964a04f9c96,WARNING,OWN-O-017,Automatización y servicios digitales,MIG1-CAT-009,Design_To_Go_Catalog_v1.2_RC_MANGO_TANGO.xlsx,,decorationPolicy sin resolver
DQ-CATALOG-006:CATALOG_ITEM:MIG1-O-013:customerSuppliedItem,DQ-CATALOG-006,BLOCKER,CATALOG_ITEM,REVIEW,BULK_RESOLVABLE,CATALOG_ITEM,d8f16ac9-d5cc-417d-8a29-a7f59a5c0699,WARNING,MIG1-O-013,Aplicación UV DTF en vidrio automotriz,MIG1-CAT-009,Design_To_Go_Catalog_v1.2_RC_MANGO_TANGO.xlsx,,customerSuppliedItem sin resolver
DQ-CATALOG-006:CATALOG_ITEM:MIG1-O-018:customerSuppliedItem,DQ-CATALOG-006,BLOCKER,CATALOG_ITEM,REVIEW,OWNER_DECISION_REQUIRED,CATALOG_ITEM,6fde55d7-598c-48aa-88a7-5a707a946031,WARNING,MIG1-O-018,Aplicación DTF sobre prenda del cliente,,Design_To_Go_Catalog_v1.2_RC_MANGO_TANGO.xlsx,D-013:OPEN,customerSuppliedItem sin resolver
DQ-CATALOG-006:CATALOG_ITEM:MIG2-O-062:customerSuppliedItem,DQ-CATALOG-006,BLOCKER,CATALOG_ITEM,REVIEW,OWNER_DECISION_REQUIRED,CATALOG_ITEM,aeea8ab3-ce88-4849-8320-28c55dd08c27,WARNING,MIG2-O-062,Bordado como servicio,,Design_To_Go_Catalog_v1.2_RC_MANGO_TANGO.xlsx,D-013:OPEN,customerSuppliedItem sin resolver
DQ-CATALOG-006:CATALOG_ITEM:MIG2-O-063:customerSuppliedItem,DQ-CATALOG-006,BLOCKER,CATALOG_ITEM,REVIEW,OWNER_DECISION_REQUIRED,CATALOG_ITEM,3abfd4ab-edb7-4ed8-973d-31628e2f6e67,WARNING,MIG2-O-063,Serigrafía como servicio,,Design_To_Go_Catalog_v1.2_RC_MANGO_TANGO.xlsx,D-013:OPEN,customerSuppliedItem sin resolver
DQ-CATALOG-006:CATALOG_ITEM:MIG2-O-064:customerSuppliedItem,DQ-CATALOG-006,BLOCKER,CATALOG_ITEM,REVIEW,OWNER_DECISION_REQUIRED,CATALOG_ITEM,82f475f1-6918-4115-b74b-268dee572cb0,WARNING,MIG2-O-064,Vinil textil / HTV como servicio,,Design_To_Go_Catalog_v1.2_RC_MANGO_TANGO.xlsx,D-013:OPEN,customerSuppliedItem sin resolver
DQ-CATALOG-006:CATALOG_ITEM:OWN-MT-O-033:customerSuppliedItem,DQ-CATALOG-006,BLOCKER,CATALOG_ITEM,REVIEW,BULK_RESOLVABLE,CATALOG_ITEM,6d5b470b-7b1b-4e5b-a1f2-d6049d1b4d34,WARNING,OWN-MT-O-033,Servicio de corte láser MDF,MIG1-CAT-008,Design_To_Go_Catalog_v1.2_RC_MANGO_TANGO.xlsx,,customerSuppliedItem sin resolver
DQ-CATALOG-006:CATALOG_ITEM:OWN-O-009:customerSuppliedItem,DQ-CATALOG-006,BLOCKER,CATALOG_ITEM,REVIEW,BULK_RESOLVABLE,CATALOG_ITEM,0c5e4f00-8ebc-4f53-ab3d-c7b95debc4ed,WARNING,OWN-O-009,Diseño gráfico,MIG1-CAT-009,Design_To_Go_Catalog_v1.2_RC_MANGO_TANGO.xlsx,,customerSuppliedItem sin resolver
DQ-CATALOG-006:CATALOG_ITEM:OWN-O-010:customerSuppliedItem,DQ-CATALOG-006,BLOCKER,CATALOG_ITEM,REVIEW,BULK_RESOLVABLE,CATALOG_ITEM,c3c88f34-26b0-4eec-9be1-7481c650ac67,WARNING,OWN-O-010,Vectorización,MIG1-CAT-009,Design_To_Go_Catalog_v1.2_RC_MANGO_TANGO.xlsx,,customerSuppliedItem sin resolver
DQ-CATALOG-006:CATALOG_ITEM:OWN-O-011:customerSuppliedItem,DQ-CATALOG-006,BLOCKER,CATALOG_ITEM,REVIEW,BULK_RESOLVABLE,CATALOG_ITEM,404fbbc9-ac8c-4c6e-a87e-89e547b389a3,WARNING,OWN-O-011,Diseño de logotipo,MIG1-CAT-009,Design_To_Go_Catalog_v1.2_RC_MANGO_TANGO.xlsx,,customerSuppliedItem sin resolver
DQ-CATALOG-006:CATALOG_ITEM:OWN-O-012:customerSuppliedItem,DQ-CATALOG-006,BLOCKER,CATALOG_ITEM,REVIEW,BULK_RESOLVABLE,CATALOG_ITEM,c9b7af1b-5385-4bcc-b91a-45975a3e6071,WARNING,OWN-O-012,Identidad de marca / imagen corporativa,MIG1-CAT-009,Design_To_Go_Catalog_v1.2_RC_MANGO_TANGO.xlsx,,customerSuppliedItem sin resolver
DQ-CATALOG-006:CATALOG_ITEM:OWN-O-013:customerSuppliedItem,DQ-CATALOG-006,BLOCKER,CATALOG_ITEM,REVIEW,BULK_RESOLVABLE,CATALOG_ITEM,85e0dbbd-0891-4e56-a276-9500e419d2a8,WARNING,OWN-O-013,Invitaciones digitales,MIG1-CAT-009,Design_To_Go_Catalog_v1.2_RC_MANGO_TANGO.xlsx,,customerSuppliedItem sin resolver
DQ-CATALOG-006:CATALOG_ITEM:OWN-O-014:customerSuppliedItem,DQ-CATALOG-006,BLOCKER,CATALOG_ITEM,REVIEW,BULK_RESOLVABLE,CATALOG_ITEM,ca2963da-123a-4553-a7c7-046eaaa2e76c,WARNING,OWN-O-014,Creación de sitios web,MIG1-CAT-009,Design_To_Go_Catalog_v1.2_RC_MANGO_TANGO.xlsx,,customerSuppliedItem sin resolver
DQ-CATALOG-006:CATALOG_ITEM:OWN-O-015:customerSuppliedItem,DQ-CATALOG-006,BLOCKER,CATALOG_ITEM,REVIEW,BULK_RESOLVABLE,CATALOG_ITEM,9bdf551e-2568-4134-8304-373c2ffff690,WARNING,OWN-O-015,Creación de CRM,MIG1-CAT-009,Design_To_Go_Catalog_v1.2_RC_MANGO_TANGO.xlsx,,customerSuppliedItem sin resolver
DQ-CATALOG-006:CATALOG_ITEM:OWN-O-016:customerSuppliedItem,DQ-CATALOG-006,BLOCKER,CATALOG_ITEM,REVIEW,BULK_RESOLVABLE,CATALOG_ITEM,81693bd6-b476-41a3-b77c-c50e36be1eaf,WARNING,OWN-O-016,Desarrollo de software,MIG1-CAT-009,Design_To_Go_Catalog_v1.2_RC_MANGO_TANGO.xlsx,,customerSuppliedItem sin resolver
DQ-CATALOG-006:CATALOG_ITEM:OWN-O-017:customerSuppliedItem,DQ-CATALOG-006,BLOCKER,CATALOG_ITEM,REVIEW,BULK_RESOLVABLE,CATALOG_ITEM,9b7aa208-51e1-49d4-b3fe-c964a04f9c96,WARNING,OWN-O-017,Automatización y servicios digitales,MIG1-CAT-009,Design_To_Go_Catalog_v1.2_RC_MANGO_TANGO.xlsx,,customerSuppliedItem sin resolver
DQ-COMP-001:COMPOSITION:OWN-MT-OP-058:ends,DQ-COMP-001,BLOCKER,COMPOSITION,DOMAIN,MANUAL_REVIEW,COMPOSITION,c0f457d8-137d-43b8-be83-16727f035694,WARNING,MIG2-O-002,Microperforado,MIG2-CAT-001,Design_To_Go_Catalog_v1.2_RC_MANGO_TANGO.xlsx,,falta padre o hijo
DQ-COMP-004:COMPOSITION:OWN-MT-OP-058:quantity,DQ-COMP-004,BLOCKER,COMPOSITION,REVIEW,MANUAL_REVIEW,COMPOSITION,c0f457d8-137d-43b8-be83-16727f035694,WARNING,MIG2-O-002,Microperforado,MIG2-CAT-001,Design_To_Go_Catalog_v1.2_RC_MANGO_TANGO.xlsx,,cantidad sin resolver o inválida
DQ-COMP-005:COMPOSITION:OWN-MT-OP-058:role,DQ-COMP-005,BLOCKER,COMPOSITION,REVIEW,MANUAL_REVIEW,COMPOSITION,c0f457d8-137d-43b8-be83-16727f035694,WARNING,MIG2-O-002,Microperforado,MIG2-CAT-001,Design_To_Go_Catalog_v1.2_RC_MANGO_TANGO.xlsx,,role sin resolver
DQ-DECOR-001:DECORATION:MIG1-OM-001:methodKey,DQ-DECOR-001,BLOCKER,DECORATION,REVIEW,BULK_RESOLVABLE,DECORATION,46b14ade-b842-4dc6-b723-357c0f04ca21,WARNING,MIG1-O-001,Lona impresa,MIG1-CAT-001,Design_To_Go_Catalog_v1.2_RC_MANGO_TANGO.xlsx,,methodKey sin resolver
DQ-DECOR-001:DECORATION:MIG1-OM-002:methodKey,DQ-DECOR-001,BLOCKER,DECORATION,REVIEW,BULK_RESOLVABLE,DECORATION,0c8eca54-de3a-423a-8ba9-26c48847f715,WARNING,MIG1-O-002,Coroplast impreso,MIG1-CAT-002,Design_To_Go_Catalog_v1.2_RC_MANGO_TANGO.xlsx,,methodKey sin resolver
DQ-DECOR-001:DECORATION:MIG1-OM-003:methodKey,DQ-DECOR-001,BLOCKER,DECORATION,REVIEW,OWNER_DECISION_REQUIRED,DECORATION,f3dce2cf-de26-494a-8e19-7d39abb10b1f,WARNING,MIG1-O-003,X-Banner completo,MIG1-CAT-003,Design_To_Go_Catalog_v1.2_RC_MANGO_TANGO.xlsx,D-006:OPEN,methodKey sin resolver
DQ-DECOR-001:DECORATION:MIG1-OM-004:methodKey,DQ-DECOR-001,BLOCKER,DECORATION,REVIEW,OWNER_DECISION_REQUIRED,DECORATION,227a0202-24cb-4161-8b3a-be4914b3e47d,WARNING,MIG1-O-006,Portalatas de neopreno / Koozie,MIG1-CAT-004,Design_To_Go_Catalog_v1.2_RC_MANGO_TANGO.xlsx,D-006:OPEN,methodKey sin resolver
DQ-DECOR-001:DECORATION:MIG1-OM-005:methodKey,DQ-DECOR-001,BLOCKER,DECORATION,REVIEW,BULK_RESOLVABLE,DECORATION,8ed500e1-6f6b-4e5f-8480-c6863b019788,WARNING,MIG1-O-008,Tarjeta Tradicional,MIG1-CAT-006,Design_To_Go_Catalog_v1.2_RC_MANGO_TANGO.xlsx,,methodKey sin resolver
DQ-DECOR-001:DECORATION:MIG1-OM-006:methodKey,DQ-DECOR-001,BLOCKER,DECORATION,REVIEW,BULK_RESOLVABLE,DECORATION,87f1deb0-fad8-4698-8991-36e84777761a,WARNING,MIG1-O-009,Tarjeta Premium / Gloss,MIG1-CAT-006,Design_To_Go_Catalog_v1.2_RC_MANGO_TANGO.xlsx,,methodKey sin resolver
DQ-DECOR-001:DECORATION:MIG1-OM-007:methodKey,DQ-DECOR-001,BLOCKER,DECORATION,REVIEW,OWNER_DECISION_REQUIRED,DECORATION,1a75ba1c-72e4-422c-9c29-0504bde9f689,WARNING,MIG1-O-013,Aplicación UV DTF en vidrio automotriz,MIG1-CAT-009,Design_To_Go_Catalog_v1.2_RC_MANGO_TANGO.xlsx,D-006:OPEN,methodKey sin resolver
DQ-DECOR-001:DECORATION:MIG2-OM-001:methodKey,DQ-DECOR-001,BLOCKER,DECORATION,REVIEW,OWNER_DECISION_REQUIRED,DECORATION,82684755-0d42-4324-9e47-19d3911c03ac,WARNING,MIG2-O-001,Vinil adhesivo impreso,MIG2-CAT-001,Design_To_Go_Catalog_v1.2_RC_MANGO_TANGO.xlsx,D-006:OPEN,methodKey sin resolver
DQ-DECOR-001:DECORATION:MIG2-OM-002:methodKey,DQ-DECOR-001,BLOCKER,DECORATION,REVIEW,OWNER_DECISION_REQUIRED,DECORATION,593440e2-1955-4543-8a02-6708d7da6002,WARNING,MIG2-O-002,Microperforado,MIG2-CAT-001,Design_To_Go_Catalog_v1.2_RC_MANGO_TANGO.xlsx,D-006:OPEN,methodKey sin resolver
DQ-DECOR-001:DECORATION:MIG2-OM-003:methodKey,DQ-DECOR-001,BLOCKER,DECORATION,REVIEW,BULK_RESOLVABLE,DECORATION,62381bff-d33d-45b7-9e1e-11bedf5dc919,WARNING,MIG2-O-003,Mesh,MIG1-CAT-001,Design_To_Go_Catalog_v1.2_RC_MANGO_TANGO.xlsx,,methodKey sin resolver
DQ-DECOR-001:DECORATION:MIG2-OM-004:methodKey,DQ-DECOR-001,BLOCKER,DECORATION,REVIEW,OWNER_DECISION_REQUIRED,DECORATION,4c5f59f9-6160-4e69-99f7-b62138632fb6,WARNING,MIG2-O-004,Vinil transparente,MIG2-CAT-001,Design_To_Go_Catalog_v1.2_RC_MANGO_TANGO.xlsx,D-006:OPEN,methodKey sin resolver
DQ-DECOR-001:DECORATION:MIG2-OM-005:methodKey,DQ-DECOR-001,BLOCKER,DECORATION,REVIEW,OWNER_DECISION_REQUIRED,DECORATION,a6fefaea-e57b-4ea4-9ebe-5075595800dc,WARNING,MIG2-O-005,Vinil holográfico,MIG2-CAT-001,Design_To_Go_Catalog_v1.2_RC_MANGO_TANGO.xlsx,D-006:OPEN,methodKey sin resolver
DQ-DECOR-001:DECORATION:MIG2-OM-006:methodKey,DQ-DECOR-001,BLOCKER,DECORATION,REVIEW,BULK_RESOLVABLE,DECORATION,7f27e5d7-3e12-4a9b-a6d3-4f60c94a05c6,WARNING,MIG2-O-006,Canvas imprimible,MIG1-CAT-001,Design_To_Go_Catalog_v1.2_RC_MANGO_TANGO.xlsx,,methodKey sin resolver
DQ-DECOR-001:DECORATION:MIG2-OM-007:methodKey,DQ-DECOR-001,BLOCKER,DECORATION,REVIEW,OWNER_DECISION_REQUIRED,DECORATION,e59b8dce-b95f-4af9-a6b8-89b995805a5d,WARNING,MIG2-O-007,Tela sublimada,MIG1-CAT-001,Design_To_Go_Catalog_v1.2_RC_MANGO_TANGO.xlsx,D-006:OPEN,methodKey sin resolver
DQ-DECOR-001:DECORATION:MIG2-OM-008:methodKey,DQ-DECOR-001,BLOCKER,DECORATION,REVIEW,OWNER_DECISION_REQUIRED,DECORATION,75907ab1-554e-4e3c-a4b1-87b5a14e755c,WARNING,MIG2-O-016,Roll-Up / Retractable Banner,MIG1-CAT-003,Design_To_Go_Catalog_v1.2_RC_MANGO_TANGO.xlsx,D-006:OPEN,methodKey sin resolver
DQ-DECOR-001:DECORATION:MIG2-OM-009:methodKey,DQ-DECOR-001,BLOCKER,DECORATION,REVIEW,OWNER_DECISION_REQUIRED,DECORATION,dc744a4b-b102-46db-bbfb-f59e5259d725,WARNING,MIG2-O-026,Lanyard,MIG1-CAT-004,Design_To_Go_Catalog_v1.2_RC_MANGO_TANGO.xlsx,D-006:OPEN,methodKey sin resolver
DQ-DECOR-001:DECORATION:MIG2-OM-010:methodKey,DQ-DECOR-001,BLOCKER,DECORATION,REVIEW,OWNER_DECISION_REQUIRED,DECORATION,6dd90dc8-6771-404a-b17a-3f536e9b6270,WARNING,MIG2-O-027,Listón para cabello,MIG1-CAT-004,Design_To_Go_Catalog_v1.2_RC_MANGO_TANGO.xlsx,D-006:OPEN,methodKey sin resolver
DQ-DECOR-001:DECORATION:MIG2-OM-011:methodKey,DQ-DECOR-001,BLOCKER,DECORATION,REVIEW,OWNER_DECISION_REQUIRED,DECORATION,ead89abc-74d4-4a63-a0d8-1196f9805132,WARNING,MIG2-O-028,Listón personalizado,MIG1-CAT-004,Design_To_Go_Catalog_v1.2_RC_MANGO_TANGO.xlsx,D-006:OPEN,methodKey sin resolver
DQ-DECOR-001:DECORATION:MIG2-OM-012:methodKey,DQ-DECOR-001,BLOCKER,DECORATION,REVIEW,OWNER_DECISION_REQUIRED,DECORATION,c305eee1-99f1-4758-b3b5-7a0ded8038e2,WARNING,MIG2-O-023,Tote Bag,MIG1-CAT-004,Design_To_Go_Catalog_v1.2_RC_MANGO_TANGO.xlsx,D-006:OPEN,methodKey sin resolver
DQ-DECOR-001:DECORATION:MIG2-OM-013:methodKey,DQ-DECOR-001,BLOCKER,DECORATION,REVIEW,OWNER_DECISION_REQUIRED,DECORATION,2e29672b-f16d-413a-ae3a-1fc2348843e8,WARNING,MIG2-O-022,Mandil,MIG1-CAT-004,Design_To_Go_Catalog_v1.2_RC_MANGO_TANGO.xlsx,D-006:OPEN,methodKey sin resolver
DQ-DECOR-001:DECORATION:MIG2-OM-014:methodKey,DQ-DECOR-001,BLOCKER,DECORATION,REVIEW,OWNER_DECISION_REQUIRED,DECORATION,0fd65818-3dfe-40b3-adb6-832bc69e367e,WARNING,MIG2-O-024,Parche textil,MIG1-CAT-004,Design_To_Go_Catalog_v1.2_RC_MANGO_TANGO.xlsx,D-006:OPEN,methodKey sin resolver
DQ-DECOR-001:DECORATION:MIG2-OM-015:methodKey,DQ-DECOR-001,BLOCKER,DECORATION,REVIEW,OWNER_DECISION_REQUIRED,DECORATION,f0491866-00fa-4df7-bdad-07945886d33d,WARNING,MIG2-O-025,Funda para cojín,MIG1-CAT-004,Design_To_Go_Catalog_v1.2_RC_MANGO_TANGO.xlsx,D-006:OPEN,methodKey sin resolver
DQ-DECOR-001:DECORATION:MIG2-OM-016:methodKey,DQ-DECOR-001,BLOCKER,DECORATION,REVIEW,BULK_RESOLVABLE,DECORATION,75fda2e9-ea52-4a0b-a06b-e842ac08ae4e,WARNING,MIG2-O-036,Flyers,MIG1-CAT-006,Design_To_Go_Catalog_v1.2_RC_MANGO_TANGO.xlsx,,methodKey sin resolver
DQ-DECOR-001:DECORATION:MIG2-OM-017:methodKey,DQ-DECOR-001,BLOCKER,DECORATION,REVIEW,BULK_RESOLVABLE,DECORATION,8d123d88-7cba-40e0-be8d-f918f8e72a74,WARNING,MIG2-O-037,Tabloides,MIG1-CAT-006,Design_To_Go_Catalog_v1.2_RC_MANGO_TANGO.xlsx,,methodKey sin resolver
DQ-DECOR-001:DECORATION:MIG2-OM-018:methodKey,DQ-DECOR-001,BLOCKER,DECORATION,REVIEW,BULK_RESOLVABLE,DECORATION,82f33b8d-d30f-4124-89c0-0612d05fcf2d,WARNING,MIG2-O-038,Posters,MIG1-CAT-006,Design_To_Go_Catalog_v1.2_RC_MANGO_TANGO.xlsx,,methodKey sin resolver
DQ-DECOR-001:DECORATION:MIG2-OM-019:methodKey,DQ-DECOR-001,BLOCKER,DECORATION,REVIEW,BULK_RESOLVABLE,DECORATION,a04ce25a-b2c4-4f61-9e5a-4059139a0c07,WARNING,MIG2-O-039,Menús,MIG1-CAT-006,Design_To_Go_Catalog_v1.2_RC_MANGO_TANGO.xlsx,,methodKey sin resolver
DQ-DECOR-001:DECORATION:MIG2-OM-020:methodKey,DQ-DECOR-001,BLOCKER,DECORATION,REVIEW,BULK_RESOLVABLE,DECORATION,7b1d8034-eb80-4f10-908c-c510edf6d4c7,WARNING,MIG2-O-040,Postales,MIG1-CAT-006,Design_To_Go_Catalog_v1.2_RC_MANGO_TANGO.xlsx,,methodKey sin resolver
DQ-DECOR-001:DECORATION:MIG2-OM-021:methodKey,DQ-DECOR-001,BLOCKER,DECORATION,REVIEW,OWNER_DECISION_REQUIRED,DECORATION,d8198226-7553-46ed-9f38-068b88ecc871,WARNING,MIG2-O-057,Reconocimiento metálico,MIG1-CAT-009,Design_To_Go_Catalog_v1.2_RC_MANGO_TANGO.xlsx,D-006:OPEN,methodKey sin resolver
DQ-DECOR-001:DECORATION:MIG2-OM-022:methodKey,DQ-DECOR-001,BLOCKER,DECORATION,REVIEW,OWNER_DECISION_REQUIRED,DECORATION,93ca0458-6cb1-437f-83ef-0917f374bada,WARNING,MIG2-O-058,Dog Tag,MIG1-CAT-009,Design_To_Go_Catalog_v1.2_RC_MANGO_TANGO.xlsx,D-006:OPEN,methodKey sin resolver
DQ-DECOR-001:DECORATION:MIG2-OM-023:methodKey,DQ-DECOR-001,BLOCKER,DECORATION,REVIEW,OWNER_DECISION_REQUIRED,DECORATION,84da4099-9b5b-44da-a17f-85f11344abfa,WARNING,MIG2-O-059,Pluma personalizada,MIG1-CAT-009,Design_To_Go_Catalog_v1.2_RC_MANGO_TANGO.xlsx,D-006:OPEN,methodKey sin resolver
DQ-DECOR-001:DECORATION:MIG2-OM-024:methodKey,DQ-DECOR-001,BLOCKER,DECORATION,REVIEW,OWNER_DECISION_REQUIRED,DECORATION,ece8607a-c4cc-4ab5-a03c-11f7b8388c87,WARNING,MIG2-O-060,Topper acrílico,MIG1-CAT-009,Design_To_Go_Catalog_v1.2_RC_MANGO_TANGO.xlsx,D-006:OPEN,methodKey sin resolver
DQ-DECOR-001:DECORATION:MIG2-OM-025:methodKey,DQ-DECOR-001,BLOCKER,DECORATION,REVIEW,OWNER_DECISION_REQUIRED,DECORATION,70a4aa62-d2ed-4f9a-92de-db11024c734f,WARNING,MIG2-O-061,Etiqueta rígida,MIG1-CAT-009,Design_To_Go_Catalog_v1.2_RC_MANGO_TANGO.xlsx,D-006:OPEN,methodKey sin resolver
DQ-DECOR-001:DECORATION:MIG2-OM-026:methodKey,DQ-DECOR-001,BLOCKER,DECORATION,REVIEW,OWNER_DECISION_REQUIRED,DECORATION,ce8a6cfe-62d4-4a46-93d7-8825fedb489f,WARNING,MIG2-O-031,Tumbler,MIG1-CAT-005,Design_To_Go_Catalog_v1.2_RC_MANGO_TANGO.xlsx,D-006:OPEN,methodKey sin resolver
DQ-DECOR-001:DECORATION:MIG2-OM-027:methodKey,DQ-DECOR-001,BLOCKER,DECORATION,REVIEW,OWNER_DECISION_REQUIRED,DECORATION,a5dde08c-e678-4df6-a60a-9e11161f1c9f,WARNING,MIG2-O-033,Botella,MIG1-CAT-005,Design_To_Go_Catalog_v1.2_RC_MANGO_TANGO.xlsx,D-006:OPEN,methodKey sin resolver
DQ-DECOR-001:DECORATION:MIGF-OM-001:methodKey,DQ-DECOR-001,BLOCKER,DECORATION,REVIEW,OWNER_DECISION_REQUIRED,DECORATION,931a1fea-4a1a-4ded-8ac0-08004a5f402d,WARNING,MIG2-O-018,Gorra,MIG2-CAT-002,Design_To_Go_Catalog_v1.2_RC_MANGO_TANGO.xlsx,D-006:OPEN,methodKey sin resolver
DQ-DECOR-001:DECORATION:MIGF-OM-002:methodKey,DQ-DECOR-001,BLOCKER,DECORATION,REVIEW,OWNER_DECISION_REQUIRED,DECORATION,c119210a-6d10-4ec9-ab60-5006ed2a48cb,WARNING,MIGF-O-023,Placa metálica de reconocimiento,MIG1-CAT-009,Design_To_Go_Catalog_v1.2_RC_MANGO_TANGO.xlsx,D-006:OPEN,methodKey sin resolver
DQ-DECOR-001:DECORATION:MIGF-OM-003:methodKey,DQ-DECOR-001,BLOCKER,DECORATION,REVIEW,OWNER_DECISION_REQUIRED,DECORATION,edaec449-1ada-4286-bdc4-c9b0371460d6,WARNING,MIGF-O-024,Placa metálica de identificación,MIG1-CAT-009,Design_To_Go_Catalog_v1.2_RC_MANGO_TANGO.xlsx,D-006:OPEN,methodKey sin resolver
DQ-DECOR-001:DECORATION:MIGF-OM-004:methodKey,DQ-DECOR-001,BLOCKER,DECORATION,REVIEW,OWNER_DECISION_REQUIRED,DECORATION,908a3bbd-12bd-4918-942e-b3eb0c989500,WARNING,MIGF-O-025,Placa para trailer,MIG1-CAT-009,Design_To_Go_Catalog_v1.2_RC_MANGO_TANGO.xlsx,D-006:OPEN,methodKey sin resolver
DQ-DECOR-001:DECORATION:MIGF-OM-005:methodKey,DQ-DECOR-001,BLOCKER,DECORATION,REVIEW,OWNER_DECISION_REQUIRED,DECORATION,9e8cbd66-88cf-4b3f-b411-62638d8b6ae0,WARNING,MIGF-O-026,Placa para vehículo,MIG1-CAT-009,Design_To_Go_Catalog_v1.2_RC_MANGO_TANGO.xlsx,D-006:OPEN,methodKey sin resolver
DQ-DECOR-001:DECORATION:MIGF-OM-006:methodKey,DQ-DECOR-001,BLOCKER,DECORATION,REVIEW,OWNER_DECISION_REQUIRED,DECORATION,c2a94ff6-f780-484f-adb1-bcde14357b13,WARNING,MIGF-O-027,Tag para maquinaria/equipo,MIG1-CAT-009,Design_To_Go_Catalog_v1.2_RC_MANGO_TANGO.xlsx,D-006:OPEN,methodKey sin resolver
DQ-DECOR-001:DECORATION:MIGF-OM-007:methodKey,DQ-DECOR-001,BLOCKER,DECORATION,REVIEW,OWNER_DECISION_REQUIRED,DECORATION,53175849-f505-42ba-8358-ea00cbf0a25c,WARNING,MIGF-O-028,Llavero UV DTF,MIG1-CAT-009,Design_To_Go_Catalog_v1.2_RC_MANGO_TANGO.xlsx,D-006:OPEN,methodKey sin resolver
DQ-DECOR-001:DECORATION:MIGF-OM-008:methodKey,DQ-DECOR-001,BLOCKER,DECORATION,REVIEW,OWNER_DECISION_REQUIRED,DECORATION,872897a7-872a-422a-986e-74e71f83c0e7,WARNING,MIGF-O-029,Recuerdo UV DTF,MIG1-CAT-009,Design_To_Go_Catalog_v1.2_RC_MANGO_TANGO.xlsx,D-006:OPEN,methodKey sin resolver
DQ-DECOR-001:DECORATION:MIGF-OM-009:methodKey,DQ-DECOR-001,BLOCKER,DECORATION,REVIEW,OWNER_DECISION_REQUIRED,DECORATION,5fe2ce67-752c-4452-ace6-b155ec362d14,WARNING,MIGF-O-030,Placa acrílica,MIG1-CAT-009,Design_To_Go_Catalog_v1.2_RC_MANGO_TANGO.xlsx,D-006:OPEN,methodKey sin resolver
DQ-DECOR-001:DECORATION:MIGF-OM-010:methodKey,DQ-DECOR-001,BLOCKER,DECORATION,REVIEW,OWNER_DECISION_REQUIRED,DECORATION,9dfd85ed-7c1e-4050-ad0d-0fc4d590114c,WARNING,MIGF-O-031,Placa para puerta,MIG1-CAT-009,Design_To_Go_Catalog_v1.2_RC_MANGO_TANGO.xlsx,D-006:OPEN,methodKey sin resolver
DQ-DECOR-001:DECORATION:MIGF-OM-011:methodKey,DQ-DECOR-001,BLOCKER,DECORATION,REVIEW,OWNER_DECISION_REQUIRED,DECORATION,1506b715-ea0c-400b-a46c-a82b325a5124,WARNING,MIGF-O-032,Placa para buzón,MIG1-CAT-009,Design_To_Go_Catalog_v1.2_RC_MANGO_TANGO.xlsx,D-006:OPEN,methodKey sin resolver
DQ-DECOR-001:DECORATION:MIGF-OM-012:methodKey,DQ-DECOR-001,BLOCKER,DECORATION,REVIEW,OWNER_DECISION_REQUIRED,DECORATION,b1c7b6e8-f9fb-41eb-a142-cd3433e69593,WARNING,MIGF-O-033,Vaso con UV DTF,MIG1-CAT-009,Design_To_Go_Catalog_v1.2_RC_MANGO_TANGO.xlsx,D-006:OPEN,methodKey sin resolver
DQ-DECOR-001:DECORATION:MIGF-OM-013:methodKey,DQ-DECOR-001,BLOCKER,DECORATION,REVIEW,OWNER_DECISION_REQUIRED,DECORATION,c50aba3c-0831-4c39-a85f-3c942d81f396,WARNING,MIGF-O-034,Producto de vidrio con UV DTF,MIG1-CAT-005,Design_To_Go_Catalog_v1.2_RC_MANGO_TANGO.xlsx,D-006:OPEN,methodKey sin resolver
DQ-DECOR-001:DECORATION:MIGF-OM-014:methodKey,DQ-DECOR-001,BLOCKER,DECORATION,REVIEW,OWNER_DECISION_REQUIRED,DECORATION,c7e74870-1d9c-4958-8255-8668eca500f6,WARNING,MIGF-O-035,Producto metálico con UV DTF,MIG1-CAT-009,Design_To_Go_Catalog_v1.2_RC_MANGO_TANGO.xlsx,D-006:OPEN,methodKey sin resolver
DQ-DECOR-001:DECORATION:MIGF-OM-015:methodKey,DQ-DECOR-001,BLOCKER,DECORATION,REVIEW,OWNER_DECISION_REQUIRED,DECORATION,99465042-ff0e-4435-9cc9-ecbb48e1684e,WARNING,MIGF-O-036,Producto plástico con UV DTF,MIG1-CAT-009,Design_To_Go_Catalog_v1.2_RC_MANGO_TANGO.xlsx,D-006:OPEN,methodKey sin resolver
DQ-DECOR-001:DECORATION:MIGF-OM-016:methodKey,DQ-DECOR-001,BLOCKER,DECORATION,REVIEW,OWNER_DECISION_REQUIRED,DECORATION,b3fc96a8-f611-4bc2-aa20-ac872978ddaf,WARNING,MIGF-O-037,Producto de madera compatible con UV DTF,MIG1-CAT-009,Design_To_Go_Catalog_v1.2_RC_MANGO_TANGO.xlsx,D-006:OPEN,methodKey sin resolver
DQ-DECOR-001:DECORATION:OWN-OM-001:methodKey,DQ-DECOR-001,BLOCKER,DECORATION,REVIEW,BULK_RESOLVABLE,DECORATION,999013c5-a003-4a87-bfa9-68c8200db259,WARNING,MIG1-O-004,Camiseta de algodón cuello redondo,MIG1-CAT-004,Design_To_Go_Catalog_v1.2_RC_MANGO_TANGO.xlsx,,methodKey sin resolver
DQ-DECOR-001:DECORATION:OWN-OM-002:methodKey,DQ-DECOR-001,BLOCKER,DECORATION,REVIEW,BULK_RESOLVABLE,DECORATION,64ac21e5-9266-42be-85f1-292a6fc4e801,WARNING,MIG1-O-004,Camiseta de algodón cuello redondo,MIG1-CAT-004,Design_To_Go_Catalog_v1.2_RC_MANGO_TANGO.xlsx,,methodKey sin resolver
DQ-DECOR-001:DECORATION:OWN-OM-003:methodKey,DQ-DECOR-001,BLOCKER,DECORATION,REVIEW,BULK_RESOLVABLE,DECORATION,8f29c9bc-34e0-4857-976b-8d8470c89557,WARNING,MIG1-O-004,Camiseta de algodón cuello redondo,MIG1-CAT-004,Design_To_Go_Catalog_v1.2_RC_MANGO_TANGO.xlsx,,methodKey sin resolver
DQ-DECOR-001:DECORATION:OWN-OM-004:methodKey,DQ-DECOR-001,BLOCKER,DECORATION,REVIEW,BULK_RESOLVABLE,DECORATION,a7cde914-88ad-4fbf-b14e-ccadf76b72a0,WARNING,MIG1-O-004,Camiseta de algodón cuello redondo,MIG1-CAT-004,Design_To_Go_Catalog_v1.2_RC_MANGO_TANGO.xlsx,,methodKey sin resolver
DQ-DECOR-001:DECORATION:OWN-OM-005:methodKey,DQ-DECOR-001,BLOCKER,DECORATION,REVIEW,BULK_RESOLVABLE,DECORATION,3603d95f-3720-4f45-b808-f397ebd92c50,WARNING,MIG1-O-005,Camiseta Dry Fit / poliéster,MIG1-CAT-004,Design_To_Go_Catalog_v1.2_RC_MANGO_TANGO.xlsx,,methodKey sin resolver
DQ-DECOR-001:DECORATION:OWN-OM-006:methodKey,DQ-DECOR-001,BLOCKER,DECORATION,REVIEW,BULK_RESOLVABLE,DECORATION,872a9313-d3e7-47e6-bf5f-46f05c7113ad,WARNING,MIG1-O-005,Camiseta Dry Fit / poliéster,MIG1-CAT-004,Design_To_Go_Catalog_v1.2_RC_MANGO_TANGO.xlsx,,methodKey sin resolver
DQ-DECOR-001:DECORATION:OWN-OM-007:methodKey,DQ-DECOR-001,BLOCKER,DECORATION,REVIEW,BULK_RESOLVABLE,DECORATION,9732847b-e911-4602-9532-8eea79d63819,WARNING,MIG1-O-005,Camiseta Dry Fit / poliéster,MIG1-CAT-004,Design_To_Go_Catalog_v1.2_RC_MANGO_TANGO.xlsx,,methodKey sin resolver
DQ-DECOR-001:DECORATION:OWN-OM-008:methodKey,DQ-DECOR-001,BLOCKER,DECORATION,REVIEW,BULK_RESOLVABLE,DECORATION,d1641b40-1b53-4bb3-8153-fff7f1f69d47,WARNING,MIG1-O-005,Camiseta Dry Fit / poliéster,MIG1-CAT-004,Design_To_Go_Catalog_v1.2_RC_MANGO_TANGO.xlsx,,methodKey sin resolver
DQ-DECOR-001:DECORATION:OWN-OM-009:methodKey,DQ-DECOR-001,BLOCKER,DECORATION,REVIEW,BULK_RESOLVABLE,DECORATION,fee80149-64d0-4318-b584-079198368a6b,WARNING,MIG2-O-017,Polo,MIG1-CAT-004,Design_To_Go_Catalog_v1.2_RC_MANGO_TANGO.xlsx,,methodKey sin resolver
DQ-DECOR-001:DECORATION:OWN-OM-010:methodKey,DQ-DECOR-001,BLOCKER,DECORATION,REVIEW,BULK_RESOLVABLE,DECORATION,fc5caddc-1db1-49d0-8082-4922f05b5097,WARNING,MIG2-O-017,Polo,MIG1-CAT-004,Design_To_Go_Catalog_v1.2_RC_MANGO_TANGO.xlsx,,methodKey sin resolver
DQ-DECOR-001:DECORATION:OWN-OM-011:methodKey,DQ-DECOR-001,BLOCKER,DECORATION,REVIEW,BULK_RESOLVABLE,DECORATION,7030573a-e3dd-400e-a1dc-fa99dd60c03b,WARNING,MIG2-O-017,Polo,MIG1-CAT-004,Design_To_Go_Catalog_v1.2_RC_MANGO_TANGO.xlsx,,methodKey sin resolver
DQ-DECOR-001:DECORATION:OWN-OM-012:methodKey,DQ-DECOR-001,BLOCKER,DECORATION,REVIEW,BULK_RESOLVABLE,DECORATION,c0224cd8-976c-4d46-8c34-94dc15889e45,WARNING,MIG2-O-017,Polo,MIG1-CAT-004,Design_To_Go_Catalog_v1.2_RC_MANGO_TANGO.xlsx,,methodKey sin resolver
DQ-DECOR-001:DECORATION:OWN-OM-013:methodKey,DQ-DECOR-001,BLOCKER,DECORATION,REVIEW,OWNER_DECISION_REQUIRED,DECORATION,df867314-04d1-45f4-b9c7-4c25113aaf8d,WARNING,MIG2-O-018,Gorra,MIG2-CAT-002,Design_To_Go_Catalog_v1.2_RC_MANGO_TANGO.xlsx,D-006:OPEN,methodKey sin resolver
DQ-DECOR-001:DECORATION:OWN-OM-014:methodKey,DQ-DECOR-001,BLOCKER,DECORATION,REVIEW,OWNER_DECISION_REQUIRED,DECORATION,e3191b87-cb6e-4727-90d1-d787c823cc95,WARNING,MIG2-O-018,Gorra,MIG2-CAT-002,Design_To_Go_Catalog_v1.2_RC_MANGO_TANGO.xlsx,D-006:OPEN,methodKey sin resolver
DQ-DECOR-001:DECORATION:OWN-OM-015:methodKey,DQ-DECOR-001,BLOCKER,DECORATION,REVIEW,OWNER_DECISION_REQUIRED,DECORATION,858bd65b-96fc-407b-974a-b8d3ce00c041,WARNING,MIG2-O-018,Gorra,MIG2-CAT-002,Design_To_Go_Catalog_v1.2_RC_MANGO_TANGO.xlsx,D-006:OPEN,methodKey sin resolver
DQ-DECOR-001:DECORATION:OWN-OM-016:methodKey,DQ-DECOR-001,BLOCKER,DECORATION,REVIEW,BULK_RESOLVABLE,DECORATION,42ad33d0-bcad-4062-ae9a-666399d5a12b,WARNING,MIG2-O-029,Sippy Cup / vaso de chupón,MIG1-CAT-005,Design_To_Go_Catalog_v1.2_RC_MANGO_TANGO.xlsx,,methodKey sin resolver
DQ-DECOR-001:DECORATION:OWN-OM-017:methodKey,DQ-DECOR-001,BLOCKER,DECORATION,REVIEW,BULK_RESOLVABLE,DECORATION,ae972f01-c616-42ff-995a-3984a53d6f89,WARNING,MIG2-O-029,Sippy Cup / vaso de chupón,MIG1-CAT-005,Design_To_Go_Catalog_v1.2_RC_MANGO_TANGO.xlsx,,methodKey sin resolver
DQ-DECOR-001:DECORATION:OWN-OM-018:methodKey,DQ-DECOR-001,BLOCKER,DECORATION,REVIEW,BULK_RESOLVABLE,DECORATION,336a48f8-29d2-473d-8d27-4d22eeb7931c,WARNING,MIG1-O-007,Vaso con tapa y popote,MIG1-CAT-005,Design_To_Go_Catalog_v1.2_RC_MANGO_TANGO.xlsx,,methodKey sin resolver
DQ-DECOR-001:DECORATION:OWN-OM-019:methodKey,DQ-DECOR-001,BLOCKER,DECORATION,REVIEW,BULK_RESOLVABLE,DECORATION,e868de30-fcb4-4cca-ba6a-e81bcd8fa1b9,WARNING,MIG1-O-007,Vaso con tapa y popote,MIG1-CAT-005,Design_To_Go_Catalog_v1.2_RC_MANGO_TANGO.xlsx,,methodKey sin resolver
DQ-DECOR-001:DECORATION:OWN-OM-020:methodKey,DQ-DECOR-001,BLOCKER,DECORATION,REVIEW,OWNER_DECISION_REQUIRED,DECORATION,ea82cb7d-9010-436e-8083-cac7d5efb236,WARNING,MIG2-O-030,Vaso de acero inoxidable,MIG1-CAT-005,Design_To_Go_Catalog_v1.2_RC_MANGO_TANGO.xlsx,D-006:OPEN,methodKey sin resolver
DQ-DECOR-001:DECORATION:OWN-OM-021:methodKey,DQ-DECOR-001,BLOCKER,DECORATION,REVIEW,OWNER_DECISION_REQUIRED,DECORATION,a0d53b5f-228b-441b-b7eb-194740a0b51e,WARNING,MIG2-O-030,Vaso de acero inoxidable,MIG1-CAT-005,Design_To_Go_Catalog_v1.2_RC_MANGO_TANGO.xlsx,D-006:OPEN,methodKey sin resolver
DQ-DECOR-001:DECORATION:OWN-OM-022:methodKey,DQ-DECOR-001,BLOCKER,DECORATION,REVIEW,OWNER_DECISION_REQUIRED,DECORATION,ff316ff7-0f44-447d-bb6c-7fee30e8483d,WARNING,MIG2-O-031,Tumbler,MIG1-CAT-005,Design_To_Go_Catalog_v1.2_RC_MANGO_TANGO.xlsx,D-006:OPEN,methodKey sin resolver
DQ-DECOR-001:DECORATION:OWN-OM-023:methodKey,DQ-DECOR-001,BLOCKER,DECORATION,REVIEW,BULK_RESOLVABLE,DECORATION,aff95e41-be22-4a68-a727-67aa4a915757,WARNING,MIG2-O-032,Cilindro,MIG1-CAT-005,Design_To_Go_Catalog_v1.2_RC_MANGO_TANGO.xlsx,,methodKey sin resolver
DQ-DECOR-001:DECORATION:OWN-OM-024:methodKey,DQ-DECOR-001,BLOCKER,DECORATION,REVIEW,BULK_RESOLVABLE,DECORATION,57109369-0d2d-41e8-84f6-000cf2ae085d,WARNING,MIG2-O-032,Cilindro,MIG1-CAT-005,Design_To_Go_Catalog_v1.2_RC_MANGO_TANGO.xlsx,,methodKey sin resolver
DQ-DECOR-001:DECORATION:OWN-OM-025:methodKey,DQ-DECOR-001,BLOCKER,DECORATION,REVIEW,OWNER_DECISION_REQUIRED,DECORATION,04091eba-fdd0-4c68-ab7e-0cf93ba256a6,WARNING,MIG2-O-033,Botella,MIG1-CAT-005,Design_To_Go_Catalog_v1.2_RC_MANGO_TANGO.xlsx,D-006:OPEN,methodKey sin resolver
DQ-DECOR-001:DECORATION:OWN-OM-026:methodKey,DQ-DECOR-001,BLOCKER,DECORATION,REVIEW,BULK_RESOLVABLE,DECORATION,d3870b55-86c5-4245-a571-6b3f328a99a7,WARNING,MIG2-O-034,Tarro,MIG1-CAT-005,Design_To_Go_Catalog_v1.2_RC_MANGO_TANGO.xlsx,,methodKey sin resolver
DQ-DECOR-001:DECORATION:OWN-OM-027:methodKey,DQ-DECOR-001,BLOCKER,DECORATION,REVIEW,BULK_RESOLVABLE,DECORATION,4e5b63e1-1ef6-47b2-9c81-017850e57b85,WARNING,MIG2-O-034,Tarro,MIG1-CAT-005,Design_To_Go_Catalog_v1.2_RC_MANGO_TANGO.xlsx,,methodKey sin resolver
DQ-DECOR-001:DECORATION:OWN-OM-028:methodKey,DQ-DECOR-001,BLOCKER,DECORATION,REVIEW,BULK_RESOLVABLE,DECORATION,7fd0be7c-5ce8-4e90-aaff-c5938a8288c1,WARNING,MIG2-O-035,Taza personalizada,MIG1-CAT-005,Design_To_Go_Catalog_v1.2_RC_MANGO_TANGO.xlsx,,methodKey sin resolver
DQ-DECOR-001:DECORATION:OWN-OM-029:methodKey,DQ-DECOR-001,BLOCKER,DECORATION,REVIEW,BULK_RESOLVABLE,DECORATION,ed3f652e-7a0d-4c47-8cac-7bd4597bd316,WARNING,MIG2-O-035,Taza personalizada,MIG1-CAT-005,Design_To_Go_Catalog_v1.2_RC_MANGO_TANGO.xlsx,,methodKey sin resolver
DQ-DECOR-001:DECORATION:OWN-OM-030:methodKey,DQ-DECOR-001,BLOCKER,DECORATION,REVIEW,BULK_RESOLVABLE,DECORATION,fa0986ba-98b5-4c18-8870-d9dae7f31f3f,WARNING,MIG2-O-035,Taza personalizada,MIG1-CAT-005,Design_To_Go_Catalog_v1.2_RC_MANGO_TANGO.xlsx,,methodKey sin resolver
DQ-DECOR-001:DECORATION:OWN-OM-031:methodKey,DQ-DECOR-001,BLOCKER,DECORATION,REVIEW,OWNER_DECISION_REQUIRED,DECORATION,1d099978-9bf3-4c23-aa71-821d48c6b441,WARNING,MIG2-O-030,Vaso de acero inoxidable,MIG1-CAT-005,Design_To_Go_Catalog_v1.2_RC_MANGO_TANGO.xlsx,D-006:OPEN,methodKey sin resolver
DQ-DECOR-001:DECORATION:OWN-OM-032:methodKey,DQ-DECOR-001,BLOCKER,DECORATION,REVIEW,BULK_RESOLVABLE,DECORATION,7de2680d-7269-4fdf-89db-f33df2fe80e0,WARNING,MIG1-O-008,Tarjeta Tradicional,MIG1-CAT-006,Design_To_Go_Catalog_v1.2_RC_MANGO_TANGO.xlsx,,methodKey sin resolver
DQ-DECOR-001:DECORATION:OWN-OM-033:methodKey,DQ-DECOR-001,BLOCKER,DECORATION,REVIEW,BULK_RESOLVABLE,DECORATION,60c1fc58-039a-479d-86a6-a8ee842cda90,WARNING,MIG1-O-009,Tarjeta Premium / Gloss,MIG1-CAT-006,Design_To_Go_Catalog_v1.2_RC_MANGO_TANGO.xlsx,,methodKey sin resolver
DQ-DECOR-001:DECORATION:OWN-OM-034:methodKey,DQ-DECOR-001,BLOCKER,DECORATION,REVIEW,BULK_RESOLVABLE,DECORATION,d4efdc25-391d-470f-b955-ade02069d5fd,WARNING,MIG1-O-010,Stickers de vinil,MIG1-CAT-007,Design_To_Go_Catalog_v1.2_RC_MANGO_TANGO.xlsx,,methodKey sin resolver
DQ-DECOR-001:DECORATION:OWN-OM-035:methodKey,DQ-DECOR-001,BLOCKER,DECORATION,REVIEW,BULK_RESOLVABLE,DECORATION,e54fa9b2-f3f3-4e1a-b574-78585e6c1be9,WARNING,MIG2-O-041,Stickers de papel,MIG1-CAT-007,Design_To_Go_Catalog_v1.2_RC_MANGO_TANGO.xlsx,,methodKey sin resolver
DQ-DECOR-001:DECORATION:OWN-OM-036:methodKey,DQ-DECOR-001,BLOCKER,DECORATION,REVIEW,BULK_RESOLVABLE,DECORATION,6407b100-5447-412a-a292-605dd1e9550d,WARNING,MIG2-O-042,Stickers transparentes,MIG1-CAT-007,Design_To_Go_Catalog_v1.2_RC_MANGO_TANGO.xlsx,,methodKey sin resolver
DQ-DECOR-001:DECORATION:OWN-OM-037:methodKey,DQ-DECOR-001,BLOCKER,DECORATION,REVIEW,BULK_RESOLVABLE,DECORATION,68a8aeb5-360e-4eb9-81fd-1160cc656f88,WARNING,MIG2-O-043,Stickers holográficos,MIG1-CAT-007,Design_To_Go_Catalog_v1.2_RC_MANGO_TANGO.xlsx,,methodKey sin resolver
DQ-DECOR-001:DECORATION:OWN-OM-038:methodKey,DQ-DECOR-001,BLOCKER,DECORATION,REVIEW,BULK_RESOLVABLE,DECORATION,b95fd81f-0c4f-4acc-8546-9ecb442632cc,WARNING,MIG2-O-044,Stickers reflectivos,MIG1-CAT-007,Design_To_Go_Catalog_v1.2_RC_MANGO_TANGO.xlsx,,methodKey sin resolver
DQ-OPTION-001:OPTION:MIG1-OP-001:isRequired,DQ-OPTION-001,BLOCKER,OPTION,REVIEW,BULK_RESOLVABLE,OPTION,8fe5a56e-1c70-4e5c-97a5-1db551bd82ee,WARNING,MIG1-O-008,Tarjeta Tradicional,MIG1-CAT-006,Design_To_Go_Catalog_v1.2_RC_MANGO_TANGO.xlsx,,isRequired sin resolver
DQ-OPTION-001:OPTION:MIG1-OP-002:isRequired,DQ-OPTION-001,BLOCKER,OPTION,REVIEW,BULK_RESOLVABLE,OPTION,6785e05d-42c9-47c3-85f8-7618b99db11c,WARNING,MIG1-O-009,Tarjeta Premium / Gloss,MIG1-CAT-006,Design_To_Go_Catalog_v1.2_RC_MANGO_TANGO.xlsx,,isRequired sin resolver
DQ-OPTION-001:OPTION:MIG1-OP-003:isRequired,DQ-OPTION-001,BLOCKER,OPTION,REVIEW,OWNER_DECISION_REQUIRED,OPTION,661ddc2e-c3f4-42ab-8034-09ad830fe381,WARNING,MIG1-O-003,X-Banner completo,MIG1-CAT-003,Design_To_Go_Catalog_v1.2_RC_MANGO_TANGO.xlsx,D-004:OPEN,isRequired sin resolver
DQ-OPTION-001:OPTION:MIG1-OP-004:isRequired,DQ-OPTION-001,BLOCKER,OPTION,REVIEW,OWNER_DECISION_REQUIRED,OPTION,b2b1d166-48f5-4e0e-9f1b-6f2905a4bdca,WARNING,MIG1-O-007,Vaso con tapa y popote,MIG1-CAT-005,Design_To_Go_Catalog_v1.2_RC_MANGO_TANGO.xlsx,D-004:OPEN,isRequired sin resolver
DQ-OPTION-001:OPTION:MIG2-OP-001:isRequired,DQ-OPTION-001,BLOCKER,OPTION,REVIEW,OWNER_DECISION_REQUIRED,OPTION,b161fd7a-a1d9-43f2-beaa-b16695a7b305,WARNING,MIG2-O-015,Bandera personalizada,MIG1-CAT-003,Design_To_Go_Catalog_v1.2_RC_MANGO_TANGO.xlsx,D-004:OPEN,isRequired sin resolver
DQ-OPTION-001:OPTION:MIG2-OP-002:isRequired,DQ-OPTION-001,BLOCKER,OPTION,REVIEW,OWNER_DECISION_REQUIRED,OPTION,57eaebc4-73aa-40a7-adb4-67899e515c71,WARNING,MIG2-O-016,Roll-Up / Retractable Banner,MIG1-CAT-003,Design_To_Go_Catalog_v1.2_RC_MANGO_TANGO.xlsx,D-004:OPEN,isRequired sin resolver
DQ-OPTION-001:OPTION:MIG2-OP-003:isRequired,DQ-OPTION-001,BLOCKER,OPTION,REVIEW,OWNER_DECISION_REQUIRED,OPTION,fdb86646-7d75-4005-ae24-9cfad36b181b,WARNING,MIG2-O-039,Menús,MIG1-CAT-006,Design_To_Go_Catalog_v1.2_RC_MANGO_TANGO.xlsx,D-004:OPEN,isRequired sin resolver
DQ-OPTION-001:OPTION:OWN-MT-OP-001:isRequired,DQ-OPTION-001,BLOCKER,OPTION,REVIEW,OWNER_DECISION_REQUIRED,OPTION,08c6ddd6-a0ac-4d47-9b5f-1d0ae0f4a821,WARNING,OWN-MT-O-001,Camisa de vestir personalizada / woven shirt,MIG1-CAT-004,Design_To_Go_Catalog_v1.2_RC_MANGO_TANGO.xlsx,D-004:OPEN,isRequired sin resolver
DQ-OPTION-001:OPTION:OWN-MT-OP-002:isRequired,DQ-OPTION-001,BLOCKER,OPTION,REVIEW,OWNER_DECISION_REQUIRED,OPTION,365cfcee-3de9-4898-9740-25be4e7cfd3f,WARNING,OWN-MT-O-005,Chaleco de trabajo personalizado,MIG1-CAT-004,Design_To_Go_Catalog_v1.2_RC_MANGO_TANGO.xlsx,D-004:OPEN,isRequired sin resolver
DQ-OPTION-001:OPTION:OWN-MT-OP-003:isRequired,DQ-OPTION-001,BLOCKER,OPTION,REVIEW,OWNER_DECISION_REQUIRED,OPTION,33e05c07-cde2-41bf-a1d4-312fb86cbb68,WARNING,OWN-MT-O-006,Camisa de trabajo personalizada,MIG1-CAT-004,Design_To_Go_Catalog_v1.2_RC_MANGO_TANGO.xlsx,D-004:OPEN,isRequired sin resolver
DQ-OPTION-001:OPTION:OWN-MT-OP-004:isRequired,DQ-OPTION-001,BLOCKER,OPTION,REVIEW,OWNER_DECISION_REQUIRED,OPTION,cb651186-0acb-48cf-aae2-3b0ba2db3358,WARNING,OWN-MT-O-009,Chamarra / abrigo de trabajo personalizado,MIG1-CAT-004,Design_To_Go_Catalog_v1.2_RC_MANGO_TANGO.xlsx,D-004:OPEN,isRequired sin resolver
DQ-OPTION-001:OPTION:OWN-MT-OP-005:isRequired,DQ-OPTION-001,BLOCKER,OPTION,REVIEW,OWNER_DECISION_REQUIRED,OPTION,aa50c434-064c-472d-a458-88d4a73cb08d,WARNING,MIG1-O-004,Camiseta de algodón cuello redondo,MIG1-CAT-004,Design_To_Go_Catalog_v1.2_RC_MANGO_TANGO.xlsx,D-004:OPEN,isRequired sin resolver
DQ-OPTION-001:OPTION:OWN-MT-OP-006:isRequired,DQ-OPTION-001,BLOCKER,OPTION,REVIEW,OWNER_DECISION_REQUIRED,OPTION,da67da3e-e0f5-4d35-a3a1-79356f55c984,WARNING,OWN-MT-O-011,Jersey deportivo personalizable,MIG1-CAT-004,Design_To_Go_Catalog_v1.2_RC_MANGO_TANGO.xlsx,D-004:OPEN,isRequired sin resolver
DQ-OPTION-001:OPTION:OWN-MT-OP-007:isRequired,DQ-OPTION-001,BLOCKER,OPTION,REVIEW,OWNER_DECISION_REQUIRED,OPTION,8d051de1-111a-4ce7-9b98-50f2825469bb,WARNING,MIG2-O-021,Uniforme,MIG1-CAT-004,Design_To_Go_Catalog_v1.2_RC_MANGO_TANGO.xlsx,D-004:OPEN,isRequired sin resolver
DQ-OPTION-001:OPTION:OWN-MT-OP-008:isRequired,DQ-OPTION-001,BLOCKER,OPTION,REVIEW,OWNER_DECISION_REQUIRED,OPTION,e07eaec4-ca54-4ccf-8e1a-21e0a05b296a,WARNING,MIG2-O-018,Gorra,MIG2-CAT-002,Design_To_Go_Catalog_v1.2_RC_MANGO_TANGO.xlsx,D-004:OPEN,isRequired sin resolver
DQ-OPTION-001:OPTION:OWN-MT-OP-009:isRequired,DQ-OPTION-001,BLOCKER,OPTION,REVIEW,OWNER_DECISION_REQUIRED,OPTION,ec0079ed-c794-40fc-82a9-80ff5a95b463,WARNING,MIG2-O-018,Gorra,MIG2-CAT-002,Design_To_Go_Catalog_v1.2_RC_MANGO_TANGO.xlsx,D-004:OPEN,isRequired sin resolver
DQ-OPTION-001:OPTION:OWN-MT-OP-010:isRequired,DQ-OPTION-001,BLOCKER,OPTION,REVIEW,OWNER_DECISION_REQUIRED,OPTION,177bda07-56ff-4120-a452-fa85528885e2,WARNING,MIG2-O-018,Gorra,MIG2-CAT-002,Design_To_Go_Catalog_v1.2_RC_MANGO_TANGO.xlsx,D-004:OPEN,isRequired sin resolver
DQ-OPTION-001:OPTION:OWN-MT-OP-011:isRequired,DQ-OPTION-001,BLOCKER,OPTION,REVIEW,OWNER_DECISION_REQUIRED,OPTION,8d840332-a3a4-4fb9-8bb8-ad384d72850a,WARNING,OWN-MT-O-022,Mochila personalizable / backpack,MIG1-CAT-004,Design_To_Go_Catalog_v1.2_RC_MANGO_TANGO.xlsx,D-004:OPEN,isRequired sin resolver
DQ-OPTION-001:OPTION:OWN-MT-OP-012:isRequired,DQ-OPTION-001,BLOCKER,OPTION,REVIEW,OWNER_DECISION_REQUIRED,OPTION,ac94345f-e233-4a30-ae39-38307a3a303a,WARNING,MIG2-O-022,Mandil,MIG1-CAT-004,Design_To_Go_Catalog_v1.2_RC_MANGO_TANGO.xlsx,D-004:OPEN,isRequired sin resolver
DQ-OPTION-001:OPTION:OWN-MT-OP-013:isRequired,DQ-OPTION-001,BLOCKER,OPTION,REVIEW,OWNER_DECISION_REQUIRED,OPTION,fdacced4-d44c-4c06-b782-4cea462fd996,WARNING,MIG2-O-055,Pantuflas personalizadas,MIG1-CAT-008,Design_To_Go_Catalog_v1.2_RC_MANGO_TANGO.xlsx,D-004:OPEN,isRequired sin resolver
DQ-OPTION-001:OPTION:OWN-MT-OP-014:isRequired,DQ-OPTION-001,BLOCKER,OPTION,REVIEW,OWNER_DECISION_REQUIRED,OPTION,d49ddb72-2f3d-46d9-87b0-830b4808ca07,WARNING,MIG2-O-055,Pantuflas personalizadas,MIG1-CAT-008,Design_To_Go_Catalog_v1.2_RC_MANGO_TANGO.xlsx,D-004:OPEN,isRequired sin resolver
DQ-OPTION-001:OPTION:OWN-MT-OP-015:isRequired,DQ-OPTION-001,BLOCKER,OPTION,REVIEW,OWNER_DECISION_REQUIRED,OPTION,e51b18f1-acc5-4c73-8b1a-8b5e56f84ca7,WARNING,MIG2-O-055,Pantuflas personalizadas,MIG1-CAT-008,Design_To_Go_Catalog_v1.2_RC_MANGO_TANGO.xlsx,D-004:OPEN,isRequired sin resolver
DQ-OPTION-001:OPTION:OWN-MT-OP-016:isRequired,DQ-OPTION-001,BLOCKER,OPTION,REVIEW,OWNER_DECISION_REQUIRED,OPTION,41935f48-c7bf-44a3-9496-13e80a46854a,WARNING,OWN-MT-O-027,Sandalias / chanclas personalizadas,MIG1-CAT-008,Design_To_Go_Catalog_v1.2_RC_MANGO_TANGO.xlsx,D-004:OPEN,isRequired sin resolver
DQ-OPTION-001:OPTION:OWN-MT-OP-017:isRequired,DQ-OPTION-001,BLOCKER,OPTION,REVIEW,OWNER_DECISION_REQUIRED,OPTION,4fbe78a6-f922-4761-8c1a-c199424db61f,WARNING,OWN-MT-O-027,Sandalias / chanclas personalizadas,MIG1-CAT-008,Design_To_Go_Catalog_v1.2_RC_MANGO_TANGO.xlsx,D-004:OPEN,isRequired sin resolver
DQ-OPTION-001:OPTION:OWN-MT-OP-018:isRequired,DQ-OPTION-001,BLOCKER,OPTION,REVIEW,OWNER_DECISION_REQUIRED,OPTION,c2c5046c-2339-4a27-b8ed-a2a8dd942ce2,WARNING,OWN-MT-O-027,Sandalias / chanclas personalizadas,MIG1-CAT-008,Design_To_Go_Catalog_v1.2_RC_MANGO_TANGO.xlsx,D-004:OPEN,isRequired sin resolver
DQ-OPTION-001:OPTION:OWN-MT-OP-019:isRequired,DQ-OPTION-001,BLOCKER,OPTION,REVIEW,OWNER_DECISION_REQUIRED,OPTION,c0cff6b3-d6c6-4910-94c9-77daf52f09ef,WARNING,MIGF-O-044,Panel decorativo,MIGF-CAT-001,Design_To_Go_Catalog_v1.2_RC_MANGO_TANGO.xlsx,D-004:OPEN,isRequired sin resolver
DQ-OPTION-001:OPTION:OWN-MT-OP-020:isRequired,DQ-OPTION-001,BLOCKER,OPTION,REVIEW,OWNER_DECISION_REQUIRED,OPTION,f6f724e8-8bc9-4361-a88e-3f2197557afe,WARNING,MIG1-O-011,Mantel personalizado,MIG1-CAT-008,Design_To_Go_Catalog_v1.2_RC_MANGO_TANGO.xlsx,D-004:OPEN,isRequired sin resolver
DQ-OPTION-001:OPTION:OWN-MT-OP-021:isRequired,DQ-OPTION-001,BLOCKER,OPTION,REVIEW,OWNER_DECISION_REQUIRED,OPTION,478343b6-8f42-446f-b43e-30810dbeac11,WARNING,MIG1-O-011,Mantel personalizado,MIG1-CAT-008,Design_To_Go_Catalog_v1.2_RC_MANGO_TANGO.xlsx,D-004:OPEN,isRequired sin resolver
DQ-OPTION-001:OPTION:OWN-MT-OP-022:isRequired,DQ-OPTION-001,BLOCKER,OPTION,REVIEW,OWNER_DECISION_REQUIRED,OPTION,141795ca-5998-4a3e-8dae-6c649d21a265,WARNING,OWN-MT-O-028,Mantel elástico / fitted personalizado,MIG1-CAT-008,Design_To_Go_Catalog_v1.2_RC_MANGO_TANGO.xlsx,D-004:OPEN,isRequired sin resolver
DQ-OPTION-001:OPTION:OWN-MT-OP-023:isRequired,DQ-OPTION-001,BLOCKER,OPTION,REVIEW,OWNER_DECISION_REQUIRED,OPTION,315554bd-0564-46c9-8f35-d5720f04231e,WARNING,OWN-MT-O-029,Decoración personalizada en MDF,MIG1-CAT-008,Design_To_Go_Catalog_v1.2_RC_MANGO_TANGO.xlsx,D-004:OPEN,isRequired sin resolver
DQ-OPTION-001:OPTION:OWN-MT-OP-024:isRequired,DQ-OPTION-001,BLOCKER,OPTION,REVIEW,OWNER_DECISION_REQUIRED,OPTION,d178a72b-bbfb-43d7-bbad-2249d7a364aa,WARNING,OWN-MT-O-029,Decoración personalizada en MDF,MIG1-CAT-008,Design_To_Go_Catalog_v1.2_RC_MANGO_TANGO.xlsx,D-004:OPEN,isRequired sin resolver
DQ-OPTION-001:OPTION:OWN-MT-OP-025:isRequired,DQ-OPTION-001,BLOCKER,OPTION,REVIEW,OWNER_DECISION_REQUIRED,OPTION,b78d623f-4782-4d2f-8fa8-dd8f3bbc5e8c,WARNING,OWN-MT-O-030,Cake topper en MDF,MIG1-CAT-008,Design_To_Go_Catalog_v1.2_RC_MANGO_TANGO.xlsx,D-004:OPEN,isRequired sin resolver
DQ-OPTION-001:OPTION:OWN-MT-OP-026:isRequired,DQ-OPTION-001,BLOCKER,OPTION,REVIEW,OWNER_DECISION_REQUIRED,OPTION,aa541960-277c-442d-8a79-ce3d53462c6d,WARNING,OWN-MT-O-031,Centro de mesa en MDF,MIG1-CAT-008,Design_To_Go_Catalog_v1.2_RC_MANGO_TANGO.xlsx,D-004:OPEN,isRequired sin resolver
DQ-OPTION-001:OPTION:OWN-MT-OP-027:isRequired,DQ-OPTION-001,BLOCKER,OPTION,REVIEW,OWNER_DECISION_REQUIRED,OPTION,2a17729e-c007-4c5e-9b91-f054c1f4576f,WARNING,OWN-MT-O-032,Set / kit de piezas MDF,MIG1-CAT-008,Design_To_Go_Catalog_v1.2_RC_MANGO_TANGO.xlsx,D-004:OPEN,isRequired sin resolver
DQ-OPTION-001:OPTION:OWN-MT-OP-028:isRequired,DQ-OPTION-001,BLOCKER,OPTION,REVIEW,OWNER_DECISION_REQUIRED,OPTION,33357140-4f2d-4fff-9d85-5dcde9bed2be,WARNING,MIGF-O-048,Letrero acrílico,MIG1-CAT-002,Design_To_Go_Catalog_v1.2_RC_MANGO_TANGO.xlsx,D-004:OPEN,isRequired sin resolver
DQ-OPTION-001:OPTION:OWN-MT-OP-029:isRequired,DQ-OPTION-001,BLOCKER,OPTION,REVIEW,OWNER_DECISION_REQUIRED,OPTION,6a16dc55-8c73-455c-a143-f46b4e4c6d41,WARNING,MIGF-O-030,Placa acrílica,MIG1-CAT-009,Design_To_Go_Catalog_v1.2_RC_MANGO_TANGO.xlsx,D-004:OPEN,isRequired sin resolver
DQ-OPTION-001:OPTION:OWN-MT-OP-030:isRequired,DQ-OPTION-001,BLOCKER,OPTION,REVIEW,OWNER_DECISION_REQUIRED,OPTION,32231c40-ed99-412c-8713-8e3a8098ee1a,WARNING,OWN-MT-O-034,Display de mesa de acrílico,MIG1-CAT-002,Design_To_Go_Catalog_v1.2_RC_MANGO_TANGO.xlsx,D-004:OPEN,isRequired sin resolver
DQ-OPTION-001:OPTION:OWN-MT-OP-031:isRequired,DQ-OPTION-001,BLOCKER,OPTION,REVIEW,OWNER_DECISION_REQUIRED,OPTION,24e3ad79-9362-41f3-8bd1-c37774ca1994,WARNING,OWN-MT-O-035,Nombre / plaquita personalizada de acrílico,MIG1-CAT-002,Design_To_Go_Catalog_v1.2_RC_MANGO_TANGO.xlsx,D-004:OPEN,isRequired sin resolver
DQ-OPTION-001:OPTION:OWN-MT-OP-032:isRequired,DQ-OPTION-001,BLOCKER,OPTION,REVIEW,OWNER_DECISION_REQUIRED,OPTION,dfd08c24-d8b4-4cf6-ac62-28782452190d,WARNING,MIGF-O-013,Invitación con acrílico,MIG1-CAT-006,Design_To_Go_Catalog_v1.2_RC_MANGO_TANGO.xlsx,D-004:OPEN,isRequired sin resolver
DQ-OPTION-001:OPTION:OWN-MT-OP-033:isRequired,DQ-OPTION-001,BLOCKER,OPTION,REVIEW,OWNER_DECISION_REQUIRED,OPTION,844677e9-83fd-4eea-a262-dc9f20f8cae0,WARNING,MIGF-O-018,Llavero,MIG1-CAT-008,Design_To_Go_Catalog_v1.2_RC_MANGO_TANGO.xlsx,D-004:OPEN,isRequired sin resolver
DQ-OPTION-001:OPTION:OWN-MT-OP-034:isRequired,DQ-OPTION-001,BLOCKER,OPTION,REVIEW,OWNER_DECISION_REQUIRED,OPTION,e03a148a-9f97-488a-8cff-3e7e53acbb76,WARNING,MIGF-O-018,Llavero,MIG1-CAT-008,Design_To_Go_Catalog_v1.2_RC_MANGO_TANGO.xlsx,D-004:OPEN,isRequired sin resolver
DQ-OPTION-001:OPTION:OWN-MT-OP-035:isRequired,DQ-OPTION-001,BLOCKER,OPTION,REVIEW,OWNER_DECISION_REQUIRED,OPTION,a789d10a-dc0a-4805-b6fb-3a73276393d2,WARNING,MIGF-O-048,Letrero acrílico,MIG1-CAT-002,Design_To_Go_Catalog_v1.2_RC_MANGO_TANGO.xlsx,D-004:OPEN,isRequired sin resolver
DQ-OPTION-001:OPTION:OWN-MT-OP-036:isRequired,DQ-OPTION-001,BLOCKER,OPTION,REVIEW,OWNER_DECISION_REQUIRED,OPTION,11139d7f-8b6b-447c-bc42-c3fad4dbd8d2,WARNING,MIGF-O-030,Placa acrílica,MIG1-CAT-009,Design_To_Go_Catalog_v1.2_RC_MANGO_TANGO.xlsx,D-004:OPEN,isRequired sin resolver
DQ-OPTION-001:OPTION:OWN-MT-OP-037:isRequired,DQ-OPTION-001,BLOCKER,OPTION,REVIEW,OWNER_DECISION_REQUIRED,OPTION,b0280bfd-e76c-4ee4-b67e-dd87757e557e,WARNING,OWN-MT-O-034,Display de mesa de acrílico,MIG1-CAT-002,Design_To_Go_Catalog_v1.2_RC_MANGO_TANGO.xlsx,D-004:OPEN,isRequired sin resolver
DQ-OPTION-001:OPTION:OWN-MT-OP-038:isRequired,DQ-OPTION-001,BLOCKER,OPTION,REVIEW,OWNER_DECISION_REQUIRED,OPTION,2114f910-32de-4fce-be4e-16b09c6c961a,WARNING,OWN-MT-O-035,Nombre / plaquita personalizada de acrílico,MIG1-CAT-002,Design_To_Go_Catalog_v1.2_RC_MANGO_TANGO.xlsx,D-004:OPEN,isRequired sin resolver
DQ-OPTION-001:OPTION:OWN-MT-OP-039:isRequired,DQ-OPTION-001,BLOCKER,OPTION,REVIEW,OWNER_DECISION_REQUIRED,OPTION,f7396f42-5b7d-4a41-86b5-abaf04a2bd6e,WARNING,MIG2-O-060,Topper acrílico,MIG1-CAT-009,Design_To_Go_Catalog_v1.2_RC_MANGO_TANGO.xlsx,D-004:OPEN,isRequired sin resolver
DQ-OPTION-001:OPTION:OWN-MT-OP-040:isRequired,DQ-OPTION-001,BLOCKER,OPTION,REVIEW,OWNER_DECISION_REQUIRED,OPTION,3bcce182-cb09-4a54-ade2-e04bca13bda5,WARNING,OWN-MT-O-036,Centro de mesa de acrílico,MIG1-CAT-002,Design_To_Go_Catalog_v1.2_RC_MANGO_TANGO.xlsx,D-004:OPEN,isRequired sin resolver
DQ-OPTION-001:OPTION:OWN-MT-OP-041:isRequired,DQ-OPTION-001,BLOCKER,OPTION,REVIEW,OWNER_DECISION_REQUIRED,OPTION,26ad561e-dcc5-4603-915c-73ec0f743b2d,WARNING,OWN-MT-O-037,Pieza acrílica para libro de firmas / guest book,MIG1-CAT-002,Design_To_Go_Catalog_v1.2_RC_MANGO_TANGO.xlsx,D-004:OPEN,isRequired sin resolver
DQ-OPTION-001:OPTION:OWN-MT-OP-042:isRequired,DQ-OPTION-001,BLOCKER,OPTION,REVIEW,OWNER_DECISION_REQUIRED,OPTION,e143fa13-1bb6-458f-a26c-5cea9ed0feef,WARNING,OWN-MT-O-038,Imán personalizado de acrílico,MIG1-CAT-002,Design_To_Go_Catalog_v1.2_RC_MANGO_TANGO.xlsx,D-004:OPEN,isRequired sin resolver
DQ-OPTION-001:OPTION:OWN-MT-OP-043:isRequired,DQ-OPTION-001,BLOCKER,OPTION,REVIEW,OWNER_DECISION_REQUIRED,OPTION,c11a25e7-4a00-4f3e-9764-9928b6ae726b,WARNING,OWN-MT-O-039,Ornamento / adorno colgante acrílico,MIG1-CAT-002,Design_To_Go_Catalog_v1.2_RC_MANGO_TANGO.xlsx,D-004:OPEN,isRequired sin resolver
DQ-OPTION-001:OPTION:OWN-MT-OP-044:isRequired,DQ-OPTION-001,BLOCKER,OPTION,REVIEW,OWNER_DECISION_REQUIRED,OPTION,3f33df15-7bb5-49a8-bffb-d473884f6a8f,WARNING,OWN-MT-O-040,Medalla personalizada de acrílico,MIG1-CAT-002,Design_To_Go_Catalog_v1.2_RC_MANGO_TANGO.xlsx,D-004:OPEN,isRequired sin resolver
DQ-OPTION-001:OPTION:OWN-MT-OP-045:isRequired,DQ-OPTION-001,BLOCKER,OPTION,REVIEW,OWNER_DECISION_REQUIRED,OPTION,11324dce-cf33-49d3-b361-c3bc0039b9a7,WARNING,OWN-MT-O-041,Trofeo personalizado de acrílico,MIG1-CAT-002,Design_To_Go_Catalog_v1.2_RC_MANGO_TANGO.xlsx,D-004:OPEN,isRequired sin resolver
DQ-OPTION-001:OPTION:OWN-MT-OP-046:isRequired,DQ-OPTION-001,BLOCKER,OPTION,REVIEW,OWNER_DECISION_REQUIRED,OPTION,c067a934-1d0d-4047-a09f-38737573ede0,WARNING,MIGF-O-013,Invitación con acrílico,MIG1-CAT-006,Design_To_Go_Catalog_v1.2_RC_MANGO_TANGO.xlsx,D-004:OPEN,isRequired sin resolver
DQ-OPTION-001:OPTION:OWN-MT-OP-047:isRequired,DQ-OPTION-001,BLOCKER,OPTION,REVIEW,OWNER_DECISION_REQUIRED,OPTION,f02491d6-83e8-4512-8dac-fea83e8f7ffd,WARNING,MIGF-O-018,Llavero,MIG1-CAT-008,Design_To_Go_Catalog_v1.2_RC_MANGO_TANGO.xlsx,D-004:OPEN,isRequired sin resolver
DQ-OPTION-001:OPTION:OWN-MT-OP-048:isRequired,DQ-OPTION-001,BLOCKER,OPTION,REVIEW,OWNER_DECISION_REQUIRED,OPTION,d0c2234c-3ade-4abe-9b7c-550cdf61e581,WARNING,MIG2-O-033,Botella,MIG1-CAT-005,Design_To_Go_Catalog_v1.2_RC_MANGO_TANGO.xlsx,D-004:OPEN,isRequired sin resolver
DQ-OPTION-001:OPTION:OWN-MT-OP-049:isRequired,DQ-OPTION-001,BLOCKER,OPTION,REVIEW,OWNER_DECISION_REQUIRED,OPTION,67258f6c-a5c2-489e-a522-6294bf89b81b,WARNING,MIGF-O-034,Producto de vidrio con UV DTF,MIG1-CAT-005,Design_To_Go_Catalog_v1.2_RC_MANGO_TANGO.xlsx,D-004:OPEN,isRequired sin resolver
DQ-OPTION-001:OPTION:OWN-MT-OP-050:isRequired,DQ-OPTION-001,BLOCKER,OPTION,REVIEW,OWNER_DECISION_REQUIRED,OPTION,12d86084-810b-475a-badd-8847dae143c6,WARNING,MIGF-O-017,Vaso personalizado para eventos,MIG1-CAT-008,Design_To_Go_Catalog_v1.2_RC_MANGO_TANGO.xlsx,D-004:OPEN,isRequired sin resolver
DQ-OPTION-001:OPTION:OWN-MT-OP-051:isRequired,DQ-OPTION-001,BLOCKER,OPTION,REVIEW,OWNER_DECISION_REQUIRED,OPTION,d559d44a-2239-468b-8d32-c6b85a455e60,WARNING,MIGF-O-017,Vaso personalizado para eventos,MIG1-CAT-008,Design_To_Go_Catalog_v1.2_RC_MANGO_TANGO.xlsx,D-004:OPEN,isRequired sin resolver
DQ-OPTION-001:OPTION:OWN-MT-OP-052:isRequired,DQ-OPTION-001,BLOCKER,OPTION,REVIEW,OWNER_DECISION_REQUIRED,OPTION,0242fc29-867b-4d41-ad48-2f6292ddbce6,WARNING,MIGF-O-017,Vaso personalizado para eventos,MIG1-CAT-008,Design_To_Go_Catalog_v1.2_RC_MANGO_TANGO.xlsx,D-004:OPEN,isRequired sin resolver
DQ-OPTION-001:OPTION:OWN-MT-OP-053:isRequired,DQ-OPTION-001,BLOCKER,OPTION,REVIEW,OWNER_DECISION_REQUIRED,OPTION,0177645b-bd56-4efd-98b5-671b3df6a0ad,WARNING,MIG2-O-013,Figura / standee de coroplast,MIG1-CAT-002,Design_To_Go_Catalog_v1.2_RC_MANGO_TANGO.xlsx,D-004:OPEN,isRequired sin resolver
DQ-OPTION-001:OPTION:OWN-MT-OP-054:isRequired,DQ-OPTION-001,BLOCKER,OPTION,REVIEW,OWNER_DECISION_REQUIRED,OPTION,b1893435-ac79-468f-a7c9-4ad62f65b1b8,WARNING,MIG2-O-013,Figura / standee de coroplast,MIG1-CAT-002,Design_To_Go_Catalog_v1.2_RC_MANGO_TANGO.xlsx,D-004:OPEN,isRequired sin resolver
DQ-OPTION-001:OPTION:OWN-MT-OP-055:isRequired,DQ-OPTION-001,BLOCKER,OPTION,REVIEW,OWNER_DECISION_REQUIRED,OPTION,9bab9011-1986-4112-ad1c-c2af7054cdcf,WARNING,OWN-MT-O-045,Hoja de Coroplast Multi-Cut / múltiples piezas,MIG1-CAT-002,Design_To_Go_Catalog_v1.2_RC_MANGO_TANGO.xlsx,D-004:OPEN,isRequired sin resolver
DQ-OPTION-001:OPTION:OWN-MT-OP-056:isRequired,DQ-OPTION-001,BLOCKER,OPTION,REVIEW,OWNER_DECISION_REQUIRED,OPTION,d313f255-85b2-4f54-8ed6-212595f321c2,WARNING,OWN-O-002,Piñata personalizada,MIG1-CAT-008,Design_To_Go_Catalog_v1.2_RC_MANGO_TANGO.xlsx,D-004:OPEN,isRequired sin resolver
DQ-OPTION-001:OPTION:OWN-MT-OP-057:isRequired,DQ-OPTION-001,BLOCKER,OPTION,REVIEW,OWNER_DECISION_REQUIRED,OPTION,486989d2-2ee6-4008-908a-01ddc75ee270,WARNING,OWN-O-002,Piñata personalizada,MIG1-CAT-008,Design_To_Go_Catalog_v1.2_RC_MANGO_TANGO.xlsx,D-004:OPEN,isRequired sin resolver
DQ-OPTION-001:OPTION:OWN-OP-001:isRequired,DQ-OPTION-001,BLOCKER,OPTION,REVIEW,OWNER_DECISION_REQUIRED,OPTION,4c3e96ed-3bc5-4b1e-9ccd-aa969b439039,WARNING,MIG1-O-004,Camiseta de algodón cuello redondo,MIG1-CAT-004,Design_To_Go_Catalog_v1.2_RC_MANGO_TANGO.xlsx,D-004:OPEN,isRequired sin resolver
DQ-OPTION-001:OPTION:OWN-OP-003:isRequired,DQ-OPTION-001,BLOCKER,OPTION,REVIEW,OWNER_DECISION_REQUIRED,OPTION,f57f4ba7-9198-49fd-b803-643745237496,WARNING,MIG1-O-005,Camiseta Dry Fit / poliéster,MIG1-CAT-004,Design_To_Go_Catalog_v1.2_RC_MANGO_TANGO.xlsx,D-004:OPEN,isRequired sin resolver
DQ-OPTION-001:OPTION:OWN-OP-005:isRequired,DQ-OPTION-001,BLOCKER,OPTION,REVIEW,OWNER_DECISION_REQUIRED,OPTION,d10fd560-37f3-457b-bae1-26b37a2bd8e2,WARNING,MIG2-O-017,Polo,MIG1-CAT-004,Design_To_Go_Catalog_v1.2_RC_MANGO_TANGO.xlsx,D-004:OPEN,isRequired sin resolver
DQ-OPTION-001:OPTION:OWN-OP-011:isRequired,DQ-OPTION-001,BLOCKER,OPTION,REVIEW,BULK_RESOLVABLE,OPTION,516fd593-aae2-4d98-8f50-f96d96958941,WARNING,MIG2-O-036,Flyers,MIG1-CAT-006,Design_To_Go_Catalog_v1.2_RC_MANGO_TANGO.xlsx,,isRequired sin resolver
DQ-OPTION-001:OPTION:OWN-OP-012:isRequired,DQ-OPTION-001,BLOCKER,OPTION,REVIEW,BULK_RESOLVABLE,OPTION,2b27767d-b340-4665-8d3a-427f309529fd,WARNING,MIG2-O-036,Flyers,MIG1-CAT-006,Design_To_Go_Catalog_v1.2_RC_MANGO_TANGO.xlsx,,isRequired sin resolver
DQ-OPTION-001:OPTION:OWN-OP-013:isRequired,DQ-OPTION-001,BLOCKER,OPTION,REVIEW,BULK_RESOLVABLE,OPTION,c1f72255-d7f7-4ac0-b457-718589a81cf4,WARNING,MIG2-O-036,Flyers,MIG1-CAT-006,Design_To_Go_Catalog_v1.2_RC_MANGO_TANGO.xlsx,,isRequired sin resolver
DQ-OPTION-002:OPTION:MIG1-OP-001:definition,DQ-OPTION-002,BLOCKER,OPTION,REVIEW,MANUAL_REVIEW,OPTION,8fe5a56e-1c70-4e5c-97a5-1db551bd82ee,WARNING,MIG1-O-008,Tarjeta Tradicional,MIG1-CAT-006,Design_To_Go_Catalog_v1.2_RC_MANGO_TANGO.xlsx,,definición sin resolver
DQ-OPTION-002:OPTION:MIG1-OP-002:definition,DQ-OPTION-002,BLOCKER,OPTION,REVIEW,MANUAL_REVIEW,OPTION,6785e05d-42c9-47c3-85f8-7618b99db11c,WARNING,MIG1-O-009,Tarjeta Premium / Gloss,MIG1-CAT-006,Design_To_Go_Catalog_v1.2_RC_MANGO_TANGO.xlsx,,definición sin resolver
DQ-OPTION-002:OPTION:MIG1-OP-003:definition,DQ-OPTION-002,BLOCKER,OPTION,REVIEW,MANUAL_REVIEW,OPTION,661ddc2e-c3f4-42ab-8034-09ad830fe381,WARNING,MIG1-O-003,X-Banner completo,MIG1-CAT-003,Design_To_Go_Catalog_v1.2_RC_MANGO_TANGO.xlsx,,definición sin resolver
DQ-OPTION-002:OPTION:MIG1-OP-004:definition,DQ-OPTION-002,BLOCKER,OPTION,REVIEW,MANUAL_REVIEW,OPTION,b2b1d166-48f5-4e0e-9f1b-6f2905a4bdca,WARNING,MIG1-O-007,Vaso con tapa y popote,MIG1-CAT-005,Design_To_Go_Catalog_v1.2_RC_MANGO_TANGO.xlsx,,definición sin resolver
DQ-OPTION-002:OPTION:MIG2-OP-001:definition,DQ-OPTION-002,BLOCKER,OPTION,REVIEW,MANUAL_REVIEW,OPTION,b161fd7a-a1d9-43f2-beaa-b16695a7b305,WARNING,MIG2-O-015,Bandera personalizada,MIG1-CAT-003,Design_To_Go_Catalog_v1.2_RC_MANGO_TANGO.xlsx,,definición sin resolver
DQ-OPTION-002:OPTION:MIG2-OP-002:definition,DQ-OPTION-002,BLOCKER,OPTION,REVIEW,MANUAL_REVIEW,OPTION,57eaebc4-73aa-40a7-adb4-67899e515c71,WARNING,MIG2-O-016,Roll-Up / Retractable Banner,MIG1-CAT-003,Design_To_Go_Catalog_v1.2_RC_MANGO_TANGO.xlsx,,definición sin resolver
DQ-OPTION-002:OPTION:MIG2-OP-003:definition,DQ-OPTION-002,BLOCKER,OPTION,REVIEW,OWNER_DECISION_REQUIRED,OPTION,fdb86646-7d75-4005-ae24-9cfad36b181b,WARNING,MIG2-O-039,Menús,MIG1-CAT-006,Design_To_Go_Catalog_v1.2_RC_MANGO_TANGO.xlsx,D-005:OPEN,definición sin resolver
DQ-OPTION-002:OPTION:OWN-MT-OP-001:definition,DQ-OPTION-002,BLOCKER,OPTION,REVIEW,OWNER_DECISION_REQUIRED,OPTION,08c6ddd6-a0ac-4d47-9b5f-1d0ae0f4a821,WARNING,OWN-MT-O-001,Camisa de vestir personalizada / woven shirt,MIG1-CAT-004,Design_To_Go_Catalog_v1.2_RC_MANGO_TANGO.xlsx,D-005:OPEN,definición sin resolver
DQ-OPTION-002:OPTION:OWN-MT-OP-002:definition,DQ-OPTION-002,BLOCKER,OPTION,REVIEW,MANUAL_REVIEW,OPTION,365cfcee-3de9-4898-9740-25be4e7cfd3f,WARNING,OWN-MT-O-005,Chaleco de trabajo personalizado,MIG1-CAT-004,Design_To_Go_Catalog_v1.2_RC_MANGO_TANGO.xlsx,,definición sin resolver
DQ-OPTION-002:OPTION:OWN-MT-OP-003:definition,DQ-OPTION-002,BLOCKER,OPTION,REVIEW,MANUAL_REVIEW,OPTION,33e05c07-cde2-41bf-a1d4-312fb86cbb68,WARNING,OWN-MT-O-006,Camisa de trabajo personalizada,MIG1-CAT-004,Design_To_Go_Catalog_v1.2_RC_MANGO_TANGO.xlsx,,definición sin resolver
DQ-OPTION-002:OPTION:OWN-MT-OP-004:definition,DQ-OPTION-002,BLOCKER,OPTION,REVIEW,MANUAL_REVIEW,OPTION,cb651186-0acb-48cf-aae2-3b0ba2db3358,WARNING,OWN-MT-O-009,Chamarra / abrigo de trabajo personalizado,MIG1-CAT-004,Design_To_Go_Catalog_v1.2_RC_MANGO_TANGO.xlsx,,definición sin resolver
DQ-OPTION-002:OPTION:OWN-MT-OP-005:definition,DQ-OPTION-002,BLOCKER,OPTION,REVIEW,MANUAL_REVIEW,OPTION,aa50c434-064c-472d-a458-88d4a73cb08d,WARNING,MIG1-O-004,Camiseta de algodón cuello redondo,MIG1-CAT-004,Design_To_Go_Catalog_v1.2_RC_MANGO_TANGO.xlsx,,definición sin resolver
DQ-OPTION-002:OPTION:OWN-MT-OP-006:definition,DQ-OPTION-002,BLOCKER,OPTION,REVIEW,OWNER_DECISION_REQUIRED,OPTION,da67da3e-e0f5-4d35-a3a1-79356f55c984,WARNING,OWN-MT-O-011,Jersey deportivo personalizable,MIG1-CAT-004,Design_To_Go_Catalog_v1.2_RC_MANGO_TANGO.xlsx,D-005:OPEN,definición sin resolver
DQ-OPTION-002:OPTION:OWN-MT-OP-007:definition,DQ-OPTION-002,BLOCKER,OPTION,REVIEW,OWNER_DECISION_REQUIRED,OPTION,8d051de1-111a-4ce7-9b98-50f2825469bb,WARNING,MIG2-O-021,Uniforme,MIG1-CAT-004,Design_To_Go_Catalog_v1.2_RC_MANGO_TANGO.xlsx,D-005:OPEN,definición sin resolver
DQ-OPTION-002:OPTION:OWN-MT-OP-008:definition,DQ-OPTION-002,BLOCKER,OPTION,REVIEW,OWNER_DECISION_REQUIRED,OPTION,e07eaec4-ca54-4ccf-8e1a-21e0a05b296a,WARNING,MIG2-O-018,Gorra,MIG2-CAT-002,Design_To_Go_Catalog_v1.2_RC_MANGO_TANGO.xlsx,D-005:OPEN,definición sin resolver
DQ-OPTION-002:OPTION:OWN-MT-OP-009:definition,DQ-OPTION-002,BLOCKER,OPTION,REVIEW,OWNER_DECISION_REQUIRED,OPTION,ec0079ed-c794-40fc-82a9-80ff5a95b463,WARNING,MIG2-O-018,Gorra,MIG2-CAT-002,Design_To_Go_Catalog_v1.2_RC_MANGO_TANGO.xlsx,D-005:OPEN,definición sin resolver
DQ-OPTION-002:OPTION:OWN-MT-OP-010:definition,DQ-OPTION-002,BLOCKER,OPTION,REVIEW,OWNER_DECISION_REQUIRED,OPTION,177bda07-56ff-4120-a452-fa85528885e2,WARNING,MIG2-O-018,Gorra,MIG2-CAT-002,Design_To_Go_Catalog_v1.2_RC_MANGO_TANGO.xlsx,D-005:OPEN,definición sin resolver
DQ-OPTION-002:OPTION:OWN-MT-OP-011:definition,DQ-OPTION-002,BLOCKER,OPTION,REVIEW,OWNER_DECISION_REQUIRED,OPTION,8d840332-a3a4-4fb9-8bb8-ad384d72850a,WARNING,OWN-MT-O-022,Mochila personalizable / backpack,MIG1-CAT-004,Design_To_Go_Catalog_v1.2_RC_MANGO_TANGO.xlsx,D-005:OPEN,definición sin resolver
DQ-OPTION-002:OPTION:OWN-MT-OP-012:definition,DQ-OPTION-002,BLOCKER,OPTION,REVIEW,OWNER_DECISION_REQUIRED,OPTION,ac94345f-e233-4a30-ae39-38307a3a303a,WARNING,MIG2-O-022,Mandil,MIG1-CAT-004,Design_To_Go_Catalog_v1.2_RC_MANGO_TANGO.xlsx,D-005:OPEN,definición sin resolver
DQ-OPTION-002:OPTION:OWN-MT-OP-013:definition,DQ-OPTION-002,BLOCKER,OPTION,REVIEW,MANUAL_REVIEW,OPTION,fdacced4-d44c-4c06-b782-4cea462fd996,WARNING,MIG2-O-055,Pantuflas personalizadas,MIG1-CAT-008,Design_To_Go_Catalog_v1.2_RC_MANGO_TANGO.xlsx,,definición sin resolver
DQ-OPTION-002:OPTION:OWN-MT-OP-014:definition,DQ-OPTION-002,BLOCKER,OPTION,REVIEW,MANUAL_REVIEW,OPTION,d49ddb72-2f3d-46d9-87b0-830b4808ca07,WARNING,MIG2-O-055,Pantuflas personalizadas,MIG1-CAT-008,Design_To_Go_Catalog_v1.2_RC_MANGO_TANGO.xlsx,,definición sin resolver
DQ-OPTION-002:OPTION:OWN-MT-OP-015:definition,DQ-OPTION-002,BLOCKER,OPTION,REVIEW,MANUAL_REVIEW,OPTION,e51b18f1-acc5-4c73-8b1a-8b5e56f84ca7,WARNING,MIG2-O-055,Pantuflas personalizadas,MIG1-CAT-008,Design_To_Go_Catalog_v1.2_RC_MANGO_TANGO.xlsx,,definición sin resolver
DQ-OPTION-002:OPTION:OWN-MT-OP-016:definition,DQ-OPTION-002,BLOCKER,OPTION,REVIEW,MANUAL_REVIEW,OPTION,41935f48-c7bf-44a3-9496-13e80a46854a,WARNING,OWN-MT-O-027,Sandalias / chanclas personalizadas,MIG1-CAT-008,Design_To_Go_Catalog_v1.2_RC_MANGO_TANGO.xlsx,,definición sin resolver
DQ-OPTION-002:OPTION:OWN-MT-OP-017:definition,DQ-OPTION-002,BLOCKER,OPTION,REVIEW,MANUAL_REVIEW,OPTION,4fbe78a6-f922-4761-8c1a-c199424db61f,WARNING,OWN-MT-O-027,Sandalias / chanclas personalizadas,MIG1-CAT-008,Design_To_Go_Catalog_v1.2_RC_MANGO_TANGO.xlsx,,definición sin resolver
DQ-OPTION-002:OPTION:OWN-MT-OP-018:definition,DQ-OPTION-002,BLOCKER,OPTION,REVIEW,MANUAL_REVIEW,OPTION,c2c5046c-2339-4a27-b8ed-a2a8dd942ce2,WARNING,OWN-MT-O-027,Sandalias / chanclas personalizadas,MIG1-CAT-008,Design_To_Go_Catalog_v1.2_RC_MANGO_TANGO.xlsx,,definición sin resolver
DQ-OPTION-002:OPTION:OWN-MT-OP-019:definition,DQ-OPTION-002,BLOCKER,OPTION,REVIEW,OWNER_DECISION_REQUIRED,OPTION,c0cff6b3-d6c6-4910-94c9-77daf52f09ef,WARNING,MIGF-O-044,Panel decorativo,MIGF-CAT-001,Design_To_Go_Catalog_v1.2_RC_MANGO_TANGO.xlsx,D-005:OPEN,definición sin resolver
DQ-OPTION-002:OPTION:OWN-MT-OP-020:definition,DQ-OPTION-002,BLOCKER,OPTION,REVIEW,OWNER_DECISION_REQUIRED,OPTION,f6f724e8-8bc9-4361-a88e-3f2197557afe,WARNING,MIG1-O-011,Mantel personalizado,MIG1-CAT-008,Design_To_Go_Catalog_v1.2_RC_MANGO_TANGO.xlsx,D-005:OPEN,definición sin resolver
DQ-OPTION-002:OPTION:OWN-MT-OP-021:definition,DQ-OPTION-002,BLOCKER,OPTION,REVIEW,OWNER_DECISION_REQUIRED,OPTION,478343b6-8f42-446f-b43e-30810dbeac11,WARNING,MIG1-O-011,Mantel personalizado,MIG1-CAT-008,Design_To_Go_Catalog_v1.2_RC_MANGO_TANGO.xlsx,D-005:OPEN,definición sin resolver
DQ-OPTION-002:OPTION:OWN-MT-OP-022:definition,DQ-OPTION-002,BLOCKER,OPTION,REVIEW,OWNER_DECISION_REQUIRED,OPTION,141795ca-5998-4a3e-8dae-6c649d21a265,WARNING,OWN-MT-O-028,Mantel elástico / fitted personalizado,MIG1-CAT-008,Design_To_Go_Catalog_v1.2_RC_MANGO_TANGO.xlsx,D-005:OPEN,definición sin resolver
DQ-OPTION-002:OPTION:OWN-MT-OP-023:definition,DQ-OPTION-002,BLOCKER,OPTION,REVIEW,OWNER_DECISION_REQUIRED,OPTION,315554bd-0564-46c9-8f35-d5720f04231e,WARNING,OWN-MT-O-029,Decoración personalizada en MDF,MIG1-CAT-008,Design_To_Go_Catalog_v1.2_RC_MANGO_TANGO.xlsx,D-005:OPEN,definición sin resolver
DQ-OPTION-002:OPTION:OWN-MT-OP-024:definition,DQ-OPTION-002,BLOCKER,OPTION,REVIEW,OWNER_DECISION_REQUIRED,OPTION,d178a72b-bbfb-43d7-bbad-2249d7a364aa,WARNING,OWN-MT-O-029,Decoración personalizada en MDF,MIG1-CAT-008,Design_To_Go_Catalog_v1.2_RC_MANGO_TANGO.xlsx,D-005:OPEN,definición sin resolver
DQ-OPTION-002:OPTION:OWN-MT-OP-025:definition,DQ-OPTION-002,BLOCKER,OPTION,REVIEW,OWNER_DECISION_REQUIRED,OPTION,b78d623f-4782-4d2f-8fa8-dd8f3bbc5e8c,WARNING,OWN-MT-O-030,Cake topper en MDF,MIG1-CAT-008,Design_To_Go_Catalog_v1.2_RC_MANGO_TANGO.xlsx,D-005:OPEN,definición sin resolver
DQ-OPTION-002:OPTION:OWN-MT-OP-026:definition,DQ-OPTION-002,BLOCKER,OPTION,REVIEW,OWNER_DECISION_REQUIRED,OPTION,aa541960-277c-442d-8a79-ce3d53462c6d,WARNING,OWN-MT-O-031,Centro de mesa en MDF,MIG1-CAT-008,Design_To_Go_Catalog_v1.2_RC_MANGO_TANGO.xlsx,D-005:OPEN,definición sin resolver
DQ-OPTION-002:OPTION:OWN-MT-OP-027:definition,DQ-OPTION-002,BLOCKER,OPTION,REVIEW,OWNER_DECISION_REQUIRED,OPTION,2a17729e-c007-4c5e-9b91-f054c1f4576f,WARNING,OWN-MT-O-032,Set / kit de piezas MDF,MIG1-CAT-008,Design_To_Go_Catalog_v1.2_RC_MANGO_TANGO.xlsx,D-005:OPEN,definición sin resolver
DQ-OPTION-002:OPTION:OWN-MT-OP-028:definition,DQ-OPTION-002,BLOCKER,OPTION,REVIEW,OWNER_DECISION_REQUIRED,OPTION,33357140-4f2d-4fff-9d85-5dcde9bed2be,WARNING,MIGF-O-048,Letrero acrílico,MIG1-CAT-002,Design_To_Go_Catalog_v1.2_RC_MANGO_TANGO.xlsx,D-005:OPEN,definición sin resolver
DQ-OPTION-002:OPTION:OWN-MT-OP-029:definition,DQ-OPTION-002,BLOCKER,OPTION,REVIEW,OWNER_DECISION_REQUIRED,OPTION,6a16dc55-8c73-455c-a143-f46b4e4c6d41,WARNING,MIGF-O-030,Placa acrílica,MIG1-CAT-009,Design_To_Go_Catalog_v1.2_RC_MANGO_TANGO.xlsx,D-005:OPEN,definición sin resolver
DQ-OPTION-002:OPTION:OWN-MT-OP-030:definition,DQ-OPTION-002,BLOCKER,OPTION,REVIEW,OWNER_DECISION_REQUIRED,OPTION,32231c40-ed99-412c-8713-8e3a8098ee1a,WARNING,OWN-MT-O-034,Display de mesa de acrílico,MIG1-CAT-002,Design_To_Go_Catalog_v1.2_RC_MANGO_TANGO.xlsx,D-005:OPEN,definición sin resolver
DQ-OPTION-002:OPTION:OWN-MT-OP-031:definition,DQ-OPTION-002,BLOCKER,OPTION,REVIEW,OWNER_DECISION_REQUIRED,OPTION,24e3ad79-9362-41f3-8bd1-c37774ca1994,WARNING,OWN-MT-O-035,Nombre / plaquita personalizada de acrílico,MIG1-CAT-002,Design_To_Go_Catalog_v1.2_RC_MANGO_TANGO.xlsx,D-005:OPEN,definición sin resolver
DQ-OPTION-002:OPTION:OWN-MT-OP-032:definition,DQ-OPTION-002,BLOCKER,OPTION,REVIEW,OWNER_DECISION_REQUIRED,OPTION,dfd08c24-d8b4-4cf6-ac62-28782452190d,WARNING,MIGF-O-013,Invitación con acrílico,MIG1-CAT-006,Design_To_Go_Catalog_v1.2_RC_MANGO_TANGO.xlsx,D-005:OPEN,definición sin resolver
DQ-OPTION-002:OPTION:OWN-MT-OP-033:definition,DQ-OPTION-002,BLOCKER,OPTION,REVIEW,OWNER_DECISION_REQUIRED,OPTION,844677e9-83fd-4eea-a262-dc9f20f8cae0,WARNING,MIGF-O-018,Llavero,MIG1-CAT-008,Design_To_Go_Catalog_v1.2_RC_MANGO_TANGO.xlsx,D-005:OPEN,definición sin resolver
DQ-OPTION-002:OPTION:OWN-MT-OP-034:definition,DQ-OPTION-002,BLOCKER,OPTION,REVIEW,OWNER_DECISION_REQUIRED,OPTION,e03a148a-9f97-488a-8cff-3e7e53acbb76,WARNING,MIGF-O-018,Llavero,MIG1-CAT-008,Design_To_Go_Catalog_v1.2_RC_MANGO_TANGO.xlsx,D-005:OPEN,definición sin resolver
DQ-OPTION-002:OPTION:OWN-MT-OP-035:definition,DQ-OPTION-002,BLOCKER,OPTION,REVIEW,OWNER_DECISION_REQUIRED,OPTION,a789d10a-dc0a-4805-b6fb-3a73276393d2,WARNING,MIGF-O-048,Letrero acrílico,MIG1-CAT-002,Design_To_Go_Catalog_v1.2_RC_MANGO_TANGO.xlsx,D-005:OPEN,definición sin resolver
DQ-OPTION-002:OPTION:OWN-MT-OP-036:definition,DQ-OPTION-002,BLOCKER,OPTION,REVIEW,OWNER_DECISION_REQUIRED,OPTION,11139d7f-8b6b-447c-bc42-c3fad4dbd8d2,WARNING,MIGF-O-030,Placa acrílica,MIG1-CAT-009,Design_To_Go_Catalog_v1.2_RC_MANGO_TANGO.xlsx,D-005:OPEN,definición sin resolver
DQ-OPTION-002:OPTION:OWN-MT-OP-037:definition,DQ-OPTION-002,BLOCKER,OPTION,REVIEW,OWNER_DECISION_REQUIRED,OPTION,b0280bfd-e76c-4ee4-b67e-dd87757e557e,WARNING,OWN-MT-O-034,Display de mesa de acrílico,MIG1-CAT-002,Design_To_Go_Catalog_v1.2_RC_MANGO_TANGO.xlsx,D-005:OPEN,definición sin resolver
DQ-OPTION-002:OPTION:OWN-MT-OP-038:definition,DQ-OPTION-002,BLOCKER,OPTION,REVIEW,OWNER_DECISION_REQUIRED,OPTION,2114f910-32de-4fce-be4e-16b09c6c961a,WARNING,OWN-MT-O-035,Nombre / plaquita personalizada de acrílico,MIG1-CAT-002,Design_To_Go_Catalog_v1.2_RC_MANGO_TANGO.xlsx,D-005:OPEN,definición sin resolver
DQ-OPTION-002:OPTION:OWN-MT-OP-039:definition,DQ-OPTION-002,BLOCKER,OPTION,REVIEW,OWNER_DECISION_REQUIRED,OPTION,f7396f42-5b7d-4a41-86b5-abaf04a2bd6e,WARNING,MIG2-O-060,Topper acrílico,MIG1-CAT-009,Design_To_Go_Catalog_v1.2_RC_MANGO_TANGO.xlsx,D-005:OPEN,definición sin resolver
DQ-OPTION-002:OPTION:OWN-MT-OP-040:definition,DQ-OPTION-002,BLOCKER,OPTION,REVIEW,OWNER_DECISION_REQUIRED,OPTION,3bcce182-cb09-4a54-ade2-e04bca13bda5,WARNING,OWN-MT-O-036,Centro de mesa de acrílico,MIG1-CAT-002,Design_To_Go_Catalog_v1.2_RC_MANGO_TANGO.xlsx,D-005:OPEN,definición sin resolver
DQ-OPTION-002:OPTION:OWN-MT-OP-041:definition,DQ-OPTION-002,BLOCKER,OPTION,REVIEW,OWNER_DECISION_REQUIRED,OPTION,26ad561e-dcc5-4603-915c-73ec0f743b2d,WARNING,OWN-MT-O-037,Pieza acrílica para libro de firmas / guest book,MIG1-CAT-002,Design_To_Go_Catalog_v1.2_RC_MANGO_TANGO.xlsx,D-005:OPEN,definición sin resolver
DQ-OPTION-002:OPTION:OWN-MT-OP-042:definition,DQ-OPTION-002,BLOCKER,OPTION,REVIEW,OWNER_DECISION_REQUIRED,OPTION,e143fa13-1bb6-458f-a26c-5cea9ed0feef,WARNING,OWN-MT-O-038,Imán personalizado de acrílico,MIG1-CAT-002,Design_To_Go_Catalog_v1.2_RC_MANGO_TANGO.xlsx,D-005:OPEN,definición sin resolver
DQ-OPTION-002:OPTION:OWN-MT-OP-043:definition,DQ-OPTION-002,BLOCKER,OPTION,REVIEW,OWNER_DECISION_REQUIRED,OPTION,c11a25e7-4a00-4f3e-9764-9928b6ae726b,WARNING,OWN-MT-O-039,Ornamento / adorno colgante acrílico,MIG1-CAT-002,Design_To_Go_Catalog_v1.2_RC_MANGO_TANGO.xlsx,D-005:OPEN,definición sin resolver
DQ-OPTION-002:OPTION:OWN-MT-OP-044:definition,DQ-OPTION-002,BLOCKER,OPTION,REVIEW,OWNER_DECISION_REQUIRED,OPTION,3f33df15-7bb5-49a8-bffb-d473884f6a8f,WARNING,OWN-MT-O-040,Medalla personalizada de acrílico,MIG1-CAT-002,Design_To_Go_Catalog_v1.2_RC_MANGO_TANGO.xlsx,D-005:OPEN,definición sin resolver
DQ-OPTION-002:OPTION:OWN-MT-OP-045:definition,DQ-OPTION-002,BLOCKER,OPTION,REVIEW,OWNER_DECISION_REQUIRED,OPTION,11324dce-cf33-49d3-b361-c3bc0039b9a7,WARNING,OWN-MT-O-041,Trofeo personalizado de acrílico,MIG1-CAT-002,Design_To_Go_Catalog_v1.2_RC_MANGO_TANGO.xlsx,D-005:OPEN,definición sin resolver
DQ-OPTION-002:OPTION:OWN-MT-OP-046:definition,DQ-OPTION-002,BLOCKER,OPTION,REVIEW,OWNER_DECISION_REQUIRED,OPTION,c067a934-1d0d-4047-a09f-38737573ede0,WARNING,MIGF-O-013,Invitación con acrílico,MIG1-CAT-006,Design_To_Go_Catalog_v1.2_RC_MANGO_TANGO.xlsx,D-005:OPEN,definición sin resolver
DQ-OPTION-002:OPTION:OWN-MT-OP-047:definition,DQ-OPTION-002,BLOCKER,OPTION,REVIEW,OWNER_DECISION_REQUIRED,OPTION,f02491d6-83e8-4512-8dac-fea83e8f7ffd,WARNING,MIGF-O-018,Llavero,MIG1-CAT-008,Design_To_Go_Catalog_v1.2_RC_MANGO_TANGO.xlsx,D-005:OPEN,definición sin resolver
DQ-OPTION-002:OPTION:OWN-MT-OP-048:definition,DQ-OPTION-002,BLOCKER,OPTION,REVIEW,OWNER_DECISION_REQUIRED,OPTION,d0c2234c-3ade-4abe-9b7c-550cdf61e581,WARNING,MIG2-O-033,Botella,MIG1-CAT-005,Design_To_Go_Catalog_v1.2_RC_MANGO_TANGO.xlsx,D-005:OPEN,definición sin resolver
DQ-OPTION-002:OPTION:OWN-MT-OP-049:definition,DQ-OPTION-002,BLOCKER,OPTION,REVIEW,OWNER_DECISION_REQUIRED,OPTION,67258f6c-a5c2-489e-a522-6294bf89b81b,WARNING,MIGF-O-034,Producto de vidrio con UV DTF,MIG1-CAT-005,Design_To_Go_Catalog_v1.2_RC_MANGO_TANGO.xlsx,D-005:OPEN,definición sin resolver
DQ-OPTION-002:OPTION:OWN-MT-OP-050:definition,DQ-OPTION-002,BLOCKER,OPTION,REVIEW,MANUAL_REVIEW,OPTION,12d86084-810b-475a-badd-8847dae143c6,WARNING,MIGF-O-017,Vaso personalizado para eventos,MIG1-CAT-008,Design_To_Go_Catalog_v1.2_RC_MANGO_TANGO.xlsx,,definición sin resolver
DQ-OPTION-002:OPTION:OWN-MT-OP-051:definition,DQ-OPTION-002,BLOCKER,OPTION,REVIEW,MANUAL_REVIEW,OPTION,d559d44a-2239-468b-8d32-c6b85a455e60,WARNING,MIGF-O-017,Vaso personalizado para eventos,MIG1-CAT-008,Design_To_Go_Catalog_v1.2_RC_MANGO_TANGO.xlsx,,definición sin resolver
DQ-OPTION-002:OPTION:OWN-MT-OP-052:definition,DQ-OPTION-002,BLOCKER,OPTION,REVIEW,MANUAL_REVIEW,OPTION,0242fc29-867b-4d41-ad48-2f6292ddbce6,WARNING,MIGF-O-017,Vaso personalizado para eventos,MIG1-CAT-008,Design_To_Go_Catalog_v1.2_RC_MANGO_TANGO.xlsx,,definición sin resolver
DQ-OPTION-002:OPTION:OWN-MT-OP-053:definition,DQ-OPTION-002,BLOCKER,OPTION,REVIEW,OWNER_DECISION_REQUIRED,OPTION,0177645b-bd56-4efd-98b5-671b3df6a0ad,WARNING,MIG2-O-013,Figura / standee de coroplast,MIG1-CAT-002,Design_To_Go_Catalog_v1.2_RC_MANGO_TANGO.xlsx,D-005:OPEN,definición sin resolver
DQ-OPTION-002:OPTION:OWN-MT-OP-054:definition,DQ-OPTION-002,BLOCKER,OPTION,REVIEW,OWNER_DECISION_REQUIRED,OPTION,b1893435-ac79-468f-a7c9-4ad62f65b1b8,WARNING,MIG2-O-013,Figura / standee de coroplast,MIG1-CAT-002,Design_To_Go_Catalog_v1.2_RC_MANGO_TANGO.xlsx,D-005:OPEN,definición sin resolver
DQ-OPTION-002:OPTION:OWN-MT-OP-055:definition,DQ-OPTION-002,BLOCKER,OPTION,REVIEW,OWNER_DECISION_REQUIRED,OPTION,9bab9011-1986-4112-ad1c-c2af7054cdcf,WARNING,OWN-MT-O-045,Hoja de Coroplast Multi-Cut / múltiples piezas,MIG1-CAT-002,Design_To_Go_Catalog_v1.2_RC_MANGO_TANGO.xlsx,D-005:OPEN,definición sin resolver
DQ-OPTION-002:OPTION:OWN-MT-OP-056:definition,DQ-OPTION-002,BLOCKER,OPTION,REVIEW,OWNER_DECISION_REQUIRED,OPTION,d313f255-85b2-4f54-8ed6-212595f321c2,WARNING,OWN-O-002,Piñata personalizada,MIG1-CAT-008,Design_To_Go_Catalog_v1.2_RC_MANGO_TANGO.xlsx,D-005:OPEN,definición sin resolver
DQ-OPTION-002:OPTION:OWN-MT-OP-057:definition,DQ-OPTION-002,BLOCKER,OPTION,REVIEW,OWNER_DECISION_REQUIRED,OPTION,486989d2-2ee6-4008-908a-01ddc75ee270,WARNING,OWN-O-002,Piñata personalizada,MIG1-CAT-008,Design_To_Go_Catalog_v1.2_RC_MANGO_TANGO.xlsx,D-005:OPEN,definición sin resolver
DQ-OPTION-002:OPTION:OWN-OP-001:definition,DQ-OPTION-002,BLOCKER,OPTION,REVIEW,MANUAL_REVIEW,OPTION,4c3e96ed-3bc5-4b1e-9ccd-aa969b439039,WARNING,MIG1-O-004,Camiseta de algodón cuello redondo,MIG1-CAT-004,Design_To_Go_Catalog_v1.2_RC_MANGO_TANGO.xlsx,,definición sin resolver
DQ-OPTION-002:OPTION:OWN-OP-003:definition,DQ-OPTION-002,BLOCKER,OPTION,REVIEW,MANUAL_REVIEW,OPTION,f57f4ba7-9198-49fd-b803-643745237496,WARNING,MIG1-O-005,Camiseta Dry Fit / poliéster,MIG1-CAT-004,Design_To_Go_Catalog_v1.2_RC_MANGO_TANGO.xlsx,,definición sin resolver
DQ-OPTION-002:OPTION:OWN-OP-005:definition,DQ-OPTION-002,BLOCKER,OPTION,REVIEW,MANUAL_REVIEW,OPTION,d10fd560-37f3-457b-bae1-26b37a2bd8e2,WARNING,MIG2-O-017,Polo,MIG1-CAT-004,Design_To_Go_Catalog_v1.2_RC_MANGO_TANGO.xlsx,,definición sin resolver
DQ-OPTION-002:OPTION:OWN-OP-011:definition,DQ-OPTION-002,BLOCKER,OPTION,REVIEW,MANUAL_REVIEW,OPTION,516fd593-aae2-4d98-8f50-f96d96958941,WARNING,MIG2-O-036,Flyers,MIG1-CAT-006,Design_To_Go_Catalog_v1.2_RC_MANGO_TANGO.xlsx,,definición sin resolver
DQ-OPTION-002:OPTION:OWN-OP-012:definition,DQ-OPTION-002,BLOCKER,OPTION,REVIEW,MANUAL_REVIEW,OPTION,2b27767d-b340-4665-8d3a-427f309529fd,WARNING,MIG2-O-036,Flyers,MIG1-CAT-006,Design_To_Go_Catalog_v1.2_RC_MANGO_TANGO.xlsx,,definición sin resolver
DQ-OPTION-002:OPTION:OWN-OP-013:definition,DQ-OPTION-002,BLOCKER,OPTION,REVIEW,MANUAL_REVIEW,OPTION,c1f72255-d7f7-4ac0-b457-718589a81cf4,WARNING,MIG2-O-036,Flyers,MIG1-CAT-006,Design_To_Go_Catalog_v1.2_RC_MANGO_TANGO.xlsx,,definición sin resolver
DQ-OPTION-003:OPTION:MIG1-OP-001:selectionMode,DQ-OPTION-003,BLOCKER,OPTION,REVIEW,BULK_RESOLVABLE,OPTION,8fe5a56e-1c70-4e5c-97a5-1db551bd82ee,WARNING,MIG1-O-008,Tarjeta Tradicional,MIG1-CAT-006,Design_To_Go_Catalog_v1.2_RC_MANGO_TANGO.xlsx,,selectionMode sin resolver
DQ-OPTION-003:OPTION:MIG1-OP-002:selectionMode,DQ-OPTION-003,BLOCKER,OPTION,REVIEW,BULK_RESOLVABLE,OPTION,6785e05d-42c9-47c3-85f8-7618b99db11c,WARNING,MIG1-O-009,Tarjeta Premium / Gloss,MIG1-CAT-006,Design_To_Go_Catalog_v1.2_RC_MANGO_TANGO.xlsx,,selectionMode sin resolver
DQ-OPTION-003:OPTION:MIG1-OP-003:selectionMode,DQ-OPTION-003,BLOCKER,OPTION,REVIEW,OWNER_DECISION_REQUIRED,OPTION,661ddc2e-c3f4-42ab-8034-09ad830fe381,WARNING,MIG1-O-003,X-Banner completo,MIG1-CAT-003,Design_To_Go_Catalog_v1.2_RC_MANGO_TANGO.xlsx,D-004:OPEN,selectionMode sin resolver
DQ-OPTION-003:OPTION:MIG1-OP-004:selectionMode,DQ-OPTION-003,BLOCKER,OPTION,REVIEW,OWNER_DECISION_REQUIRED,OPTION,b2b1d166-48f5-4e0e-9f1b-6f2905a4bdca,WARNING,MIG1-O-007,Vaso con tapa y popote,MIG1-CAT-005,Design_To_Go_Catalog_v1.2_RC_MANGO_TANGO.xlsx,D-004:OPEN,selectionMode sin resolver
DQ-OPTION-003:OPTION:MIG2-OP-001:selectionMode,DQ-OPTION-003,BLOCKER,OPTION,REVIEW,OWNER_DECISION_REQUIRED,OPTION,b161fd7a-a1d9-43f2-beaa-b16695a7b305,WARNING,MIG2-O-015,Bandera personalizada,MIG1-CAT-003,Design_To_Go_Catalog_v1.2_RC_MANGO_TANGO.xlsx,D-004:OPEN,selectionMode sin resolver
DQ-OPTION-003:OPTION:MIG2-OP-002:selectionMode,DQ-OPTION-003,BLOCKER,OPTION,REVIEW,OWNER_DECISION_REQUIRED,OPTION,57eaebc4-73aa-40a7-adb4-67899e515c71,WARNING,MIG2-O-016,Roll-Up / Retractable Banner,MIG1-CAT-003,Design_To_Go_Catalog_v1.2_RC_MANGO_TANGO.xlsx,D-004:OPEN,selectionMode sin resolver
DQ-OPTION-003:OPTION:MIG2-OP-003:selectionMode,DQ-OPTION-003,BLOCKER,OPTION,REVIEW,OWNER_DECISION_REQUIRED,OPTION,fdb86646-7d75-4005-ae24-9cfad36b181b,WARNING,MIG2-O-039,Menús,MIG1-CAT-006,Design_To_Go_Catalog_v1.2_RC_MANGO_TANGO.xlsx,D-004:OPEN,selectionMode sin resolver
DQ-OPTION-003:OPTION:OWN-MT-OP-001:selectionMode,DQ-OPTION-003,BLOCKER,OPTION,REVIEW,OWNER_DECISION_REQUIRED,OPTION,08c6ddd6-a0ac-4d47-9b5f-1d0ae0f4a821,WARNING,OWN-MT-O-001,Camisa de vestir personalizada / woven shirt,MIG1-CAT-004,Design_To_Go_Catalog_v1.2_RC_MANGO_TANGO.xlsx,D-004:OPEN,selectionMode sin resolver
DQ-OPTION-003:OPTION:OWN-MT-OP-002:selectionMode,DQ-OPTION-003,BLOCKER,OPTION,REVIEW,OWNER_DECISION_REQUIRED,OPTION,365cfcee-3de9-4898-9740-25be4e7cfd3f,WARNING,OWN-MT-O-005,Chaleco de trabajo personalizado,MIG1-CAT-004,Design_To_Go_Catalog_v1.2_RC_MANGO_TANGO.xlsx,D-004:OPEN,selectionMode sin resolver
DQ-OPTION-003:OPTION:OWN-MT-OP-003:selectionMode,DQ-OPTION-003,BLOCKER,OPTION,REVIEW,OWNER_DECISION_REQUIRED,OPTION,33e05c07-cde2-41bf-a1d4-312fb86cbb68,WARNING,OWN-MT-O-006,Camisa de trabajo personalizada,MIG1-CAT-004,Design_To_Go_Catalog_v1.2_RC_MANGO_TANGO.xlsx,D-004:OPEN,selectionMode sin resolver
DQ-OPTION-003:OPTION:OWN-MT-OP-004:selectionMode,DQ-OPTION-003,BLOCKER,OPTION,REVIEW,OWNER_DECISION_REQUIRED,OPTION,cb651186-0acb-48cf-aae2-3b0ba2db3358,WARNING,OWN-MT-O-009,Chamarra / abrigo de trabajo personalizado,MIG1-CAT-004,Design_To_Go_Catalog_v1.2_RC_MANGO_TANGO.xlsx,D-004:OPEN,selectionMode sin resolver
DQ-OPTION-003:OPTION:OWN-MT-OP-005:selectionMode,DQ-OPTION-003,BLOCKER,OPTION,REVIEW,OWNER_DECISION_REQUIRED,OPTION,aa50c434-064c-472d-a458-88d4a73cb08d,WARNING,MIG1-O-004,Camiseta de algodón cuello redondo,MIG1-CAT-004,Design_To_Go_Catalog_v1.2_RC_MANGO_TANGO.xlsx,D-004:OPEN,selectionMode sin resolver
DQ-OPTION-003:OPTION:OWN-MT-OP-006:selectionMode,DQ-OPTION-003,BLOCKER,OPTION,REVIEW,OWNER_DECISION_REQUIRED,OPTION,da67da3e-e0f5-4d35-a3a1-79356f55c984,WARNING,OWN-MT-O-011,Jersey deportivo personalizable,MIG1-CAT-004,Design_To_Go_Catalog_v1.2_RC_MANGO_TANGO.xlsx,D-004:OPEN,selectionMode sin resolver
DQ-OPTION-003:OPTION:OWN-MT-OP-007:selectionMode,DQ-OPTION-003,BLOCKER,OPTION,REVIEW,OWNER_DECISION_REQUIRED,OPTION,8d051de1-111a-4ce7-9b98-50f2825469bb,WARNING,MIG2-O-021,Uniforme,MIG1-CAT-004,Design_To_Go_Catalog_v1.2_RC_MANGO_TANGO.xlsx,D-004:OPEN,selectionMode sin resolver
DQ-OPTION-003:OPTION:OWN-MT-OP-008:selectionMode,DQ-OPTION-003,BLOCKER,OPTION,REVIEW,OWNER_DECISION_REQUIRED,OPTION,e07eaec4-ca54-4ccf-8e1a-21e0a05b296a,WARNING,MIG2-O-018,Gorra,MIG2-CAT-002,Design_To_Go_Catalog_v1.2_RC_MANGO_TANGO.xlsx,D-004:OPEN,selectionMode sin resolver
DQ-OPTION-003:OPTION:OWN-MT-OP-009:selectionMode,DQ-OPTION-003,BLOCKER,OPTION,REVIEW,OWNER_DECISION_REQUIRED,OPTION,ec0079ed-c794-40fc-82a9-80ff5a95b463,WARNING,MIG2-O-018,Gorra,MIG2-CAT-002,Design_To_Go_Catalog_v1.2_RC_MANGO_TANGO.xlsx,D-004:OPEN,selectionMode sin resolver
DQ-OPTION-003:OPTION:OWN-MT-OP-010:selectionMode,DQ-OPTION-003,BLOCKER,OPTION,REVIEW,OWNER_DECISION_REQUIRED,OPTION,177bda07-56ff-4120-a452-fa85528885e2,WARNING,MIG2-O-018,Gorra,MIG2-CAT-002,Design_To_Go_Catalog_v1.2_RC_MANGO_TANGO.xlsx,D-004:OPEN,selectionMode sin resolver
DQ-OPTION-003:OPTION:OWN-MT-OP-011:selectionMode,DQ-OPTION-003,BLOCKER,OPTION,REVIEW,OWNER_DECISION_REQUIRED,OPTION,8d840332-a3a4-4fb9-8bb8-ad384d72850a,WARNING,OWN-MT-O-022,Mochila personalizable / backpack,MIG1-CAT-004,Design_To_Go_Catalog_v1.2_RC_MANGO_TANGO.xlsx,D-004:OPEN,selectionMode sin resolver
DQ-OPTION-003:OPTION:OWN-MT-OP-012:selectionMode,DQ-OPTION-003,BLOCKER,OPTION,REVIEW,OWNER_DECISION_REQUIRED,OPTION,ac94345f-e233-4a30-ae39-38307a3a303a,WARNING,MIG2-O-022,Mandil,MIG1-CAT-004,Design_To_Go_Catalog_v1.2_RC_MANGO_TANGO.xlsx,D-004:OPEN,selectionMode sin resolver
DQ-OPTION-003:OPTION:OWN-MT-OP-013:selectionMode,DQ-OPTION-003,BLOCKER,OPTION,REVIEW,OWNER_DECISION_REQUIRED,OPTION,fdacced4-d44c-4c06-b782-4cea462fd996,WARNING,MIG2-O-055,Pantuflas personalizadas,MIG1-CAT-008,Design_To_Go_Catalog_v1.2_RC_MANGO_TANGO.xlsx,D-004:OPEN,selectionMode sin resolver
DQ-OPTION-003:OPTION:OWN-MT-OP-014:selectionMode,DQ-OPTION-003,BLOCKER,OPTION,REVIEW,OWNER_DECISION_REQUIRED,OPTION,d49ddb72-2f3d-46d9-87b0-830b4808ca07,WARNING,MIG2-O-055,Pantuflas personalizadas,MIG1-CAT-008,Design_To_Go_Catalog_v1.2_RC_MANGO_TANGO.xlsx,D-004:OPEN,selectionMode sin resolver
DQ-OPTION-003:OPTION:OWN-MT-OP-015:selectionMode,DQ-OPTION-003,BLOCKER,OPTION,REVIEW,OWNER_DECISION_REQUIRED,OPTION,e51b18f1-acc5-4c73-8b1a-8b5e56f84ca7,WARNING,MIG2-O-055,Pantuflas personalizadas,MIG1-CAT-008,Design_To_Go_Catalog_v1.2_RC_MANGO_TANGO.xlsx,D-004:OPEN,selectionMode sin resolver
DQ-OPTION-003:OPTION:OWN-MT-OP-016:selectionMode,DQ-OPTION-003,BLOCKER,OPTION,REVIEW,OWNER_DECISION_REQUIRED,OPTION,41935f48-c7bf-44a3-9496-13e80a46854a,WARNING,OWN-MT-O-027,Sandalias / chanclas personalizadas,MIG1-CAT-008,Design_To_Go_Catalog_v1.2_RC_MANGO_TANGO.xlsx,D-004:OPEN,selectionMode sin resolver
DQ-OPTION-003:OPTION:OWN-MT-OP-017:selectionMode,DQ-OPTION-003,BLOCKER,OPTION,REVIEW,OWNER_DECISION_REQUIRED,OPTION,4fbe78a6-f922-4761-8c1a-c199424db61f,WARNING,OWN-MT-O-027,Sandalias / chanclas personalizadas,MIG1-CAT-008,Design_To_Go_Catalog_v1.2_RC_MANGO_TANGO.xlsx,D-004:OPEN,selectionMode sin resolver
DQ-OPTION-003:OPTION:OWN-MT-OP-018:selectionMode,DQ-OPTION-003,BLOCKER,OPTION,REVIEW,OWNER_DECISION_REQUIRED,OPTION,c2c5046c-2339-4a27-b8ed-a2a8dd942ce2,WARNING,OWN-MT-O-027,Sandalias / chanclas personalizadas,MIG1-CAT-008,Design_To_Go_Catalog_v1.2_RC_MANGO_TANGO.xlsx,D-004:OPEN,selectionMode sin resolver
DQ-OPTION-003:OPTION:OWN-MT-OP-019:selectionMode,DQ-OPTION-003,BLOCKER,OPTION,REVIEW,OWNER_DECISION_REQUIRED,OPTION,c0cff6b3-d6c6-4910-94c9-77daf52f09ef,WARNING,MIGF-O-044,Panel decorativo,MIGF-CAT-001,Design_To_Go_Catalog_v1.2_RC_MANGO_TANGO.xlsx,D-004:OPEN,selectionMode sin resolver
DQ-OPTION-003:OPTION:OWN-MT-OP-020:selectionMode,DQ-OPTION-003,BLOCKER,OPTION,REVIEW,OWNER_DECISION_REQUIRED,OPTION,f6f724e8-8bc9-4361-a88e-3f2197557afe,WARNING,MIG1-O-011,Mantel personalizado,MIG1-CAT-008,Design_To_Go_Catalog_v1.2_RC_MANGO_TANGO.xlsx,D-004:OPEN,selectionMode sin resolver
DQ-OPTION-003:OPTION:OWN-MT-OP-021:selectionMode,DQ-OPTION-003,BLOCKER,OPTION,REVIEW,OWNER_DECISION_REQUIRED,OPTION,478343b6-8f42-446f-b43e-30810dbeac11,WARNING,MIG1-O-011,Mantel personalizado,MIG1-CAT-008,Design_To_Go_Catalog_v1.2_RC_MANGO_TANGO.xlsx,D-004:OPEN,selectionMode sin resolver
DQ-OPTION-003:OPTION:OWN-MT-OP-022:selectionMode,DQ-OPTION-003,BLOCKER,OPTION,REVIEW,OWNER_DECISION_REQUIRED,OPTION,141795ca-5998-4a3e-8dae-6c649d21a265,WARNING,OWN-MT-O-028,Mantel elástico / fitted personalizado,MIG1-CAT-008,Design_To_Go_Catalog_v1.2_RC_MANGO_TANGO.xlsx,D-004:OPEN,selectionMode sin resolver
DQ-OPTION-003:OPTION:OWN-MT-OP-023:selectionMode,DQ-OPTION-003,BLOCKER,OPTION,REVIEW,OWNER_DECISION_REQUIRED,OPTION,315554bd-0564-46c9-8f35-d5720f04231e,WARNING,OWN-MT-O-029,Decoración personalizada en MDF,MIG1-CAT-008,Design_To_Go_Catalog_v1.2_RC_MANGO_TANGO.xlsx,D-004:OPEN,selectionMode sin resolver
DQ-OPTION-003:OPTION:OWN-MT-OP-024:selectionMode,DQ-OPTION-003,BLOCKER,OPTION,REVIEW,OWNER_DECISION_REQUIRED,OPTION,d178a72b-bbfb-43d7-bbad-2249d7a364aa,WARNING,OWN-MT-O-029,Decoración personalizada en MDF,MIG1-CAT-008,Design_To_Go_Catalog_v1.2_RC_MANGO_TANGO.xlsx,D-004:OPEN,selectionMode sin resolver
DQ-OPTION-003:OPTION:OWN-MT-OP-025:selectionMode,DQ-OPTION-003,BLOCKER,OPTION,REVIEW,OWNER_DECISION_REQUIRED,OPTION,b78d623f-4782-4d2f-8fa8-dd8f3bbc5e8c,WARNING,OWN-MT-O-030,Cake topper en MDF,MIG1-CAT-008,Design_To_Go_Catalog_v1.2_RC_MANGO_TANGO.xlsx,D-004:OPEN,selectionMode sin resolver
DQ-OPTION-003:OPTION:OWN-MT-OP-026:selectionMode,DQ-OPTION-003,BLOCKER,OPTION,REVIEW,OWNER_DECISION_REQUIRED,OPTION,aa541960-277c-442d-8a79-ce3d53462c6d,WARNING,OWN-MT-O-031,Centro de mesa en MDF,MIG1-CAT-008,Design_To_Go_Catalog_v1.2_RC_MANGO_TANGO.xlsx,D-004:OPEN,selectionMode sin resolver
DQ-OPTION-003:OPTION:OWN-MT-OP-027:selectionMode,DQ-OPTION-003,BLOCKER,OPTION,REVIEW,OWNER_DECISION_REQUIRED,OPTION,2a17729e-c007-4c5e-9b91-f054c1f4576f,WARNING,OWN-MT-O-032,Set / kit de piezas MDF,MIG1-CAT-008,Design_To_Go_Catalog_v1.2_RC_MANGO_TANGO.xlsx,D-004:OPEN,selectionMode sin resolver
DQ-OPTION-003:OPTION:OWN-MT-OP-028:selectionMode,DQ-OPTION-003,BLOCKER,OPTION,REVIEW,OWNER_DECISION_REQUIRED,OPTION,33357140-4f2d-4fff-9d85-5dcde9bed2be,WARNING,MIGF-O-048,Letrero acrílico,MIG1-CAT-002,Design_To_Go_Catalog_v1.2_RC_MANGO_TANGO.xlsx,D-004:OPEN,selectionMode sin resolver
DQ-OPTION-003:OPTION:OWN-MT-OP-029:selectionMode,DQ-OPTION-003,BLOCKER,OPTION,REVIEW,OWNER_DECISION_REQUIRED,OPTION,6a16dc55-8c73-455c-a143-f46b4e4c6d41,WARNING,MIGF-O-030,Placa acrílica,MIG1-CAT-009,Design_To_Go_Catalog_v1.2_RC_MANGO_TANGO.xlsx,D-004:OPEN,selectionMode sin resolver
DQ-OPTION-003:OPTION:OWN-MT-OP-030:selectionMode,DQ-OPTION-003,BLOCKER,OPTION,REVIEW,OWNER_DECISION_REQUIRED,OPTION,32231c40-ed99-412c-8713-8e3a8098ee1a,WARNING,OWN-MT-O-034,Display de mesa de acrílico,MIG1-CAT-002,Design_To_Go_Catalog_v1.2_RC_MANGO_TANGO.xlsx,D-004:OPEN,selectionMode sin resolver
DQ-OPTION-003:OPTION:OWN-MT-OP-031:selectionMode,DQ-OPTION-003,BLOCKER,OPTION,REVIEW,OWNER_DECISION_REQUIRED,OPTION,24e3ad79-9362-41f3-8bd1-c37774ca1994,WARNING,OWN-MT-O-035,Nombre / plaquita personalizada de acrílico,MIG1-CAT-002,Design_To_Go_Catalog_v1.2_RC_MANGO_TANGO.xlsx,D-004:OPEN,selectionMode sin resolver
DQ-OPTION-003:OPTION:OWN-MT-OP-032:selectionMode,DQ-OPTION-003,BLOCKER,OPTION,REVIEW,OWNER_DECISION_REQUIRED,OPTION,dfd08c24-d8b4-4cf6-ac62-28782452190d,WARNING,MIGF-O-013,Invitación con acrílico,MIG1-CAT-006,Design_To_Go_Catalog_v1.2_RC_MANGO_TANGO.xlsx,D-004:OPEN,selectionMode sin resolver
DQ-OPTION-003:OPTION:OWN-MT-OP-033:selectionMode,DQ-OPTION-003,BLOCKER,OPTION,REVIEW,OWNER_DECISION_REQUIRED,OPTION,844677e9-83fd-4eea-a262-dc9f20f8cae0,WARNING,MIGF-O-018,Llavero,MIG1-CAT-008,Design_To_Go_Catalog_v1.2_RC_MANGO_TANGO.xlsx,D-004:OPEN,selectionMode sin resolver
DQ-OPTION-003:OPTION:OWN-MT-OP-034:selectionMode,DQ-OPTION-003,BLOCKER,OPTION,REVIEW,OWNER_DECISION_REQUIRED,OPTION,e03a148a-9f97-488a-8cff-3e7e53acbb76,WARNING,MIGF-O-018,Llavero,MIG1-CAT-008,Design_To_Go_Catalog_v1.2_RC_MANGO_TANGO.xlsx,D-004:OPEN,selectionMode sin resolver
DQ-OPTION-003:OPTION:OWN-MT-OP-035:selectionMode,DQ-OPTION-003,BLOCKER,OPTION,REVIEW,OWNER_DECISION_REQUIRED,OPTION,a789d10a-dc0a-4805-b6fb-3a73276393d2,WARNING,MIGF-O-048,Letrero acrílico,MIG1-CAT-002,Design_To_Go_Catalog_v1.2_RC_MANGO_TANGO.xlsx,D-004:OPEN,selectionMode sin resolver
DQ-OPTION-003:OPTION:OWN-MT-OP-036:selectionMode,DQ-OPTION-003,BLOCKER,OPTION,REVIEW,OWNER_DECISION_REQUIRED,OPTION,11139d7f-8b6b-447c-bc42-c3fad4dbd8d2,WARNING,MIGF-O-030,Placa acrílica,MIG1-CAT-009,Design_To_Go_Catalog_v1.2_RC_MANGO_TANGO.xlsx,D-004:OPEN,selectionMode sin resolver
DQ-OPTION-003:OPTION:OWN-MT-OP-037:selectionMode,DQ-OPTION-003,BLOCKER,OPTION,REVIEW,OWNER_DECISION_REQUIRED,OPTION,b0280bfd-e76c-4ee4-b67e-dd87757e557e,WARNING,OWN-MT-O-034,Display de mesa de acrílico,MIG1-CAT-002,Design_To_Go_Catalog_v1.2_RC_MANGO_TANGO.xlsx,D-004:OPEN,selectionMode sin resolver
DQ-OPTION-003:OPTION:OWN-MT-OP-038:selectionMode,DQ-OPTION-003,BLOCKER,OPTION,REVIEW,OWNER_DECISION_REQUIRED,OPTION,2114f910-32de-4fce-be4e-16b09c6c961a,WARNING,OWN-MT-O-035,Nombre / plaquita personalizada de acrílico,MIG1-CAT-002,Design_To_Go_Catalog_v1.2_RC_MANGO_TANGO.xlsx,D-004:OPEN,selectionMode sin resolver
DQ-OPTION-003:OPTION:OWN-MT-OP-039:selectionMode,DQ-OPTION-003,BLOCKER,OPTION,REVIEW,OWNER_DECISION_REQUIRED,OPTION,f7396f42-5b7d-4a41-86b5-abaf04a2bd6e,WARNING,MIG2-O-060,Topper acrílico,MIG1-CAT-009,Design_To_Go_Catalog_v1.2_RC_MANGO_TANGO.xlsx,D-004:OPEN,selectionMode sin resolver
DQ-OPTION-003:OPTION:OWN-MT-OP-040:selectionMode,DQ-OPTION-003,BLOCKER,OPTION,REVIEW,OWNER_DECISION_REQUIRED,OPTION,3bcce182-cb09-4a54-ade2-e04bca13bda5,WARNING,OWN-MT-O-036,Centro de mesa de acrílico,MIG1-CAT-002,Design_To_Go_Catalog_v1.2_RC_MANGO_TANGO.xlsx,D-004:OPEN,selectionMode sin resolver
DQ-OPTION-003:OPTION:OWN-MT-OP-041:selectionMode,DQ-OPTION-003,BLOCKER,OPTION,REVIEW,OWNER_DECISION_REQUIRED,OPTION,26ad561e-dcc5-4603-915c-73ec0f743b2d,WARNING,OWN-MT-O-037,Pieza acrílica para libro de firmas / guest book,MIG1-CAT-002,Design_To_Go_Catalog_v1.2_RC_MANGO_TANGO.xlsx,D-004:OPEN,selectionMode sin resolver
DQ-OPTION-003:OPTION:OWN-MT-OP-042:selectionMode,DQ-OPTION-003,BLOCKER,OPTION,REVIEW,OWNER_DECISION_REQUIRED,OPTION,e143fa13-1bb6-458f-a26c-5cea9ed0feef,WARNING,OWN-MT-O-038,Imán personalizado de acrílico,MIG1-CAT-002,Design_To_Go_Catalog_v1.2_RC_MANGO_TANGO.xlsx,D-004:OPEN,selectionMode sin resolver
DQ-OPTION-003:OPTION:OWN-MT-OP-043:selectionMode,DQ-OPTION-003,BLOCKER,OPTION,REVIEW,OWNER_DECISION_REQUIRED,OPTION,c11a25e7-4a00-4f3e-9764-9928b6ae726b,WARNING,OWN-MT-O-039,Ornamento / adorno colgante acrílico,MIG1-CAT-002,Design_To_Go_Catalog_v1.2_RC_MANGO_TANGO.xlsx,D-004:OPEN,selectionMode sin resolver
DQ-OPTION-003:OPTION:OWN-MT-OP-044:selectionMode,DQ-OPTION-003,BLOCKER,OPTION,REVIEW,OWNER_DECISION_REQUIRED,OPTION,3f33df15-7bb5-49a8-bffb-d473884f6a8f,WARNING,OWN-MT-O-040,Medalla personalizada de acrílico,MIG1-CAT-002,Design_To_Go_Catalog_v1.2_RC_MANGO_TANGO.xlsx,D-004:OPEN,selectionMode sin resolver
DQ-OPTION-003:OPTION:OWN-MT-OP-045:selectionMode,DQ-OPTION-003,BLOCKER,OPTION,REVIEW,OWNER_DECISION_REQUIRED,OPTION,11324dce-cf33-49d3-b361-c3bc0039b9a7,WARNING,OWN-MT-O-041,Trofeo personalizado de acrílico,MIG1-CAT-002,Design_To_Go_Catalog_v1.2_RC_MANGO_TANGO.xlsx,D-004:OPEN,selectionMode sin resolver
DQ-OPTION-003:OPTION:OWN-MT-OP-046:selectionMode,DQ-OPTION-003,BLOCKER,OPTION,REVIEW,OWNER_DECISION_REQUIRED,OPTION,c067a934-1d0d-4047-a09f-38737573ede0,WARNING,MIGF-O-013,Invitación con acrílico,MIG1-CAT-006,Design_To_Go_Catalog_v1.2_RC_MANGO_TANGO.xlsx,D-004:OPEN,selectionMode sin resolver
DQ-OPTION-003:OPTION:OWN-MT-OP-047:selectionMode,DQ-OPTION-003,BLOCKER,OPTION,REVIEW,OWNER_DECISION_REQUIRED,OPTION,f02491d6-83e8-4512-8dac-fea83e8f7ffd,WARNING,MIGF-O-018,Llavero,MIG1-CAT-008,Design_To_Go_Catalog_v1.2_RC_MANGO_TANGO.xlsx,D-004:OPEN,selectionMode sin resolver
DQ-OPTION-003:OPTION:OWN-MT-OP-048:selectionMode,DQ-OPTION-003,BLOCKER,OPTION,REVIEW,OWNER_DECISION_REQUIRED,OPTION,d0c2234c-3ade-4abe-9b7c-550cdf61e581,WARNING,MIG2-O-033,Botella,MIG1-CAT-005,Design_To_Go_Catalog_v1.2_RC_MANGO_TANGO.xlsx,D-004:OPEN,selectionMode sin resolver
DQ-OPTION-003:OPTION:OWN-MT-OP-049:selectionMode,DQ-OPTION-003,BLOCKER,OPTION,REVIEW,OWNER_DECISION_REQUIRED,OPTION,67258f6c-a5c2-489e-a522-6294bf89b81b,WARNING,MIGF-O-034,Producto de vidrio con UV DTF,MIG1-CAT-005,Design_To_Go_Catalog_v1.2_RC_MANGO_TANGO.xlsx,D-004:OPEN,selectionMode sin resolver
DQ-OPTION-003:OPTION:OWN-MT-OP-050:selectionMode,DQ-OPTION-003,BLOCKER,OPTION,REVIEW,OWNER_DECISION_REQUIRED,OPTION,12d86084-810b-475a-badd-8847dae143c6,WARNING,MIGF-O-017,Vaso personalizado para eventos,MIG1-CAT-008,Design_To_Go_Catalog_v1.2_RC_MANGO_TANGO.xlsx,D-004:OPEN,selectionMode sin resolver
DQ-OPTION-003:OPTION:OWN-MT-OP-051:selectionMode,DQ-OPTION-003,BLOCKER,OPTION,REVIEW,OWNER_DECISION_REQUIRED,OPTION,d559d44a-2239-468b-8d32-c6b85a455e60,WARNING,MIGF-O-017,Vaso personalizado para eventos,MIG1-CAT-008,Design_To_Go_Catalog_v1.2_RC_MANGO_TANGO.xlsx,D-004:OPEN,selectionMode sin resolver
DQ-OPTION-003:OPTION:OWN-MT-OP-052:selectionMode,DQ-OPTION-003,BLOCKER,OPTION,REVIEW,OWNER_DECISION_REQUIRED,OPTION,0242fc29-867b-4d41-ad48-2f6292ddbce6,WARNING,MIGF-O-017,Vaso personalizado para eventos,MIG1-CAT-008,Design_To_Go_Catalog_v1.2_RC_MANGO_TANGO.xlsx,D-004:OPEN,selectionMode sin resolver
DQ-OPTION-003:OPTION:OWN-MT-OP-053:selectionMode,DQ-OPTION-003,BLOCKER,OPTION,REVIEW,OWNER_DECISION_REQUIRED,OPTION,0177645b-bd56-4efd-98b5-671b3df6a0ad,WARNING,MIG2-O-013,Figura / standee de coroplast,MIG1-CAT-002,Design_To_Go_Catalog_v1.2_RC_MANGO_TANGO.xlsx,D-004:OPEN,selectionMode sin resolver
DQ-OPTION-003:OPTION:OWN-MT-OP-054:selectionMode,DQ-OPTION-003,BLOCKER,OPTION,REVIEW,OWNER_DECISION_REQUIRED,OPTION,b1893435-ac79-468f-a7c9-4ad62f65b1b8,WARNING,MIG2-O-013,Figura / standee de coroplast,MIG1-CAT-002,Design_To_Go_Catalog_v1.2_RC_MANGO_TANGO.xlsx,D-004:OPEN,selectionMode sin resolver
DQ-OPTION-003:OPTION:OWN-MT-OP-055:selectionMode,DQ-OPTION-003,BLOCKER,OPTION,REVIEW,OWNER_DECISION_REQUIRED,OPTION,9bab9011-1986-4112-ad1c-c2af7054cdcf,WARNING,OWN-MT-O-045,Hoja de Coroplast Multi-Cut / múltiples piezas,MIG1-CAT-002,Design_To_Go_Catalog_v1.2_RC_MANGO_TANGO.xlsx,D-004:OPEN,selectionMode sin resolver
DQ-OPTION-003:OPTION:OWN-MT-OP-056:selectionMode,DQ-OPTION-003,BLOCKER,OPTION,REVIEW,OWNER_DECISION_REQUIRED,OPTION,d313f255-85b2-4f54-8ed6-212595f321c2,WARNING,OWN-O-002,Piñata personalizada,MIG1-CAT-008,Design_To_Go_Catalog_v1.2_RC_MANGO_TANGO.xlsx,D-004:OPEN,selectionMode sin resolver
DQ-OPTION-003:OPTION:OWN-MT-OP-057:selectionMode,DQ-OPTION-003,BLOCKER,OPTION,REVIEW,OWNER_DECISION_REQUIRED,OPTION,486989d2-2ee6-4008-908a-01ddc75ee270,WARNING,OWN-O-002,Piñata personalizada,MIG1-CAT-008,Design_To_Go_Catalog_v1.2_RC_MANGO_TANGO.xlsx,D-004:OPEN,selectionMode sin resolver
DQ-OPTION-003:OPTION:OWN-OP-001:selectionMode,DQ-OPTION-003,BLOCKER,OPTION,REVIEW,OWNER_DECISION_REQUIRED,OPTION,4c3e96ed-3bc5-4b1e-9ccd-aa969b439039,WARNING,MIG1-O-004,Camiseta de algodón cuello redondo,MIG1-CAT-004,Design_To_Go_Catalog_v1.2_RC_MANGO_TANGO.xlsx,D-004:OPEN,selectionMode sin resolver
DQ-OPTION-003:OPTION:OWN-OP-003:selectionMode,DQ-OPTION-003,BLOCKER,OPTION,REVIEW,OWNER_DECISION_REQUIRED,OPTION,f57f4ba7-9198-49fd-b803-643745237496,WARNING,MIG1-O-005,Camiseta Dry Fit / poliéster,MIG1-CAT-004,Design_To_Go_Catalog_v1.2_RC_MANGO_TANGO.xlsx,D-004:OPEN,selectionMode sin resolver
DQ-OPTION-003:OPTION:OWN-OP-005:selectionMode,DQ-OPTION-003,BLOCKER,OPTION,REVIEW,OWNER_DECISION_REQUIRED,OPTION,d10fd560-37f3-457b-bae1-26b37a2bd8e2,WARNING,MIG2-O-017,Polo,MIG1-CAT-004,Design_To_Go_Catalog_v1.2_RC_MANGO_TANGO.xlsx,D-004:OPEN,selectionMode sin resolver
DQ-OPTION-003:OPTION:OWN-OP-011:selectionMode,DQ-OPTION-003,BLOCKER,OPTION,REVIEW,BULK_RESOLVABLE,OPTION,516fd593-aae2-4d98-8f50-f96d96958941,WARNING,MIG2-O-036,Flyers,MIG1-CAT-006,Design_To_Go_Catalog_v1.2_RC_MANGO_TANGO.xlsx,,selectionMode sin resolver
DQ-OPTION-003:OPTION:OWN-OP-012:selectionMode,DQ-OPTION-003,BLOCKER,OPTION,REVIEW,BULK_RESOLVABLE,OPTION,2b27767d-b340-4665-8d3a-427f309529fd,WARNING,MIG2-O-036,Flyers,MIG1-CAT-006,Design_To_Go_Catalog_v1.2_RC_MANGO_TANGO.xlsx,,selectionMode sin resolver
DQ-OPTION-003:OPTION:OWN-OP-013:selectionMode,DQ-OPTION-003,BLOCKER,OPTION,REVIEW,BULK_RESOLVABLE,OPTION,c1f72255-d7f7-4ac0-b457-718589a81cf4,WARNING,MIG2-O-036,Flyers,MIG1-CAT-006,Design_To_Go_Catalog_v1.2_RC_MANGO_TANGO.xlsx,,selectionMode sin resolver
DQ-OPTION-004:OPTION:MIG1-OP-001:isDistributable,DQ-OPTION-004,BLOCKER,OPTION,REVIEW,BULK_RESOLVABLE,OPTION,8fe5a56e-1c70-4e5c-97a5-1db551bd82ee,WARNING,MIG1-O-008,Tarjeta Tradicional,MIG1-CAT-006,Design_To_Go_Catalog_v1.2_RC_MANGO_TANGO.xlsx,,isDistributable sin resolver
DQ-OPTION-004:OPTION:MIG1-OP-002:isDistributable,DQ-OPTION-004,BLOCKER,OPTION,REVIEW,BULK_RESOLVABLE,OPTION,6785e05d-42c9-47c3-85f8-7618b99db11c,WARNING,MIG1-O-009,Tarjeta Premium / Gloss,MIG1-CAT-006,Design_To_Go_Catalog_v1.2_RC_MANGO_TANGO.xlsx,,isDistributable sin resolver
DQ-OPTION-004:OPTION:MIG1-OP-003:isDistributable,DQ-OPTION-004,BLOCKER,OPTION,REVIEW,BULK_RESOLVABLE,OPTION,661ddc2e-c3f4-42ab-8034-09ad830fe381,WARNING,MIG1-O-003,X-Banner completo,MIG1-CAT-003,Design_To_Go_Catalog_v1.2_RC_MANGO_TANGO.xlsx,,isDistributable sin resolver
DQ-OPTION-004:OPTION:MIG1-OP-004:isDistributable,DQ-OPTION-004,BLOCKER,OPTION,REVIEW,BULK_RESOLVABLE,OPTION,b2b1d166-48f5-4e0e-9f1b-6f2905a4bdca,WARNING,MIG1-O-007,Vaso con tapa y popote,MIG1-CAT-005,Design_To_Go_Catalog_v1.2_RC_MANGO_TANGO.xlsx,,isDistributable sin resolver
DQ-OPTION-004:OPTION:MIG2-OP-001:isDistributable,DQ-OPTION-004,BLOCKER,OPTION,REVIEW,BULK_RESOLVABLE,OPTION,b161fd7a-a1d9-43f2-beaa-b16695a7b305,WARNING,MIG2-O-015,Bandera personalizada,MIG1-CAT-003,Design_To_Go_Catalog_v1.2_RC_MANGO_TANGO.xlsx,,isDistributable sin resolver
DQ-OPTION-004:OPTION:MIG2-OP-002:isDistributable,DQ-OPTION-004,BLOCKER,OPTION,REVIEW,BULK_RESOLVABLE,OPTION,57eaebc4-73aa-40a7-adb4-67899e515c71,WARNING,MIG2-O-016,Roll-Up / Retractable Banner,MIG1-CAT-003,Design_To_Go_Catalog_v1.2_RC_MANGO_TANGO.xlsx,,isDistributable sin resolver
DQ-OPTION-004:OPTION:MIG2-OP-003:isDistributable,DQ-OPTION-004,BLOCKER,OPTION,REVIEW,BULK_RESOLVABLE,OPTION,fdb86646-7d75-4005-ae24-9cfad36b181b,WARNING,MIG2-O-039,Menús,MIG1-CAT-006,Design_To_Go_Catalog_v1.2_RC_MANGO_TANGO.xlsx,,isDistributable sin resolver
DQ-OPTION-004:OPTION:OWN-MT-OP-001:isDistributable,DQ-OPTION-004,BLOCKER,OPTION,REVIEW,BULK_RESOLVABLE,OPTION,08c6ddd6-a0ac-4d47-9b5f-1d0ae0f4a821,WARNING,OWN-MT-O-001,Camisa de vestir personalizada / woven shirt,MIG1-CAT-004,Design_To_Go_Catalog_v1.2_RC_MANGO_TANGO.xlsx,,isDistributable sin resolver
DQ-OPTION-004:OPTION:OWN-MT-OP-002:isDistributable,DQ-OPTION-004,BLOCKER,OPTION,REVIEW,BULK_RESOLVABLE,OPTION,365cfcee-3de9-4898-9740-25be4e7cfd3f,WARNING,OWN-MT-O-005,Chaleco de trabajo personalizado,MIG1-CAT-004,Design_To_Go_Catalog_v1.2_RC_MANGO_TANGO.xlsx,,isDistributable sin resolver
DQ-OPTION-004:OPTION:OWN-MT-OP-003:isDistributable,DQ-OPTION-004,BLOCKER,OPTION,REVIEW,BULK_RESOLVABLE,OPTION,33e05c07-cde2-41bf-a1d4-312fb86cbb68,WARNING,OWN-MT-O-006,Camisa de trabajo personalizada,MIG1-CAT-004,Design_To_Go_Catalog_v1.2_RC_MANGO_TANGO.xlsx,,isDistributable sin resolver
DQ-OPTION-004:OPTION:OWN-MT-OP-004:isDistributable,DQ-OPTION-004,BLOCKER,OPTION,REVIEW,BULK_RESOLVABLE,OPTION,cb651186-0acb-48cf-aae2-3b0ba2db3358,WARNING,OWN-MT-O-009,Chamarra / abrigo de trabajo personalizado,MIG1-CAT-004,Design_To_Go_Catalog_v1.2_RC_MANGO_TANGO.xlsx,,isDistributable sin resolver
DQ-OPTION-004:OPTION:OWN-MT-OP-005:isDistributable,DQ-OPTION-004,BLOCKER,OPTION,REVIEW,OWNER_DECISION_REQUIRED,OPTION,aa50c434-064c-472d-a458-88d4a73cb08d,WARNING,MIG1-O-004,Camiseta de algodón cuello redondo,MIG1-CAT-004,Design_To_Go_Catalog_v1.2_RC_MANGO_TANGO.xlsx,D-007:OPEN,isDistributable sin resolver
DQ-OPTION-004:OPTION:OWN-MT-OP-006:isDistributable,DQ-OPTION-004,BLOCKER,OPTION,REVIEW,BULK_RESOLVABLE,OPTION,da67da3e-e0f5-4d35-a3a1-79356f55c984,WARNING,OWN-MT-O-011,Jersey deportivo personalizable,MIG1-CAT-004,Design_To_Go_Catalog_v1.2_RC_MANGO_TANGO.xlsx,,isDistributable sin resolver
DQ-OPTION-004:OPTION:OWN-MT-OP-007:isDistributable,DQ-OPTION-004,BLOCKER,OPTION,REVIEW,BULK_RESOLVABLE,OPTION,8d051de1-111a-4ce7-9b98-50f2825469bb,WARNING,MIG2-O-021,Uniforme,MIG1-CAT-004,Design_To_Go_Catalog_v1.2_RC_MANGO_TANGO.xlsx,,isDistributable sin resolver
DQ-OPTION-004:OPTION:OWN-MT-OP-008:isDistributable,DQ-OPTION-004,BLOCKER,OPTION,REVIEW,BULK_RESOLVABLE,OPTION,e07eaec4-ca54-4ccf-8e1a-21e0a05b296a,WARNING,MIG2-O-018,Gorra,MIG2-CAT-002,Design_To_Go_Catalog_v1.2_RC_MANGO_TANGO.xlsx,,isDistributable sin resolver
DQ-OPTION-004:OPTION:OWN-MT-OP-009:isDistributable,DQ-OPTION-004,BLOCKER,OPTION,REVIEW,BULK_RESOLVABLE,OPTION,ec0079ed-c794-40fc-82a9-80ff5a95b463,WARNING,MIG2-O-018,Gorra,MIG2-CAT-002,Design_To_Go_Catalog_v1.2_RC_MANGO_TANGO.xlsx,,isDistributable sin resolver
DQ-OPTION-004:OPTION:OWN-MT-OP-010:isDistributable,DQ-OPTION-004,BLOCKER,OPTION,REVIEW,BULK_RESOLVABLE,OPTION,177bda07-56ff-4120-a452-fa85528885e2,WARNING,MIG2-O-018,Gorra,MIG2-CAT-002,Design_To_Go_Catalog_v1.2_RC_MANGO_TANGO.xlsx,,isDistributable sin resolver
DQ-OPTION-004:OPTION:OWN-MT-OP-011:isDistributable,DQ-OPTION-004,BLOCKER,OPTION,REVIEW,BULK_RESOLVABLE,OPTION,8d840332-a3a4-4fb9-8bb8-ad384d72850a,WARNING,OWN-MT-O-022,Mochila personalizable / backpack,MIG1-CAT-004,Design_To_Go_Catalog_v1.2_RC_MANGO_TANGO.xlsx,,isDistributable sin resolver
DQ-OPTION-004:OPTION:OWN-MT-OP-012:isDistributable,DQ-OPTION-004,BLOCKER,OPTION,REVIEW,BULK_RESOLVABLE,OPTION,ac94345f-e233-4a30-ae39-38307a3a303a,WARNING,MIG2-O-022,Mandil,MIG1-CAT-004,Design_To_Go_Catalog_v1.2_RC_MANGO_TANGO.xlsx,,isDistributable sin resolver
DQ-OPTION-004:OPTION:OWN-MT-OP-013:isDistributable,DQ-OPTION-004,BLOCKER,OPTION,REVIEW,BULK_RESOLVABLE,OPTION,fdacced4-d44c-4c06-b782-4cea462fd996,WARNING,MIG2-O-055,Pantuflas personalizadas,MIG1-CAT-008,Design_To_Go_Catalog_v1.2_RC_MANGO_TANGO.xlsx,,isDistributable sin resolver
DQ-OPTION-004:OPTION:OWN-MT-OP-014:isDistributable,DQ-OPTION-004,BLOCKER,OPTION,REVIEW,BULK_RESOLVABLE,OPTION,d49ddb72-2f3d-46d9-87b0-830b4808ca07,WARNING,MIG2-O-055,Pantuflas personalizadas,MIG1-CAT-008,Design_To_Go_Catalog_v1.2_RC_MANGO_TANGO.xlsx,,isDistributable sin resolver
DQ-OPTION-004:OPTION:OWN-MT-OP-015:isDistributable,DQ-OPTION-004,BLOCKER,OPTION,REVIEW,BULK_RESOLVABLE,OPTION,e51b18f1-acc5-4c73-8b1a-8b5e56f84ca7,WARNING,MIG2-O-055,Pantuflas personalizadas,MIG1-CAT-008,Design_To_Go_Catalog_v1.2_RC_MANGO_TANGO.xlsx,,isDistributable sin resolver
DQ-OPTION-004:OPTION:OWN-MT-OP-016:isDistributable,DQ-OPTION-004,BLOCKER,OPTION,REVIEW,BULK_RESOLVABLE,OPTION,41935f48-c7bf-44a3-9496-13e80a46854a,WARNING,OWN-MT-O-027,Sandalias / chanclas personalizadas,MIG1-CAT-008,Design_To_Go_Catalog_v1.2_RC_MANGO_TANGO.xlsx,,isDistributable sin resolver
DQ-OPTION-004:OPTION:OWN-MT-OP-017:isDistributable,DQ-OPTION-004,BLOCKER,OPTION,REVIEW,BULK_RESOLVABLE,OPTION,4fbe78a6-f922-4761-8c1a-c199424db61f,WARNING,OWN-MT-O-027,Sandalias / chanclas personalizadas,MIG1-CAT-008,Design_To_Go_Catalog_v1.2_RC_MANGO_TANGO.xlsx,,isDistributable sin resolver
DQ-OPTION-004:OPTION:OWN-MT-OP-018:isDistributable,DQ-OPTION-004,BLOCKER,OPTION,REVIEW,BULK_RESOLVABLE,OPTION,c2c5046c-2339-4a27-b8ed-a2a8dd942ce2,WARNING,OWN-MT-O-027,Sandalias / chanclas personalizadas,MIG1-CAT-008,Design_To_Go_Catalog_v1.2_RC_MANGO_TANGO.xlsx,,isDistributable sin resolver
DQ-OPTION-004:OPTION:OWN-MT-OP-019:isDistributable,DQ-OPTION-004,BLOCKER,OPTION,REVIEW,BULK_RESOLVABLE,OPTION,c0cff6b3-d6c6-4910-94c9-77daf52f09ef,WARNING,MIGF-O-044,Panel decorativo,MIGF-CAT-001,Design_To_Go_Catalog_v1.2_RC_MANGO_TANGO.xlsx,,isDistributable sin resolver
DQ-OPTION-004:OPTION:OWN-MT-OP-020:isDistributable,DQ-OPTION-004,BLOCKER,OPTION,REVIEW,BULK_RESOLVABLE,OPTION,f6f724e8-8bc9-4361-a88e-3f2197557afe,WARNING,MIG1-O-011,Mantel personalizado,MIG1-CAT-008,Design_To_Go_Catalog_v1.2_RC_MANGO_TANGO.xlsx,,isDistributable sin resolver
DQ-OPTION-004:OPTION:OWN-MT-OP-021:isDistributable,DQ-OPTION-004,BLOCKER,OPTION,REVIEW,BULK_RESOLVABLE,OPTION,478343b6-8f42-446f-b43e-30810dbeac11,WARNING,MIG1-O-011,Mantel personalizado,MIG1-CAT-008,Design_To_Go_Catalog_v1.2_RC_MANGO_TANGO.xlsx,,isDistributable sin resolver
DQ-OPTION-004:OPTION:OWN-MT-OP-022:isDistributable,DQ-OPTION-004,BLOCKER,OPTION,REVIEW,BULK_RESOLVABLE,OPTION,141795ca-5998-4a3e-8dae-6c649d21a265,WARNING,OWN-MT-O-028,Mantel elástico / fitted personalizado,MIG1-CAT-008,Design_To_Go_Catalog_v1.2_RC_MANGO_TANGO.xlsx,,isDistributable sin resolver
DQ-OPTION-004:OPTION:OWN-MT-OP-023:isDistributable,DQ-OPTION-004,BLOCKER,OPTION,REVIEW,BULK_RESOLVABLE,OPTION,315554bd-0564-46c9-8f35-d5720f04231e,WARNING,OWN-MT-O-029,Decoración personalizada en MDF,MIG1-CAT-008,Design_To_Go_Catalog_v1.2_RC_MANGO_TANGO.xlsx,,isDistributable sin resolver
DQ-OPTION-004:OPTION:OWN-MT-OP-024:isDistributable,DQ-OPTION-004,BLOCKER,OPTION,REVIEW,BULK_RESOLVABLE,OPTION,d178a72b-bbfb-43d7-bbad-2249d7a364aa,WARNING,OWN-MT-O-029,Decoración personalizada en MDF,MIG1-CAT-008,Design_To_Go_Catalog_v1.2_RC_MANGO_TANGO.xlsx,,isDistributable sin resolver
DQ-OPTION-004:OPTION:OWN-MT-OP-025:isDistributable,DQ-OPTION-004,BLOCKER,OPTION,REVIEW,BULK_RESOLVABLE,OPTION,b78d623f-4782-4d2f-8fa8-dd8f3bbc5e8c,WARNING,OWN-MT-O-030,Cake topper en MDF,MIG1-CAT-008,Design_To_Go_Catalog_v1.2_RC_MANGO_TANGO.xlsx,,isDistributable sin resolver
DQ-OPTION-004:OPTION:OWN-MT-OP-026:isDistributable,DQ-OPTION-004,BLOCKER,OPTION,REVIEW,BULK_RESOLVABLE,OPTION,aa541960-277c-442d-8a79-ce3d53462c6d,WARNING,OWN-MT-O-031,Centro de mesa en MDF,MIG1-CAT-008,Design_To_Go_Catalog_v1.2_RC_MANGO_TANGO.xlsx,,isDistributable sin resolver
DQ-OPTION-004:OPTION:OWN-MT-OP-027:isDistributable,DQ-OPTION-004,BLOCKER,OPTION,REVIEW,BULK_RESOLVABLE,OPTION,2a17729e-c007-4c5e-9b91-f054c1f4576f,WARNING,OWN-MT-O-032,Set / kit de piezas MDF,MIG1-CAT-008,Design_To_Go_Catalog_v1.2_RC_MANGO_TANGO.xlsx,,isDistributable sin resolver
DQ-OPTION-004:OPTION:OWN-MT-OP-028:isDistributable,DQ-OPTION-004,BLOCKER,OPTION,REVIEW,BULK_RESOLVABLE,OPTION,33357140-4f2d-4fff-9d85-5dcde9bed2be,WARNING,MIGF-O-048,Letrero acrílico,MIG1-CAT-002,Design_To_Go_Catalog_v1.2_RC_MANGO_TANGO.xlsx,,isDistributable sin resolver
DQ-OPTION-004:OPTION:OWN-MT-OP-029:isDistributable,DQ-OPTION-004,BLOCKER,OPTION,REVIEW,BULK_RESOLVABLE,OPTION,6a16dc55-8c73-455c-a143-f46b4e4c6d41,WARNING,MIGF-O-030,Placa acrílica,MIG1-CAT-009,Design_To_Go_Catalog_v1.2_RC_MANGO_TANGO.xlsx,,isDistributable sin resolver
DQ-OPTION-004:OPTION:OWN-MT-OP-030:isDistributable,DQ-OPTION-004,BLOCKER,OPTION,REVIEW,BULK_RESOLVABLE,OPTION,32231c40-ed99-412c-8713-8e3a8098ee1a,WARNING,OWN-MT-O-034,Display de mesa de acrílico,MIG1-CAT-002,Design_To_Go_Catalog_v1.2_RC_MANGO_TANGO.xlsx,,isDistributable sin resolver
DQ-OPTION-004:OPTION:OWN-MT-OP-031:isDistributable,DQ-OPTION-004,BLOCKER,OPTION,REVIEW,BULK_RESOLVABLE,OPTION,24e3ad79-9362-41f3-8bd1-c37774ca1994,WARNING,OWN-MT-O-035,Nombre / plaquita personalizada de acrílico,MIG1-CAT-002,Design_To_Go_Catalog_v1.2_RC_MANGO_TANGO.xlsx,,isDistributable sin resolver
DQ-OPTION-004:OPTION:OWN-MT-OP-032:isDistributable,DQ-OPTION-004,BLOCKER,OPTION,REVIEW,BULK_RESOLVABLE,OPTION,dfd08c24-d8b4-4cf6-ac62-28782452190d,WARNING,MIGF-O-013,Invitación con acrílico,MIG1-CAT-006,Design_To_Go_Catalog_v1.2_RC_MANGO_TANGO.xlsx,,isDistributable sin resolver
DQ-OPTION-004:OPTION:OWN-MT-OP-033:isDistributable,DQ-OPTION-004,BLOCKER,OPTION,REVIEW,BULK_RESOLVABLE,OPTION,844677e9-83fd-4eea-a262-dc9f20f8cae0,WARNING,MIGF-O-018,Llavero,MIG1-CAT-008,Design_To_Go_Catalog_v1.2_RC_MANGO_TANGO.xlsx,,isDistributable sin resolver
DQ-OPTION-004:OPTION:OWN-MT-OP-034:isDistributable,DQ-OPTION-004,BLOCKER,OPTION,REVIEW,BULK_RESOLVABLE,OPTION,e03a148a-9f97-488a-8cff-3e7e53acbb76,WARNING,MIGF-O-018,Llavero,MIG1-CAT-008,Design_To_Go_Catalog_v1.2_RC_MANGO_TANGO.xlsx,,isDistributable sin resolver
DQ-OPTION-004:OPTION:OWN-MT-OP-035:isDistributable,DQ-OPTION-004,BLOCKER,OPTION,REVIEW,BULK_RESOLVABLE,OPTION,a789d10a-dc0a-4805-b6fb-3a73276393d2,WARNING,MIGF-O-048,Letrero acrílico,MIG1-CAT-002,Design_To_Go_Catalog_v1.2_RC_MANGO_TANGO.xlsx,,isDistributable sin resolver
DQ-OPTION-004:OPTION:OWN-MT-OP-036:isDistributable,DQ-OPTION-004,BLOCKER,OPTION,REVIEW,BULK_RESOLVABLE,OPTION,11139d7f-8b6b-447c-bc42-c3fad4dbd8d2,WARNING,MIGF-O-030,Placa acrílica,MIG1-CAT-009,Design_To_Go_Catalog_v1.2_RC_MANGO_TANGO.xlsx,,isDistributable sin resolver
DQ-OPTION-004:OPTION:OWN-MT-OP-037:isDistributable,DQ-OPTION-004,BLOCKER,OPTION,REVIEW,BULK_RESOLVABLE,OPTION,b0280bfd-e76c-4ee4-b67e-dd87757e557e,WARNING,OWN-MT-O-034,Display de mesa de acrílico,MIG1-CAT-002,Design_To_Go_Catalog_v1.2_RC_MANGO_TANGO.xlsx,,isDistributable sin resolver
DQ-OPTION-004:OPTION:OWN-MT-OP-038:isDistributable,DQ-OPTION-004,BLOCKER,OPTION,REVIEW,BULK_RESOLVABLE,OPTION,2114f910-32de-4fce-be4e-16b09c6c961a,WARNING,OWN-MT-O-035,Nombre / plaquita personalizada de acrílico,MIG1-CAT-002,Design_To_Go_Catalog_v1.2_RC_MANGO_TANGO.xlsx,,isDistributable sin resolver
DQ-OPTION-004:OPTION:OWN-MT-OP-039:isDistributable,DQ-OPTION-004,BLOCKER,OPTION,REVIEW,BULK_RESOLVABLE,OPTION,f7396f42-5b7d-4a41-86b5-abaf04a2bd6e,WARNING,MIG2-O-060,Topper acrílico,MIG1-CAT-009,Design_To_Go_Catalog_v1.2_RC_MANGO_TANGO.xlsx,,isDistributable sin resolver
DQ-OPTION-004:OPTION:OWN-MT-OP-040:isDistributable,DQ-OPTION-004,BLOCKER,OPTION,REVIEW,BULK_RESOLVABLE,OPTION,3bcce182-cb09-4a54-ade2-e04bca13bda5,WARNING,OWN-MT-O-036,Centro de mesa de acrílico,MIG1-CAT-002,Design_To_Go_Catalog_v1.2_RC_MANGO_TANGO.xlsx,,isDistributable sin resolver
DQ-OPTION-004:OPTION:OWN-MT-OP-041:isDistributable,DQ-OPTION-004,BLOCKER,OPTION,REVIEW,BULK_RESOLVABLE,OPTION,26ad561e-dcc5-4603-915c-73ec0f743b2d,WARNING,OWN-MT-O-037,Pieza acrílica para libro de firmas / guest book,MIG1-CAT-002,Design_To_Go_Catalog_v1.2_RC_MANGO_TANGO.xlsx,,isDistributable sin resolver
DQ-OPTION-004:OPTION:OWN-MT-OP-042:isDistributable,DQ-OPTION-004,BLOCKER,OPTION,REVIEW,BULK_RESOLVABLE,OPTION,e143fa13-1bb6-458f-a26c-5cea9ed0feef,WARNING,OWN-MT-O-038,Imán personalizado de acrílico,MIG1-CAT-002,Design_To_Go_Catalog_v1.2_RC_MANGO_TANGO.xlsx,,isDistributable sin resolver
DQ-OPTION-004:OPTION:OWN-MT-OP-043:isDistributable,DQ-OPTION-004,BLOCKER,OPTION,REVIEW,BULK_RESOLVABLE,OPTION,c11a25e7-4a00-4f3e-9764-9928b6ae726b,WARNING,OWN-MT-O-039,Ornamento / adorno colgante acrílico,MIG1-CAT-002,Design_To_Go_Catalog_v1.2_RC_MANGO_TANGO.xlsx,,isDistributable sin resolver
DQ-OPTION-004:OPTION:OWN-MT-OP-044:isDistributable,DQ-OPTION-004,BLOCKER,OPTION,REVIEW,BULK_RESOLVABLE,OPTION,3f33df15-7bb5-49a8-bffb-d473884f6a8f,WARNING,OWN-MT-O-040,Medalla personalizada de acrílico,MIG1-CAT-002,Design_To_Go_Catalog_v1.2_RC_MANGO_TANGO.xlsx,,isDistributable sin resolver
DQ-OPTION-004:OPTION:OWN-MT-OP-045:isDistributable,DQ-OPTION-004,BLOCKER,OPTION,REVIEW,BULK_RESOLVABLE,OPTION,11324dce-cf33-49d3-b361-c3bc0039b9a7,WARNING,OWN-MT-O-041,Trofeo personalizado de acrílico,MIG1-CAT-002,Design_To_Go_Catalog_v1.2_RC_MANGO_TANGO.xlsx,,isDistributable sin resolver
DQ-OPTION-004:OPTION:OWN-MT-OP-046:isDistributable,DQ-OPTION-004,BLOCKER,OPTION,REVIEW,BULK_RESOLVABLE,OPTION,c067a934-1d0d-4047-a09f-38737573ede0,WARNING,MIGF-O-013,Invitación con acrílico,MIG1-CAT-006,Design_To_Go_Catalog_v1.2_RC_MANGO_TANGO.xlsx,,isDistributable sin resolver
DQ-OPTION-004:OPTION:OWN-MT-OP-047:isDistributable,DQ-OPTION-004,BLOCKER,OPTION,REVIEW,BULK_RESOLVABLE,OPTION,f02491d6-83e8-4512-8dac-fea83e8f7ffd,WARNING,MIGF-O-018,Llavero,MIG1-CAT-008,Design_To_Go_Catalog_v1.2_RC_MANGO_TANGO.xlsx,,isDistributable sin resolver
DQ-OPTION-004:OPTION:OWN-MT-OP-048:isDistributable,DQ-OPTION-004,BLOCKER,OPTION,REVIEW,BULK_RESOLVABLE,OPTION,d0c2234c-3ade-4abe-9b7c-550cdf61e581,WARNING,MIG2-O-033,Botella,MIG1-CAT-005,Design_To_Go_Catalog_v1.2_RC_MANGO_TANGO.xlsx,,isDistributable sin resolver
DQ-OPTION-004:OPTION:OWN-MT-OP-049:isDistributable,DQ-OPTION-004,BLOCKER,OPTION,REVIEW,BULK_RESOLVABLE,OPTION,67258f6c-a5c2-489e-a522-6294bf89b81b,WARNING,MIGF-O-034,Producto de vidrio con UV DTF,MIG1-CAT-005,Design_To_Go_Catalog_v1.2_RC_MANGO_TANGO.xlsx,,isDistributable sin resolver
DQ-OPTION-004:OPTION:OWN-MT-OP-050:isDistributable,DQ-OPTION-004,BLOCKER,OPTION,REVIEW,BULK_RESOLVABLE,OPTION,12d86084-810b-475a-badd-8847dae143c6,WARNING,MIGF-O-017,Vaso personalizado para eventos,MIG1-CAT-008,Design_To_Go_Catalog_v1.2_RC_MANGO_TANGO.xlsx,,isDistributable sin resolver
DQ-OPTION-004:OPTION:OWN-MT-OP-051:isDistributable,DQ-OPTION-004,BLOCKER,OPTION,REVIEW,BULK_RESOLVABLE,OPTION,d559d44a-2239-468b-8d32-c6b85a455e60,WARNING,MIGF-O-017,Vaso personalizado para eventos,MIG1-CAT-008,Design_To_Go_Catalog_v1.2_RC_MANGO_TANGO.xlsx,,isDistributable sin resolver
DQ-OPTION-004:OPTION:OWN-MT-OP-052:isDistributable,DQ-OPTION-004,BLOCKER,OPTION,REVIEW,BULK_RESOLVABLE,OPTION,0242fc29-867b-4d41-ad48-2f6292ddbce6,WARNING,MIGF-O-017,Vaso personalizado para eventos,MIG1-CAT-008,Design_To_Go_Catalog_v1.2_RC_MANGO_TANGO.xlsx,,isDistributable sin resolver
DQ-OPTION-004:OPTION:OWN-MT-OP-053:isDistributable,DQ-OPTION-004,BLOCKER,OPTION,REVIEW,BULK_RESOLVABLE,OPTION,0177645b-bd56-4efd-98b5-671b3df6a0ad,WARNING,MIG2-O-013,Figura / standee de coroplast,MIG1-CAT-002,Design_To_Go_Catalog_v1.2_RC_MANGO_TANGO.xlsx,,isDistributable sin resolver
DQ-OPTION-004:OPTION:OWN-MT-OP-054:isDistributable,DQ-OPTION-004,BLOCKER,OPTION,REVIEW,BULK_RESOLVABLE,OPTION,b1893435-ac79-468f-a7c9-4ad62f65b1b8,WARNING,MIG2-O-013,Figura / standee de coroplast,MIG1-CAT-002,Design_To_Go_Catalog_v1.2_RC_MANGO_TANGO.xlsx,,isDistributable sin resolver
DQ-OPTION-004:OPTION:OWN-MT-OP-055:isDistributable,DQ-OPTION-004,BLOCKER,OPTION,REVIEW,BULK_RESOLVABLE,OPTION,9bab9011-1986-4112-ad1c-c2af7054cdcf,WARNING,OWN-MT-O-045,Hoja de Coroplast Multi-Cut / múltiples piezas,MIG1-CAT-002,Design_To_Go_Catalog_v1.2_RC_MANGO_TANGO.xlsx,,isDistributable sin resolver
DQ-OPTION-004:OPTION:OWN-MT-OP-056:isDistributable,DQ-OPTION-004,BLOCKER,OPTION,REVIEW,BULK_RESOLVABLE,OPTION,d313f255-85b2-4f54-8ed6-212595f321c2,WARNING,OWN-O-002,Piñata personalizada,MIG1-CAT-008,Design_To_Go_Catalog_v1.2_RC_MANGO_TANGO.xlsx,,isDistributable sin resolver
DQ-OPTION-004:OPTION:OWN-MT-OP-057:isDistributable,DQ-OPTION-004,BLOCKER,OPTION,REVIEW,BULK_RESOLVABLE,OPTION,486989d2-2ee6-4008-908a-01ddc75ee270,WARNING,OWN-O-002,Piñata personalizada,MIG1-CAT-008,Design_To_Go_Catalog_v1.2_RC_MANGO_TANGO.xlsx,,isDistributable sin resolver
DQ-OPTION-004:OPTION:OWN-OP-001:isDistributable,DQ-OPTION-004,BLOCKER,OPTION,REVIEW,OWNER_DECISION_REQUIRED,OPTION,4c3e96ed-3bc5-4b1e-9ccd-aa969b439039,WARNING,MIG1-O-004,Camiseta de algodón cuello redondo,MIG1-CAT-004,Design_To_Go_Catalog_v1.2_RC_MANGO_TANGO.xlsx,D-007:OPEN,isDistributable sin resolver
DQ-OPTION-004:OPTION:OWN-OP-003:isDistributable,DQ-OPTION-004,BLOCKER,OPTION,REVIEW,OWNER_DECISION_REQUIRED,OPTION,f57f4ba7-9198-49fd-b803-643745237496,WARNING,MIG1-O-005,Camiseta Dry Fit / poliéster,MIG1-CAT-004,Design_To_Go_Catalog_v1.2_RC_MANGO_TANGO.xlsx,D-007:OPEN,isDistributable sin resolver
DQ-OPTION-004:OPTION:OWN-OP-005:isDistributable,DQ-OPTION-004,BLOCKER,OPTION,REVIEW,OWNER_DECISION_REQUIRED,OPTION,d10fd560-37f3-457b-bae1-26b37a2bd8e2,WARNING,MIG2-O-017,Polo,MIG1-CAT-004,Design_To_Go_Catalog_v1.2_RC_MANGO_TANGO.xlsx,D-007:OPEN,isDistributable sin resolver
DQ-OPTION-004:OPTION:OWN-OP-011:isDistributable,DQ-OPTION-004,BLOCKER,OPTION,REVIEW,BULK_RESOLVABLE,OPTION,516fd593-aae2-4d98-8f50-f96d96958941,WARNING,MIG2-O-036,Flyers,MIG1-CAT-006,Design_To_Go_Catalog_v1.2_RC_MANGO_TANGO.xlsx,,isDistributable sin resolver
DQ-OPTION-004:OPTION:OWN-OP-012:isDistributable,DQ-OPTION-004,BLOCKER,OPTION,REVIEW,BULK_RESOLVABLE,OPTION,2b27767d-b340-4665-8d3a-427f309529fd,WARNING,MIG2-O-036,Flyers,MIG1-CAT-006,Design_To_Go_Catalog_v1.2_RC_MANGO_TANGO.xlsx,,isDistributable sin resolver
DQ-OPTION-004:OPTION:OWN-OP-013:isDistributable,DQ-OPTION-004,BLOCKER,OPTION,REVIEW,BULK_RESOLVABLE,OPTION,c1f72255-d7f7-4ac0-b457-718589a81cf4,WARNING,MIG2-O-036,Flyers,MIG1-CAT-006,Design_To_Go_Catalog_v1.2_RC_MANGO_TANGO.xlsx,,isDistributable sin resolver
DQ-OPTION-005:OPTION:MIG1-OP-001:values,DQ-OPTION-005,BLOCKER,OPTION,REVIEW,MANUAL_REVIEW,OPTION,8fe5a56e-1c70-4e5c-97a5-1db551bd82ee,WARNING,MIG1-O-008,Tarjeta Tradicional,MIG1-CAT-006,Design_To_Go_Catalog_v1.2_RC_MANGO_TANGO.xlsx,,values sin resolver
DQ-OPTION-005:OPTION:MIG1-OP-002:values,DQ-OPTION-005,BLOCKER,OPTION,REVIEW,MANUAL_REVIEW,OPTION,6785e05d-42c9-47c3-85f8-7618b99db11c,WARNING,MIG1-O-009,Tarjeta Premium / Gloss,MIG1-CAT-006,Design_To_Go_Catalog_v1.2_RC_MANGO_TANGO.xlsx,,values sin resolver
DQ-OPTION-005:OPTION:MIG1-OP-003:values,DQ-OPTION-005,BLOCKER,OPTION,REVIEW,MANUAL_REVIEW,OPTION,661ddc2e-c3f4-42ab-8034-09ad830fe381,WARNING,MIG1-O-003,X-Banner completo,MIG1-CAT-003,Design_To_Go_Catalog_v1.2_RC_MANGO_TANGO.xlsx,,values sin resolver
DQ-OPTION-005:OPTION:MIG1-OP-004:values,DQ-OPTION-005,BLOCKER,OPTION,REVIEW,MANUAL_REVIEW,OPTION,b2b1d166-48f5-4e0e-9f1b-6f2905a4bdca,WARNING,MIG1-O-007,Vaso con tapa y popote,MIG1-CAT-005,Design_To_Go_Catalog_v1.2_RC_MANGO_TANGO.xlsx,,values sin resolver
DQ-OPTION-005:OPTION:MIG2-OP-001:values,DQ-OPTION-005,BLOCKER,OPTION,REVIEW,MANUAL_REVIEW,OPTION,b161fd7a-a1d9-43f2-beaa-b16695a7b305,WARNING,MIG2-O-015,Bandera personalizada,MIG1-CAT-003,Design_To_Go_Catalog_v1.2_RC_MANGO_TANGO.xlsx,,values sin resolver
DQ-OPTION-005:OPTION:MIG2-OP-002:values,DQ-OPTION-005,BLOCKER,OPTION,REVIEW,MANUAL_REVIEW,OPTION,57eaebc4-73aa-40a7-adb4-67899e515c71,WARNING,MIG2-O-016,Roll-Up / Retractable Banner,MIG1-CAT-003,Design_To_Go_Catalog_v1.2_RC_MANGO_TANGO.xlsx,,values sin resolver
DQ-OPTION-005:OPTION:MIG2-OP-003:values,DQ-OPTION-005,BLOCKER,OPTION,REVIEW,OWNER_DECISION_REQUIRED,OPTION,fdb86646-7d75-4005-ae24-9cfad36b181b,WARNING,MIG2-O-039,Menús,MIG1-CAT-006,Design_To_Go_Catalog_v1.2_RC_MANGO_TANGO.xlsx,D-005:OPEN,values sin resolver
DQ-OPTION-005:OPTION:OWN-MT-OP-001:values,DQ-OPTION-005,BLOCKER,OPTION,REVIEW,OWNER_DECISION_REQUIRED,OPTION,08c6ddd6-a0ac-4d47-9b5f-1d0ae0f4a821,WARNING,OWN-MT-O-001,Camisa de vestir personalizada / woven shirt,MIG1-CAT-004,Design_To_Go_Catalog_v1.2_RC_MANGO_TANGO.xlsx,D-005:OPEN,values sin resolver
DQ-OPTION-005:OPTION:OWN-MT-OP-006:values,DQ-OPTION-005,BLOCKER,OPTION,REVIEW,OWNER_DECISION_REQUIRED,OPTION,da67da3e-e0f5-4d35-a3a1-79356f55c984,WARNING,OWN-MT-O-011,Jersey deportivo personalizable,MIG1-CAT-004,Design_To_Go_Catalog_v1.2_RC_MANGO_TANGO.xlsx,D-005:OPEN,values sin resolver
DQ-OPTION-005:OPTION:OWN-MT-OP-007:values,DQ-OPTION-005,BLOCKER,OPTION,REVIEW,OWNER_DECISION_REQUIRED,OPTION,8d051de1-111a-4ce7-9b98-50f2825469bb,WARNING,MIG2-O-021,Uniforme,MIG1-CAT-004,Design_To_Go_Catalog_v1.2_RC_MANGO_TANGO.xlsx,D-005:OPEN,values sin resolver
DQ-OPTION-005:OPTION:OWN-MT-OP-008:values,DQ-OPTION-005,BLOCKER,OPTION,REVIEW,OWNER_DECISION_REQUIRED,OPTION,e07eaec4-ca54-4ccf-8e1a-21e0a05b296a,WARNING,MIG2-O-018,Gorra,MIG2-CAT-002,Design_To_Go_Catalog_v1.2_RC_MANGO_TANGO.xlsx,D-005:OPEN,values sin resolver
DQ-OPTION-005:OPTION:OWN-MT-OP-009:values,DQ-OPTION-005,BLOCKER,OPTION,REVIEW,OWNER_DECISION_REQUIRED,OPTION,ec0079ed-c794-40fc-82a9-80ff5a95b463,WARNING,MIG2-O-018,Gorra,MIG2-CAT-002,Design_To_Go_Catalog_v1.2_RC_MANGO_TANGO.xlsx,D-005:OPEN,values sin resolver
DQ-OPTION-005:OPTION:OWN-MT-OP-010:values,DQ-OPTION-005,BLOCKER,OPTION,REVIEW,OWNER_DECISION_REQUIRED,OPTION,177bda07-56ff-4120-a452-fa85528885e2,WARNING,MIG2-O-018,Gorra,MIG2-CAT-002,Design_To_Go_Catalog_v1.2_RC_MANGO_TANGO.xlsx,D-005:OPEN,values sin resolver
DQ-OPTION-005:OPTION:OWN-MT-OP-011:values,DQ-OPTION-005,BLOCKER,OPTION,REVIEW,OWNER_DECISION_REQUIRED,OPTION,8d840332-a3a4-4fb9-8bb8-ad384d72850a,WARNING,OWN-MT-O-022,Mochila personalizable / backpack,MIG1-CAT-004,Design_To_Go_Catalog_v1.2_RC_MANGO_TANGO.xlsx,D-005:OPEN,values sin resolver
DQ-OPTION-005:OPTION:OWN-MT-OP-012:values,DQ-OPTION-005,BLOCKER,OPTION,REVIEW,OWNER_DECISION_REQUIRED,OPTION,ac94345f-e233-4a30-ae39-38307a3a303a,WARNING,MIG2-O-022,Mandil,MIG1-CAT-004,Design_To_Go_Catalog_v1.2_RC_MANGO_TANGO.xlsx,D-005:OPEN,values sin resolver
DQ-OPTION-005:OPTION:OWN-MT-OP-019:values,DQ-OPTION-005,BLOCKER,OPTION,REVIEW,OWNER_DECISION_REQUIRED,OPTION,c0cff6b3-d6c6-4910-94c9-77daf52f09ef,WARNING,MIGF-O-044,Panel decorativo,MIGF-CAT-001,Design_To_Go_Catalog_v1.2_RC_MANGO_TANGO.xlsx,D-005:OPEN,values sin resolver
DQ-OPTION-005:OPTION:OWN-MT-OP-020:values,DQ-OPTION-005,BLOCKER,OPTION,REVIEW,OWNER_DECISION_REQUIRED,OPTION,f6f724e8-8bc9-4361-a88e-3f2197557afe,WARNING,MIG1-O-011,Mantel personalizado,MIG1-CAT-008,Design_To_Go_Catalog_v1.2_RC_MANGO_TANGO.xlsx,D-005:OPEN,values sin resolver
DQ-OPTION-005:OPTION:OWN-MT-OP-021:values,DQ-OPTION-005,BLOCKER,OPTION,REVIEW,OWNER_DECISION_REQUIRED,OPTION,478343b6-8f42-446f-b43e-30810dbeac11,WARNING,MIG1-O-011,Mantel personalizado,MIG1-CAT-008,Design_To_Go_Catalog_v1.2_RC_MANGO_TANGO.xlsx,D-005:OPEN,values sin resolver
DQ-OPTION-005:OPTION:OWN-MT-OP-022:values,DQ-OPTION-005,BLOCKER,OPTION,REVIEW,OWNER_DECISION_REQUIRED,OPTION,141795ca-5998-4a3e-8dae-6c649d21a265,WARNING,OWN-MT-O-028,Mantel elástico / fitted personalizado,MIG1-CAT-008,Design_To_Go_Catalog_v1.2_RC_MANGO_TANGO.xlsx,D-005:OPEN,values sin resolver
DQ-OPTION-005:OPTION:OWN-MT-OP-023:values,DQ-OPTION-005,BLOCKER,OPTION,REVIEW,OWNER_DECISION_REQUIRED,OPTION,315554bd-0564-46c9-8f35-d5720f04231e,WARNING,OWN-MT-O-029,Decoración personalizada en MDF,MIG1-CAT-008,Design_To_Go_Catalog_v1.2_RC_MANGO_TANGO.xlsx,D-005:OPEN,values sin resolver
DQ-OPTION-005:OPTION:OWN-MT-OP-024:values,DQ-OPTION-005,BLOCKER,OPTION,REVIEW,OWNER_DECISION_REQUIRED,OPTION,d178a72b-bbfb-43d7-bbad-2249d7a364aa,WARNING,OWN-MT-O-029,Decoración personalizada en MDF,MIG1-CAT-008,Design_To_Go_Catalog_v1.2_RC_MANGO_TANGO.xlsx,D-005:OPEN,values sin resolver
DQ-OPTION-005:OPTION:OWN-MT-OP-025:values,DQ-OPTION-005,BLOCKER,OPTION,REVIEW,OWNER_DECISION_REQUIRED,OPTION,b78d623f-4782-4d2f-8fa8-dd8f3bbc5e8c,WARNING,OWN-MT-O-030,Cake topper en MDF,MIG1-CAT-008,Design_To_Go_Catalog_v1.2_RC_MANGO_TANGO.xlsx,D-005:OPEN,values sin resolver
DQ-OPTION-005:OPTION:OWN-MT-OP-026:values,DQ-OPTION-005,BLOCKER,OPTION,REVIEW,OWNER_DECISION_REQUIRED,OPTION,aa541960-277c-442d-8a79-ce3d53462c6d,WARNING,OWN-MT-O-031,Centro de mesa en MDF,MIG1-CAT-008,Design_To_Go_Catalog_v1.2_RC_MANGO_TANGO.xlsx,D-005:OPEN,values sin resolver
DQ-OPTION-005:OPTION:OWN-MT-OP-027:values,DQ-OPTION-005,BLOCKER,OPTION,REVIEW,OWNER_DECISION_REQUIRED,OPTION,2a17729e-c007-4c5e-9b91-f054c1f4576f,WARNING,OWN-MT-O-032,Set / kit de piezas MDF,MIG1-CAT-008,Design_To_Go_Catalog_v1.2_RC_MANGO_TANGO.xlsx,D-005:OPEN,values sin resolver
DQ-OPTION-005:OPTION:OWN-MT-OP-028:values,DQ-OPTION-005,BLOCKER,OPTION,REVIEW,OWNER_DECISION_REQUIRED,OPTION,33357140-4f2d-4fff-9d85-5dcde9bed2be,WARNING,MIGF-O-048,Letrero acrílico,MIG1-CAT-002,Design_To_Go_Catalog_v1.2_RC_MANGO_TANGO.xlsx,D-005:OPEN,values sin resolver
DQ-OPTION-005:OPTION:OWN-MT-OP-029:values,DQ-OPTION-005,BLOCKER,OPTION,REVIEW,OWNER_DECISION_REQUIRED,OPTION,6a16dc55-8c73-455c-a143-f46b4e4c6d41,WARNING,MIGF-O-030,Placa acrílica,MIG1-CAT-009,Design_To_Go_Catalog_v1.2_RC_MANGO_TANGO.xlsx,D-005:OPEN,values sin resolver
DQ-OPTION-005:OPTION:OWN-MT-OP-030:values,DQ-OPTION-005,BLOCKER,OPTION,REVIEW,OWNER_DECISION_REQUIRED,OPTION,32231c40-ed99-412c-8713-8e3a8098ee1a,WARNING,OWN-MT-O-034,Display de mesa de acrílico,MIG1-CAT-002,Design_To_Go_Catalog_v1.2_RC_MANGO_TANGO.xlsx,D-005:OPEN,values sin resolver
DQ-OPTION-005:OPTION:OWN-MT-OP-031:values,DQ-OPTION-005,BLOCKER,OPTION,REVIEW,OWNER_DECISION_REQUIRED,OPTION,24e3ad79-9362-41f3-8bd1-c37774ca1994,WARNING,OWN-MT-O-035,Nombre / plaquita personalizada de acrílico,MIG1-CAT-002,Design_To_Go_Catalog_v1.2_RC_MANGO_TANGO.xlsx,D-005:OPEN,values sin resolver
DQ-OPTION-005:OPTION:OWN-MT-OP-032:values,DQ-OPTION-005,BLOCKER,OPTION,REVIEW,OWNER_DECISION_REQUIRED,OPTION,dfd08c24-d8b4-4cf6-ac62-28782452190d,WARNING,MIGF-O-013,Invitación con acrílico,MIG1-CAT-006,Design_To_Go_Catalog_v1.2_RC_MANGO_TANGO.xlsx,D-005:OPEN,values sin resolver
DQ-OPTION-005:OPTION:OWN-MT-OP-033:values,DQ-OPTION-005,BLOCKER,OPTION,REVIEW,OWNER_DECISION_REQUIRED,OPTION,844677e9-83fd-4eea-a262-dc9f20f8cae0,WARNING,MIGF-O-018,Llavero,MIG1-CAT-008,Design_To_Go_Catalog_v1.2_RC_MANGO_TANGO.xlsx,D-005:OPEN,values sin resolver
DQ-OPTION-005:OPTION:OWN-MT-OP-034:values,DQ-OPTION-005,BLOCKER,OPTION,REVIEW,OWNER_DECISION_REQUIRED,OPTION,e03a148a-9f97-488a-8cff-3e7e53acbb76,WARNING,MIGF-O-018,Llavero,MIG1-CAT-008,Design_To_Go_Catalog_v1.2_RC_MANGO_TANGO.xlsx,D-005:OPEN,values sin resolver
DQ-OPTION-005:OPTION:OWN-MT-OP-035:values,DQ-OPTION-005,BLOCKER,OPTION,REVIEW,OWNER_DECISION_REQUIRED,OPTION,a789d10a-dc0a-4805-b6fb-3a73276393d2,WARNING,MIGF-O-048,Letrero acrílico,MIG1-CAT-002,Design_To_Go_Catalog_v1.2_RC_MANGO_TANGO.xlsx,D-005:OPEN,values sin resolver
DQ-OPTION-005:OPTION:OWN-MT-OP-036:values,DQ-OPTION-005,BLOCKER,OPTION,REVIEW,OWNER_DECISION_REQUIRED,OPTION,11139d7f-8b6b-447c-bc42-c3fad4dbd8d2,WARNING,MIGF-O-030,Placa acrílica,MIG1-CAT-009,Design_To_Go_Catalog_v1.2_RC_MANGO_TANGO.xlsx,D-005:OPEN,values sin resolver
DQ-OPTION-005:OPTION:OWN-MT-OP-037:values,DQ-OPTION-005,BLOCKER,OPTION,REVIEW,OWNER_DECISION_REQUIRED,OPTION,b0280bfd-e76c-4ee4-b67e-dd87757e557e,WARNING,OWN-MT-O-034,Display de mesa de acrílico,MIG1-CAT-002,Design_To_Go_Catalog_v1.2_RC_MANGO_TANGO.xlsx,D-005:OPEN,values sin resolver
DQ-OPTION-005:OPTION:OWN-MT-OP-038:values,DQ-OPTION-005,BLOCKER,OPTION,REVIEW,OWNER_DECISION_REQUIRED,OPTION,2114f910-32de-4fce-be4e-16b09c6c961a,WARNING,OWN-MT-O-035,Nombre / plaquita personalizada de acrílico,MIG1-CAT-002,Design_To_Go_Catalog_v1.2_RC_MANGO_TANGO.xlsx,D-005:OPEN,values sin resolver
DQ-OPTION-005:OPTION:OWN-MT-OP-039:values,DQ-OPTION-005,BLOCKER,OPTION,REVIEW,OWNER_DECISION_REQUIRED,OPTION,f7396f42-5b7d-4a41-86b5-abaf04a2bd6e,WARNING,MIG2-O-060,Topper acrílico,MIG1-CAT-009,Design_To_Go_Catalog_v1.2_RC_MANGO_TANGO.xlsx,D-005:OPEN,values sin resolver
DQ-OPTION-005:OPTION:OWN-MT-OP-040:values,DQ-OPTION-005,BLOCKER,OPTION,REVIEW,OWNER_DECISION_REQUIRED,OPTION,3bcce182-cb09-4a54-ade2-e04bca13bda5,WARNING,OWN-MT-O-036,Centro de mesa de acrílico,MIG1-CAT-002,Design_To_Go_Catalog_v1.2_RC_MANGO_TANGO.xlsx,D-005:OPEN,values sin resolver
DQ-OPTION-005:OPTION:OWN-MT-OP-041:values,DQ-OPTION-005,BLOCKER,OPTION,REVIEW,OWNER_DECISION_REQUIRED,OPTION,26ad561e-dcc5-4603-915c-73ec0f743b2d,WARNING,OWN-MT-O-037,Pieza acrílica para libro de firmas / guest book,MIG1-CAT-002,Design_To_Go_Catalog_v1.2_RC_MANGO_TANGO.xlsx,D-005:OPEN,values sin resolver
DQ-OPTION-005:OPTION:OWN-MT-OP-042:values,DQ-OPTION-005,BLOCKER,OPTION,REVIEW,OWNER_DECISION_REQUIRED,OPTION,e143fa13-1bb6-458f-a26c-5cea9ed0feef,WARNING,OWN-MT-O-038,Imán personalizado de acrílico,MIG1-CAT-002,Design_To_Go_Catalog_v1.2_RC_MANGO_TANGO.xlsx,D-005:OPEN,values sin resolver
DQ-OPTION-005:OPTION:OWN-MT-OP-043:values,DQ-OPTION-005,BLOCKER,OPTION,REVIEW,OWNER_DECISION_REQUIRED,OPTION,c11a25e7-4a00-4f3e-9764-9928b6ae726b,WARNING,OWN-MT-O-039,Ornamento / adorno colgante acrílico,MIG1-CAT-002,Design_To_Go_Catalog_v1.2_RC_MANGO_TANGO.xlsx,D-005:OPEN,values sin resolver
DQ-OPTION-005:OPTION:OWN-MT-OP-044:values,DQ-OPTION-005,BLOCKER,OPTION,REVIEW,OWNER_DECISION_REQUIRED,OPTION,3f33df15-7bb5-49a8-bffb-d473884f6a8f,WARNING,OWN-MT-O-040,Medalla personalizada de acrílico,MIG1-CAT-002,Design_To_Go_Catalog_v1.2_RC_MANGO_TANGO.xlsx,D-005:OPEN,values sin resolver
DQ-OPTION-005:OPTION:OWN-MT-OP-045:values,DQ-OPTION-005,BLOCKER,OPTION,REVIEW,OWNER_DECISION_REQUIRED,OPTION,11324dce-cf33-49d3-b361-c3bc0039b9a7,WARNING,OWN-MT-O-041,Trofeo personalizado de acrílico,MIG1-CAT-002,Design_To_Go_Catalog_v1.2_RC_MANGO_TANGO.xlsx,D-005:OPEN,values sin resolver
DQ-OPTION-005:OPTION:OWN-MT-OP-046:values,DQ-OPTION-005,BLOCKER,OPTION,REVIEW,OWNER_DECISION_REQUIRED,OPTION,c067a934-1d0d-4047-a09f-38737573ede0,WARNING,MIGF-O-013,Invitación con acrílico,MIG1-CAT-006,Design_To_Go_Catalog_v1.2_RC_MANGO_TANGO.xlsx,D-005:OPEN,values sin resolver
DQ-OPTION-005:OPTION:OWN-MT-OP-047:values,DQ-OPTION-005,BLOCKER,OPTION,REVIEW,OWNER_DECISION_REQUIRED,OPTION,f02491d6-83e8-4512-8dac-fea83e8f7ffd,WARNING,MIGF-O-018,Llavero,MIG1-CAT-008,Design_To_Go_Catalog_v1.2_RC_MANGO_TANGO.xlsx,D-005:OPEN,values sin resolver
DQ-OPTION-005:OPTION:OWN-MT-OP-048:values,DQ-OPTION-005,BLOCKER,OPTION,REVIEW,OWNER_DECISION_REQUIRED,OPTION,d0c2234c-3ade-4abe-9b7c-550cdf61e581,WARNING,MIG2-O-033,Botella,MIG1-CAT-005,Design_To_Go_Catalog_v1.2_RC_MANGO_TANGO.xlsx,D-005:OPEN,values sin resolver
DQ-OPTION-005:OPTION:OWN-MT-OP-049:values,DQ-OPTION-005,BLOCKER,OPTION,REVIEW,OWNER_DECISION_REQUIRED,OPTION,67258f6c-a5c2-489e-a522-6294bf89b81b,WARNING,MIGF-O-034,Producto de vidrio con UV DTF,MIG1-CAT-005,Design_To_Go_Catalog_v1.2_RC_MANGO_TANGO.xlsx,D-005:OPEN,values sin resolver
DQ-OPTION-005:OPTION:OWN-MT-OP-050:values,DQ-OPTION-005,BLOCKER,OPTION,REVIEW,MANUAL_REVIEW,OPTION,12d86084-810b-475a-badd-8847dae143c6,WARNING,MIGF-O-017,Vaso personalizado para eventos,MIG1-CAT-008,Design_To_Go_Catalog_v1.2_RC_MANGO_TANGO.xlsx,,values sin resolver
DQ-OPTION-005:OPTION:OWN-MT-OP-053:values,DQ-OPTION-005,BLOCKER,OPTION,REVIEW,OWNER_DECISION_REQUIRED,OPTION,0177645b-bd56-4efd-98b5-671b3df6a0ad,WARNING,MIG2-O-013,Figura / standee de coroplast,MIG1-CAT-002,Design_To_Go_Catalog_v1.2_RC_MANGO_TANGO.xlsx,D-005:OPEN,values sin resolver
DQ-OPTION-005:OPTION:OWN-MT-OP-055:values,DQ-OPTION-005,BLOCKER,OPTION,REVIEW,OWNER_DECISION_REQUIRED,OPTION,9bab9011-1986-4112-ad1c-c2af7054cdcf,WARNING,OWN-MT-O-045,Hoja de Coroplast Multi-Cut / múltiples piezas,MIG1-CAT-002,Design_To_Go_Catalog_v1.2_RC_MANGO_TANGO.xlsx,D-005:OPEN,values sin resolver
DQ-OPTION-005:OPTION:OWN-MT-OP-056:values,DQ-OPTION-005,BLOCKER,OPTION,REVIEW,OWNER_DECISION_REQUIRED,OPTION,d313f255-85b2-4f54-8ed6-212595f321c2,WARNING,OWN-O-002,Piñata personalizada,MIG1-CAT-008,Design_To_Go_Catalog_v1.2_RC_MANGO_TANGO.xlsx,D-005:OPEN,values sin resolver
DQ-OPTION-005:OPTION:OWN-MT-OP-057:values,DQ-OPTION-005,BLOCKER,OPTION,REVIEW,OWNER_DECISION_REQUIRED,OPTION,486989d2-2ee6-4008-908a-01ddc75ee270,WARNING,OWN-O-002,Piñata personalizada,MIG1-CAT-008,Design_To_Go_Catalog_v1.2_RC_MANGO_TANGO.xlsx,D-005:OPEN,values sin resolver
DQ-OPTION-005:OPTION:OWN-OP-001:values,DQ-OPTION-005,BLOCKER,OPTION,REVIEW,MANUAL_REVIEW,OPTION,4c3e96ed-3bc5-4b1e-9ccd-aa969b439039,WARNING,MIG1-O-004,Camiseta de algodón cuello redondo,MIG1-CAT-004,Design_To_Go_Catalog_v1.2_RC_MANGO_TANGO.xlsx,,values sin resolver
DQ-OPTION-005:OPTION:OWN-OP-003:values,DQ-OPTION-005,BLOCKER,OPTION,REVIEW,MANUAL_REVIEW,OPTION,f57f4ba7-9198-49fd-b803-643745237496,WARNING,MIG1-O-005,Camiseta Dry Fit / poliéster,MIG1-CAT-004,Design_To_Go_Catalog_v1.2_RC_MANGO_TANGO.xlsx,,values sin resolver
DQ-OPTION-005:OPTION:OWN-OP-005:values,DQ-OPTION-005,BLOCKER,OPTION,REVIEW,MANUAL_REVIEW,OPTION,d10fd560-37f3-457b-bae1-26b37a2bd8e2,WARNING,MIG2-O-017,Polo,MIG1-CAT-004,Design_To_Go_Catalog_v1.2_RC_MANGO_TANGO.xlsx,,values sin resolver
DQ-OPTION-005:OPTION:OWN-OP-011:values,DQ-OPTION-005,BLOCKER,OPTION,REVIEW,MANUAL_REVIEW,OPTION,516fd593-aae2-4d98-8f50-f96d96958941,WARNING,MIG2-O-036,Flyers,MIG1-CAT-006,Design_To_Go_Catalog_v1.2_RC_MANGO_TANGO.xlsx,,values sin resolver
DQ-OPTION-005:OPTION:OWN-OP-012:values,DQ-OPTION-005,BLOCKER,OPTION,REVIEW,MANUAL_REVIEW,OPTION,2b27767d-b340-4665-8d3a-427f309529fd,WARNING,MIG2-O-036,Flyers,MIG1-CAT-006,Design_To_Go_Catalog_v1.2_RC_MANGO_TANGO.xlsx,,values sin resolver
DQ-OPTION-005:OPTION:OWN-OP-013:values,DQ-OPTION-005,BLOCKER,OPTION,REVIEW,MANUAL_REVIEW,OPTION,c1f72255-d7f7-4ac0-b457-718589a81cf4,WARNING,MIG2-O-036,Flyers,MIG1-CAT-006,Design_To_Go_Catalog_v1.2_RC_MANGO_TANGO.xlsx,,values sin resolver
DQ-PRES-001:PRESENTATION:MIGF-PO-001:locale,DQ-PRES-001,BLOCKER,PRESENTATION,REVIEW,BULK_RESOLVABLE,PRESENTATION,d174c56c-82a3-4d6e-be42-e3e477c0dd4c,WARNING,MIGF-O-010,Invitación para evento,MIG1-CAT-006,Design_To_Go_Catalog_v1.2_RC_MANGO_TANGO.xlsx,,locale sin resolver
DQ-PRES-001:PRESENTATION:MIGF-PO-002:locale,DQ-PRES-001,BLOCKER,PRESENTATION,REVIEW,BULK_RESOLVABLE,PRESENTATION,87b45758-b912-4fc9-b97e-92bd40732ab3,WARNING,MIGF-O-010,Invitación para evento,MIG1-CAT-006,Design_To_Go_Catalog_v1.2_RC_MANGO_TANGO.xlsx,,locale sin resolver
DQ-PRES-001:PRESENTATION:MIGF-PO-003:locale,DQ-PRES-001,BLOCKER,PRESENTATION,REVIEW,BULK_RESOLVABLE,PRESENTATION,812b75a5-c98d-4a52-bad4-c3f5e0d027c4,WARNING,MIGF-O-010,Invitación para evento,MIG1-CAT-006,Design_To_Go_Catalog_v1.2_RC_MANGO_TANGO.xlsx,,locale sin resolver
DQ-PRES-001:PRESENTATION:MIGF-PO-004:locale,DQ-PRES-001,BLOCKER,PRESENTATION,REVIEW,BULK_RESOLVABLE,PRESENTATION,1a9c01a1-be5f-4910-8779-a7d355a635cf,WARNING,MIG2-O-039,Menús,MIG1-CAT-006,Design_To_Go_Catalog_v1.2_RC_MANGO_TANGO.xlsx,,locale sin resolver
DQ-PRES-001:PRESENTATION:MIGF-PO-005:locale,DQ-PRES-001,BLOCKER,PRESENTATION,REVIEW,BULK_RESOLVABLE,PRESENTATION,96bec90d-60f9-4e9f-811b-dd801098fb65,WARNING,MIG2-O-032,Cilindro,MIG1-CAT-005,Design_To_Go_Catalog_v1.2_RC_MANGO_TANGO.xlsx,,locale sin resolver
DQ-PRES-001:PRESENTATION:MIGF-PO-006:locale,DQ-PRES-001,BLOCKER,PRESENTATION,REVIEW,BULK_RESOLVABLE,PRESENTATION,0e5b6eaa-a87c-4117-a839-a61dd683f629,WARNING,MIG2-O-031,Tumbler,MIG1-CAT-005,Design_To_Go_Catalog_v1.2_RC_MANGO_TANGO.xlsx,,locale sin resolver
DQ-PRES-001:PRESENTATION:MIGF-PO-007:locale,DQ-PRES-001,BLOCKER,PRESENTATION,REVIEW,BULK_RESOLVABLE,PRESENTATION,6b70879d-db1f-4b3b-ac3e-44d1d33474e5,WARNING,MIG2-O-026,Lanyard,MIG1-CAT-004,Design_To_Go_Catalog_v1.2_RC_MANGO_TANGO.xlsx,,locale sin resolver
DQ-PRES-001:PRESENTATION:MIGF-PO-008:locale,DQ-PRES-001,BLOCKER,PRESENTATION,REVIEW,BULK_RESOLVABLE,PRESENTATION,a03fbfa9-4d30-45d9-a50d-93c8ba074b0a,WARNING,MIGF-O-021,Merch para eventos,MIG1-CAT-008,Design_To_Go_Catalog_v1.2_RC_MANGO_TANGO.xlsx,,locale sin resolver
DQ-PRES-001:PRESENTATION:MIGF-PO-009:locale,DQ-PRES-001,BLOCKER,PRESENTATION,REVIEW,BULK_RESOLVABLE,PRESENTATION,653100b0-dd08-4996-a832-ec8952576261,WARNING,MIGF-O-021,Merch para eventos,MIG1-CAT-008,Design_To_Go_Catalog_v1.2_RC_MANGO_TANGO.xlsx,,locale sin resolver
DQ-PRES-001:PRESENTATION:MIGF-PO-010:locale,DQ-PRES-001,BLOCKER,PRESENTATION,REVIEW,BULK_RESOLVABLE,PRESENTATION,37364a2d-6d9c-4896-b00b-7346f069e6d7,WARNING,MIGF-O-021,Merch para eventos,MIG1-CAT-008,Design_To_Go_Catalog_v1.2_RC_MANGO_TANGO.xlsx,,locale sin resolver
DQ-PRES-001:PRESENTATION:MIGF-PO-011:locale,DQ-PRES-001,BLOCKER,PRESENTATION,REVIEW,BULK_RESOLVABLE,PRESENTATION,14139ad0-42c9-4aac-aa99-af676ad21d02,WARNING,MIGF-O-047,Impresión para hogar u oficina,MIGF-CAT-001,Design_To_Go_Catalog_v1.2_RC_MANGO_TANGO.xlsx,,locale sin resolver
DQ-PRES-001:PRESENTATION:MIGF-PO-012:locale,DQ-PRES-001,BLOCKER,PRESENTATION,REVIEW,BULK_RESOLVABLE,PRESENTATION,3741187b-e6f8-44fc-b0dc-b34531186432,WARNING,MIGF-O-047,Impresión para hogar u oficina,MIGF-CAT-001,Design_To_Go_Catalog_v1.2_RC_MANGO_TANGO.xlsx,,locale sin resolver
DQ-PRES-002:PRESENTATION:MIGF-PO-001:isDefault,DQ-PRES-002,BLOCKER,PRESENTATION,REVIEW,BULK_RESOLVABLE,PRESENTATION,d174c56c-82a3-4d6e-be42-e3e477c0dd4c,WARNING,MIGF-O-010,Invitación para evento,MIG1-CAT-006,Design_To_Go_Catalog_v1.2_RC_MANGO_TANGO.xlsx,,isDefault sin resolver
DQ-PRES-002:PRESENTATION:MIGF-PO-002:isDefault,DQ-PRES-002,BLOCKER,PRESENTATION,REVIEW,BULK_RESOLVABLE,PRESENTATION,87b45758-b912-4fc9-b97e-92bd40732ab3,WARNING,MIGF-O-010,Invitación para evento,MIG1-CAT-006,Design_To_Go_Catalog_v1.2_RC_MANGO_TANGO.xlsx,,isDefault sin resolver
DQ-PRES-002:PRESENTATION:MIGF-PO-003:isDefault,DQ-PRES-002,BLOCKER,PRESENTATION,REVIEW,BULK_RESOLVABLE,PRESENTATION,812b75a5-c98d-4a52-bad4-c3f5e0d027c4,WARNING,MIGF-O-010,Invitación para evento,MIG1-CAT-006,Design_To_Go_Catalog_v1.2_RC_MANGO_TANGO.xlsx,,isDefault sin resolver
DQ-PRES-002:PRESENTATION:MIGF-PO-004:isDefault,DQ-PRES-002,BLOCKER,PRESENTATION,REVIEW,BULK_RESOLVABLE,PRESENTATION,1a9c01a1-be5f-4910-8779-a7d355a635cf,WARNING,MIG2-O-039,Menús,MIG1-CAT-006,Design_To_Go_Catalog_v1.2_RC_MANGO_TANGO.xlsx,,isDefault sin resolver
DQ-PRES-002:PRESENTATION:MIGF-PO-005:isDefault,DQ-PRES-002,BLOCKER,PRESENTATION,REVIEW,BULK_RESOLVABLE,PRESENTATION,96bec90d-60f9-4e9f-811b-dd801098fb65,WARNING,MIG2-O-032,Cilindro,MIG1-CAT-005,Design_To_Go_Catalog_v1.2_RC_MANGO_TANGO.xlsx,,isDefault sin resolver
DQ-PRES-002:PRESENTATION:MIGF-PO-006:isDefault,DQ-PRES-002,BLOCKER,PRESENTATION,REVIEW,BULK_RESOLVABLE,PRESENTATION,0e5b6eaa-a87c-4117-a839-a61dd683f629,WARNING,MIG2-O-031,Tumbler,MIG1-CAT-005,Design_To_Go_Catalog_v1.2_RC_MANGO_TANGO.xlsx,,isDefault sin resolver
DQ-PRES-002:PRESENTATION:MIGF-PO-007:isDefault,DQ-PRES-002,BLOCKER,PRESENTATION,REVIEW,BULK_RESOLVABLE,PRESENTATION,6b70879d-db1f-4b3b-ac3e-44d1d33474e5,WARNING,MIG2-O-026,Lanyard,MIG1-CAT-004,Design_To_Go_Catalog_v1.2_RC_MANGO_TANGO.xlsx,,isDefault sin resolver
DQ-PRES-002:PRESENTATION:MIGF-PO-008:isDefault,DQ-PRES-002,BLOCKER,PRESENTATION,REVIEW,BULK_RESOLVABLE,PRESENTATION,a03fbfa9-4d30-45d9-a50d-93c8ba074b0a,WARNING,MIGF-O-021,Merch para eventos,MIG1-CAT-008,Design_To_Go_Catalog_v1.2_RC_MANGO_TANGO.xlsx,,isDefault sin resolver
DQ-PRES-002:PRESENTATION:MIGF-PO-009:isDefault,DQ-PRES-002,BLOCKER,PRESENTATION,REVIEW,BULK_RESOLVABLE,PRESENTATION,653100b0-dd08-4996-a832-ec8952576261,WARNING,MIGF-O-021,Merch para eventos,MIG1-CAT-008,Design_To_Go_Catalog_v1.2_RC_MANGO_TANGO.xlsx,,isDefault sin resolver
DQ-PRES-002:PRESENTATION:MIGF-PO-010:isDefault,DQ-PRES-002,BLOCKER,PRESENTATION,REVIEW,BULK_RESOLVABLE,PRESENTATION,37364a2d-6d9c-4896-b00b-7346f069e6d7,WARNING,MIGF-O-021,Merch para eventos,MIG1-CAT-008,Design_To_Go_Catalog_v1.2_RC_MANGO_TANGO.xlsx,,isDefault sin resolver
DQ-PRES-002:PRESENTATION:MIGF-PO-011:isDefault,DQ-PRES-002,BLOCKER,PRESENTATION,REVIEW,BULK_RESOLVABLE,PRESENTATION,14139ad0-42c9-4aac-aa99-af676ad21d02,WARNING,MIGF-O-047,Impresión para hogar u oficina,MIGF-CAT-001,Design_To_Go_Catalog_v1.2_RC_MANGO_TANGO.xlsx,,isDefault sin resolver
DQ-PRES-002:PRESENTATION:MIGF-PO-012:isDefault,DQ-PRES-002,BLOCKER,PRESENTATION,REVIEW,BULK_RESOLVABLE,PRESENTATION,3741187b-e6f8-44fc-b0dc-b34531186432,WARNING,MIGF-O-047,Impresión para hogar u oficina,MIGF-CAT-001,Design_To_Go_Catalog_v1.2_RC_MANGO_TANGO.xlsx,,isDefault sin resolver
DQ-PRICE-003:CATALOG_ITEM:MIGF-O-015:saleUnit,DQ-PRICE-003,BLOCKER,PRICING,PRICING,BULK_RESOLVABLE,CATALOG_ITEM,1c3ecbd6-ddf2-4721-8361-2a6111209c94,WARNING,MIGF-O-015,Imanes para vehículo — par de 2 × 1 ft,MIG1-CAT-009,Design_To_Go_Catalog_v1.2_RC_MANGO_TANGO.xlsx,,tiene precio pero no unidad de venta
DQ-PRICE-005:PRICE:MIGF-O-015|USD|FIXED|Total|MIGF-OP-001=Par&OWN-OP-010=2 × 1 ft:quantity,DQ-PRICE-005,BLOCKER,PRICING,PRICING,OWNER_DECISION_REQUIRED,PRICE,79384922-0613-4eb1-9e58-71df01dc2e7e,WARNING,MIGF-O-015,Imanes para vehículo — par de 2 × 1 ft,MIG1-CAT-009,Design_To_Go_Catalog_v1.2_RC_MANGO_TANGO.xlsx,D-010:OPEN,cantidad o base sin resolver
DQ-PRICE-009:PRICE:MIG1-O-008|USD|EXACT_QUANTITY_MATRIX|Por paquete|MIG1-OP-001=1:validFrom,DQ-PRICE-009,BLOCKER,PRICING,PRICING,BULK_RESOLVABLE,PRICE,c5ac6a01-3d46-4ee9-87c3-3165646d3c66,WARNING,MIG1-O-008,Tarjeta Tradicional,MIG1-CAT-006,Design_To_Go_Catalog_v1.2_RC_MANGO_TANGO.xlsx,,validFrom sin resolver
DQ-PRICE-009:PRICE:MIG1-O-008|USD|EXACT_QUANTITY_MATRIX|Por paquete|MIG1-OP-001=2:validFrom,DQ-PRICE-009,BLOCKER,PRICING,PRICING,BULK_RESOLVABLE,PRICE,0695c869-8a8d-4597-951f-28cd3c84ac86,WARNING,MIG1-O-008,Tarjeta Tradicional,MIG1-CAT-006,Design_To_Go_Catalog_v1.2_RC_MANGO_TANGO.xlsx,,validFrom sin resolver
DQ-PRICE-009:PRICE:MIG1-O-009|USD|EXACT_QUANTITY_MATRIX|Por paquete|MIG1-OP-002=1:validFrom,DQ-PRICE-009,BLOCKER,PRICING,PRICING,BULK_RESOLVABLE,PRICE,456f5e00-8929-4178-b5a9-b4b948483a7d,WARNING,MIG1-O-009,Tarjeta Premium / Gloss,MIG1-CAT-006,Design_To_Go_Catalog_v1.2_RC_MANGO_TANGO.xlsx,,validFrom sin resolver
DQ-PRICE-009:PRICE:MIG1-O-009|USD|EXACT_QUANTITY_MATRIX|Por paquete|MIG1-OP-002=2:validFrom,DQ-PRICE-009,BLOCKER,PRICING,PRICING,BULK_RESOLVABLE,PRICE,af5ee614-eee1-488e-ac5b-0e3f40e5210f,WARNING,MIG1-O-009,Tarjeta Premium / Gloss,MIG1-CAT-006,Design_To_Go_Catalog_v1.2_RC_MANGO_TANGO.xlsx,,validFrom sin resolver
DQ-PRICE-009:PRICE:MIG2-O-036|USD|EXACT_QUANTITY_MATRIX|Por paquete|OWN-OP-011=Bond&OWN-OP-012=1/4 carta&OWN-OP-013=1:validFrom,DQ-PRICE-009,BLOCKER,PRICING,PRICING,BULK_RESOLVABLE,PRICE,14fb1596-e4d1-43d0-970f-c68e26da6222,WARNING,MIG2-O-036,Flyers,MIG1-CAT-006,Design_To_Go_Catalog_v1.2_RC_MANGO_TANGO.xlsx,,validFrom sin resolver
DQ-PRICE-009:PRICE:MIG2-O-036|USD|EXACT_QUANTITY_MATRIX|Por paquete|OWN-OP-011=Bond&OWN-OP-012=Carta&OWN-OP-013=1:validFrom,DQ-PRICE-009,BLOCKER,PRICING,PRICING,BULK_RESOLVABLE,PRICE,7505f510-82c0-4624-b773-9029eaa0eec0,WARNING,MIG2-O-036,Flyers,MIG1-CAT-006,Design_To_Go_Catalog_v1.2_RC_MANGO_TANGO.xlsx,,validFrom sin resolver
DQ-PRICE-009:PRICE:MIG2-O-036|USD|EXACT_QUANTITY_MATRIX|Por paquete|OWN-OP-011=Bond&OWN-OP-012=Media carta&OWN-OP-013=1:validFrom,DQ-PRICE-009,BLOCKER,PRICING,PRICING,BULK_RESOLVABLE,PRICE,f72848bb-473f-4cf8-84ad-f66d7e21a31e,WARNING,MIG2-O-036,Flyers,MIG1-CAT-006,Design_To_Go_Catalog_v1.2_RC_MANGO_TANGO.xlsx,,validFrom sin resolver
DQ-PRICE-009:PRICE:MIG2-O-036|USD|EXACT_QUANTITY_MATRIX|Por paquete|OWN-OP-011=Premium&OWN-OP-012=1/4 carta&OWN-OP-013=1:validFrom,DQ-PRICE-009,BLOCKER,PRICING,PRICING,BULK_RESOLVABLE,PRICE,4f35b634-4a31-4949-aa00-892925fe129d,WARNING,MIG2-O-036,Flyers,MIG1-CAT-006,Design_To_Go_Catalog_v1.2_RC_MANGO_TANGO.xlsx,,validFrom sin resolver
DQ-PRICE-009:PRICE:MIG2-O-036|USD|EXACT_QUANTITY_MATRIX|Por paquete|OWN-OP-011=Premium&OWN-OP-012=1/4 carta&OWN-OP-013=2:validFrom,DQ-PRICE-009,BLOCKER,PRICING,PRICING,BULK_RESOLVABLE,PRICE,c808a60f-fd82-4506-ab50-1b45b0879837,WARNING,MIG2-O-036,Flyers,MIG1-CAT-006,Design_To_Go_Catalog_v1.2_RC_MANGO_TANGO.xlsx,,validFrom sin resolver
DQ-PRICE-009:PRICE:MIG2-O-036|USD|EXACT_QUANTITY_MATRIX|Por paquete|OWN-OP-011=Premium&OWN-OP-012=Carta&OWN-OP-013=1:validFrom,DQ-PRICE-009,BLOCKER,PRICING,PRICING,BULK_RESOLVABLE,PRICE,481f717e-46b3-4a9c-b40c-650fa37d52c6,WARNING,MIG2-O-036,Flyers,MIG1-CAT-006,Design_To_Go_Catalog_v1.2_RC_MANGO_TANGO.xlsx,,validFrom sin resolver
DQ-PRICE-009:PRICE:MIG2-O-036|USD|EXACT_QUANTITY_MATRIX|Por paquete|OWN-OP-011=Premium&OWN-OP-012=Carta&OWN-OP-013=2:validFrom,DQ-PRICE-009,BLOCKER,PRICING,PRICING,BULK_RESOLVABLE,PRICE,f580b9a6-c264-48c5-bf5e-bd4f9bbd0294,WARNING,MIG2-O-036,Flyers,MIG1-CAT-006,Design_To_Go_Catalog_v1.2_RC_MANGO_TANGO.xlsx,,validFrom sin resolver
DQ-PRICE-009:PRICE:MIG2-O-036|USD|EXACT_QUANTITY_MATRIX|Por paquete|OWN-OP-011=Premium&OWN-OP-012=Media carta&OWN-OP-013=1:validFrom,DQ-PRICE-009,BLOCKER,PRICING,PRICING,BULK_RESOLVABLE,PRICE,b013b786-a59a-4422-9a26-af4c4e4c01f2,WARNING,MIG2-O-036,Flyers,MIG1-CAT-006,Design_To_Go_Catalog_v1.2_RC_MANGO_TANGO.xlsx,,validFrom sin resolver
DQ-PRICE-009:PRICE:MIG2-O-036|USD|EXACT_QUANTITY_MATRIX|Por paquete|OWN-OP-011=Premium&OWN-OP-012=Media carta&OWN-OP-013=2:validFrom,DQ-PRICE-009,BLOCKER,PRICING,PRICING,BULK_RESOLVABLE,PRICE,9d19cce7-2f14-4560-a115-fd6411fa9569,WARNING,MIG2-O-036,Flyers,MIG1-CAT-006,Design_To_Go_Catalog_v1.2_RC_MANGO_TANGO.xlsx,,validFrom sin resolver
DQ-PRICE-009:PRICE:MIGF-O-015|USD|FIXED|Total|MIGF-OP-001=Par&OWN-OP-010=2 × 1 ft:validFrom,DQ-PRICE-009,BLOCKER,PRICING,PRICING,BULK_RESOLVABLE,PRICE,79384922-0613-4eb1-9e58-71df01dc2e7e,WARNING,MIGF-O-015,Imanes para vehículo — par de 2 × 1 ft,MIG1-CAT-009,Design_To_Go_Catalog_v1.2_RC_MANGO_TANGO.xlsx,,validFrom sin resolver
DQ-PRICE-010:CATALOG_ITEM:MIG1-O-004:D-008,DQ-PRICE-010,BLOCKER,PRICING,PRICING,OWNER_DECISION_REQUIRED,CATALOG_ITEM,f3e323a7-7fbe-4e7b-b294-eb046bf9b831,WARNING,MIG1-O-004,Camiseta de algodón cuello redondo,MIG1-CAT-004,Design_To_Go_Catalog_v1.2_RC_MANGO_TANGO.xlsx,D-008:OPEN,D-008 abierta
DQ-PRICE-010:CATALOG_ITEM:MIG1-O-005:D-008,DQ-PRICE-010,BLOCKER,PRICING,PRICING,OWNER_DECISION_REQUIRED,CATALOG_ITEM,4f55139c-461f-4c56-b67e-c1102887d805,WARNING,MIG1-O-005,Camiseta Dry Fit / poliéster,MIG1-CAT-004,Design_To_Go_Catalog_v1.2_RC_MANGO_TANGO.xlsx,D-008:OPEN,D-008 abierta
DQ-PRICE-010:CATALOG_ITEM:MIG2-O-017:D-008,DQ-PRICE-010,BLOCKER,PRICING,PRICING,OWNER_DECISION_REQUIRED,CATALOG_ITEM,a52f84c6-018a-417c-9055-8a7537ba766a,WARNING,MIG2-O-017,Polo,MIG1-CAT-004,Design_To_Go_Catalog_v1.2_RC_MANGO_TANGO.xlsx,D-008:OPEN,D-008 abierta
DQ-PRICE-010:CATALOG_ITEM:MIG2-O-019:D-008,DQ-PRICE-010,BLOCKER,PRICING,PRICING,OWNER_DECISION_REQUIRED,CATALOG_ITEM,76bea0f9-1602-4ab6-9a7d-44a1eb0e89e6,WARNING,MIG2-O-019,Tank Top,MIG1-CAT-004,Design_To_Go_Catalog_v1.2_RC_MANGO_TANGO.xlsx,D-008:OPEN,D-008 abierta
DQ-PRICE-010:CATALOG_ITEM:MIG2-O-020:D-008,DQ-PRICE-010,BLOCKER,PRICING,PRICING,OWNER_DECISION_REQUIRED,CATALOG_ITEM,655d525f-dbea-449d-b08d-4d06eaf9213b,WARNING,MIG2-O-020,Hoodie con capucha sin cierre,MIG1-CAT-004,Design_To_Go_Catalog_v1.2_RC_MANGO_TANGO.xlsx,D-008:OPEN,D-008 abierta
DQ-PRICE-010:CATALOG_ITEM:MIG2-O-021:D-008,DQ-PRICE-010,BLOCKER,PRICING,PRICING,OWNER_DECISION_REQUIRED,CATALOG_ITEM,b7ec523f-40e1-461b-bade-a157d2ca665e,WARNING,MIG2-O-021,Uniforme,MIG1-CAT-004,Design_To_Go_Catalog_v1.2_RC_MANGO_TANGO.xlsx,D-008:OPEN,D-008 abierta
DQ-PRICE-010:CATALOG_ITEM:MIGF-O-001:D-008,DQ-PRICE-010,BLOCKER,PRICING,PRICING,OWNER_DECISION_REQUIRED,CATALOG_ITEM,30c20b62-abe5-467f-9b69-4b65933e1892,WARNING,MIGF-O-001,Manga larga,MIG1-CAT-004,Design_To_Go_Catalog_v1.2_RC_MANGO_TANGO.xlsx,D-008:OPEN,D-008 abierta
DQ-PRICE-010:CATALOG_ITEM:MIGF-O-002:D-008,DQ-PRICE-010,BLOCKER,PRICING,PRICING,OWNER_DECISION_REQUIRED,CATALOG_ITEM,e292b4c8-a270-4a4e-b4f8-bda66d9039c6,WARNING,MIGF-O-002,Sweater / sudadera cuello redondo sin capucha,MIG1-CAT-004,Design_To_Go_Catalog_v1.2_RC_MANGO_TANGO.xlsx,D-008:OPEN,D-008 abierta
DQ-PRICE-010:CATALOG_ITEM:MIGF-O-003:D-008,DQ-PRICE-010,BLOCKER,PRICING,PRICING,OWNER_DECISION_REQUIRED,CATALOG_ITEM,258923a2-b5e6-4b4f-9b43-1ee1e827f9b9,WARNING,MIGF-O-003,Sudadera,MIG1-CAT-004,Design_To_Go_Catalog_v1.2_RC_MANGO_TANGO.xlsx,D-008:OPEN,D-008 abierta
DQ-PRICE-010:CATALOG_ITEM:OWN-MT-O-001:D-008,DQ-PRICE-010,BLOCKER,PRICING,PRICING,OWNER_DECISION_REQUIRED,CATALOG_ITEM,17846daf-73a8-4f90-bd8b-4b1f70b78591,WARNING,OWN-MT-O-001,Camisa de vestir personalizada / woven shirt,MIG1-CAT-004,Design_To_Go_Catalog_v1.2_RC_MANGO_TANGO.xlsx,D-008:OPEN,D-008 abierta
DQ-PRICE-010:CATALOG_ITEM:OWN-MT-O-002:D-008,DQ-PRICE-010,BLOCKER,PRICING,PRICING,OWNER_DECISION_REQUIRED,CATALOG_ITEM,86531ac8-0220-406c-8311-04dac99f401e,WARNING,OWN-MT-O-002,Bata de laboratorio personalizada / lab coat,MIG1-CAT-004,Design_To_Go_Catalog_v1.2_RC_MANGO_TANGO.xlsx,D-008:OPEN,D-008 abierta
DQ-PRICE-010:CATALOG_ITEM:OWN-MT-O-003:D-008,DQ-PRICE-010,BLOCKER,PRICING,PRICING,OWNER_DECISION_REQUIRED,CATALOG_ITEM,4557ba5e-bd70-4292-b409-5022fc7370ec,WARNING,OWN-MT-O-003,Scrub top personalizado,MIG1-CAT-004,Design_To_Go_Catalog_v1.2_RC_MANGO_TANGO.xlsx,D-008:OPEN,D-008 abierta
DQ-PRICE-010:CATALOG_ITEM:OWN-MT-O-004:D-008,DQ-PRICE-010,BLOCKER,PRICING,PRICING,OWNER_DECISION_REQUIRED,CATALOG_ITEM,a2e1f427-9d92-4cb2-ac12-b51922366d6e,WARNING,OWN-MT-O-004,Scrub pants personalizado,MIG1-CAT-004,Design_To_Go_Catalog_v1.2_RC_MANGO_TANGO.xlsx,D-008:OPEN,D-008 abierta
DQ-PRICE-010:CATALOG_ITEM:OWN-MT-O-005:D-008,DQ-PRICE-010,BLOCKER,PRICING,PRICING,OWNER_DECISION_REQUIRED,CATALOG_ITEM,6e6fafc3-4e48-4efc-95b3-31028b341a03,WARNING,OWN-MT-O-005,Chaleco de trabajo personalizado,MIG1-CAT-004,Design_To_Go_Catalog_v1.2_RC_MANGO_TANGO.xlsx,D-008:OPEN,D-008 abierta
DQ-PRICE-010:CATALOG_ITEM:OWN-MT-O-006:D-008,DQ-PRICE-010,BLOCKER,PRICING,PRICING,OWNER_DECISION_REQUIRED,CATALOG_ITEM,0f5afd69-6002-430b-b5d6-4880e4adf106,WARNING,OWN-MT-O-006,Camisa de trabajo personalizada,MIG1-CAT-004,Design_To_Go_Catalog_v1.2_RC_MANGO_TANGO.xlsx,D-008:OPEN,D-008 abierta
DQ-PRICE-010:CATALOG_ITEM:OWN-MT-O-007:D-008,DQ-PRICE-010,BLOCKER,PRICING,PRICING,OWNER_DECISION_REQUIRED,CATALOG_ITEM,2855a621-1cc0-42dc-8090-7bb376da28e7,WARNING,OWN-MT-O-007,Pantalón de trabajo personalizado,MIG1-CAT-004,Design_To_Go_Catalog_v1.2_RC_MANGO_TANGO.xlsx,D-008:OPEN,D-008 abierta
DQ-PRICE-010:CATALOG_ITEM:OWN-MT-O-008:D-008,DQ-PRICE-010,BLOCKER,PRICING,PRICING,OWNER_DECISION_REQUIRED,CATALOG_ITEM,66a79226-d85e-447a-96c0-1fc0ecf80d8c,WARNING,OWN-MT-O-008,Overol personalizado,MIG1-CAT-004,Design_To_Go_Catalog_v1.2_RC_MANGO_TANGO.xlsx,D-008:OPEN,D-008 abierta
DQ-PRICE-010:CATALOG_ITEM:OWN-MT-O-009:D-008,DQ-PRICE-010,BLOCKER,PRICING,PRICING,OWNER_DECISION_REQUIRED,CATALOG_ITEM,7654e426-b97f-43d9-adb8-8178a37771f1,WARNING,OWN-MT-O-009,Chamarra / abrigo de trabajo personalizado,MIG1-CAT-004,Design_To_Go_Catalog_v1.2_RC_MANGO_TANGO.xlsx,D-008:OPEN,D-008 abierta
DQ-PRICE-010:CATALOG_ITEM:OWN-MT-O-010:D-008,DQ-PRICE-010,BLOCKER,PRICING,PRICING,OWNER_DECISION_REQUIRED,CATALOG_ITEM,49472b24-621a-40a4-8c5c-4e245cc935a9,WARNING,OWN-MT-O-010,Filipina de chef / chef coat personalizada,MIG1-CAT-004,Design_To_Go_Catalog_v1.2_RC_MANGO_TANGO.xlsx,D-008:OPEN,D-008 abierta
DQ-PRICE-010:CATALOG_ITEM:OWN-MT-O-011:D-008,DQ-PRICE-010,BLOCKER,PRICING,PRICING,OWNER_DECISION_REQUIRED,CATALOG_ITEM,a073731d-7c87-4187-9ebc-0f8f61a273d6,WARNING,OWN-MT-O-011,Jersey deportivo personalizable,MIG1-CAT-004,Design_To_Go_Catalog_v1.2_RC_MANGO_TANGO.xlsx,D-008:OPEN,D-008 abierta
DQ-PRICE-010:CATALOG_ITEM:OWN-O-001:D-008,DQ-PRICE-010,BLOCKER,PRICING,PRICING,OWNER_DECISION_REQUIRED,CATALOG_ITEM,2b2b05c3-1161-4560-b41b-43c6a57e0120,WARNING,OWN-O-001,Zip hoodie — capucha con cierre,MIG1-CAT-004,Design_To_Go_Catalog_v1.2_RC_MANGO_TANGO.xlsx,D-008:OPEN,D-008 abierta
DQ-PRICE-011:CATALOG_ITEM:MIGF-O-015:D-010,DQ-PRICE-011,BLOCKER,PRICING,PRICING,OWNER_DECISION_REQUIRED,CATALOG_ITEM,1c3ecbd6-ddf2-4721-8361-2a6111209c94,WARNING,MIGF-O-015,Imanes para vehículo — par de 2 × 1 ft,MIG1-CAT-009,Design_To_Go_Catalog_v1.2_RC_MANGO_TANGO.xlsx,D-010:OPEN,D-010 abierta
DQ-PRICE-012:CATALOG_ITEM:MIG1-O-020:D-011,DQ-PRICE-012,BLOCKER,PRICING,PRICING,OWNER_DECISION_REQUIRED,CATALOG_ITEM,22bceeee-1f9c-4536-b455-6a7f2443c15f,WARNING,MIG1-O-020,Realtor Sign / Yard Sign 18×24 in,,Design_To_Go_Catalog_v1.2_RC_MANGO_TANGO.xlsx,D-011:OPEN,D-011 abierta
DQ-PRICE-013:CATALOG_ITEM:MIG1-O-008:D-016,DQ-PRICE-013,BLOCKER,PRICING,PRICING,OWNER_DECISION_REQUIRED,CATALOG_ITEM,03b7290f-85af-477e-a141-2e30089618ce,WARNING,MIG1-O-008,Tarjeta Tradicional,MIG1-CAT-006,Design_To_Go_Catalog_v1.2_RC_MANGO_TANGO.xlsx,D-016:OPEN,D-016 abierta
DQ-PRICE-013:CATALOG_ITEM:MIG1-O-009:D-016,DQ-PRICE-013,BLOCKER,PRICING,PRICING,OWNER_DECISION_REQUIRED,CATALOG_ITEM,3dd17a4b-96f6-4f64-a935-f4b216dcfcdc,WARNING,MIG1-O-009,Tarjeta Premium / Gloss,MIG1-CAT-006,Design_To_Go_Catalog_v1.2_RC_MANGO_TANGO.xlsx,D-016:OPEN,D-016 abierta
DQ-PRICE-013:CATALOG_ITEM:MIG2-O-036:D-016,DQ-PRICE-013,BLOCKER,PRICING,PRICING,OWNER_DECISION_REQUIRED,CATALOG_ITEM,60c0e2d1-3ce9-40e2-8e44-11551a9f01f7,WARNING,MIG2-O-036,Flyers,MIG1-CAT-006,Design_To_Go_Catalog_v1.2_RC_MANGO_TANGO.xlsx,D-016:OPEN,D-016 abierta
DQ-PRICE-013:CATALOG_ITEM:MIGF-O-015:D-016,DQ-PRICE-013,BLOCKER,PRICING,PRICING,OWNER_DECISION_REQUIRED,CATALOG_ITEM,1c3ecbd6-ddf2-4721-8361-2a6111209c94,WARNING,MIGF-O-015,Imanes para vehículo — par de 2 × 1 ft,MIG1-CAT-009,Design_To_Go_Catalog_v1.2_RC_MANGO_TANGO.xlsx,D-016:OPEN,D-016 abierta
DQ-PRICE-014:CATALOG_ITEM:MIG1-O-008:D-022,DQ-PRICE-014,BLOCKER,PRICING,PRICING,OWNER_DECISION_REQUIRED,CATALOG_ITEM,03b7290f-85af-477e-a141-2e30089618ce,WARNING,MIG1-O-008,Tarjeta Tradicional,MIG1-CAT-006,Design_To_Go_Catalog_v1.2_RC_MANGO_TANGO.xlsx,D-022:OPEN,D-022 abierta
DQ-PRICE-014:CATALOG_ITEM:MIG1-O-009:D-022,DQ-PRICE-014,BLOCKER,PRICING,PRICING,OWNER_DECISION_REQUIRED,CATALOG_ITEM,3dd17a4b-96f6-4f64-a935-f4b216dcfcdc,WARNING,MIG1-O-009,Tarjeta Premium / Gloss,MIG1-CAT-006,Design_To_Go_Catalog_v1.2_RC_MANGO_TANGO.xlsx,D-022:OPEN,D-022 abierta
DQ-PRICE-014:CATALOG_ITEM:MIG2-O-036:D-022,DQ-PRICE-014,BLOCKER,PRICING,PRICING,OWNER_DECISION_REQUIRED,CATALOG_ITEM,60c0e2d1-3ce9-40e2-8e44-11551a9f01f7,WARNING,MIG2-O-036,Flyers,MIG1-CAT-006,Design_To_Go_Catalog_v1.2_RC_MANGO_TANGO.xlsx,D-022:OPEN,D-022 abierta
DQ-PRICE-014:CATALOG_ITEM:MIGF-O-015:D-022,DQ-PRICE-014,BLOCKER,PRICING,PRICING,OWNER_DECISION_REQUIRED,CATALOG_ITEM,1c3ecbd6-ddf2-4721-8361-2a6111209c94,WARNING,MIGF-O-015,Imanes para vehículo — par de 2 × 1 ft,MIG1-CAT-009,Design_To_Go_Catalog_v1.2_RC_MANGO_TANGO.xlsx,D-022:OPEN,D-022 abierta
DQ-CATALOG-004:CATALOG_ITEM:MIG1-O-001:categoryKey,DQ-CATALOG-004,WARNING,CATEGORY,DOMAIN,BULK_RESOLVABLE,CATALOG_ITEM,f7ba3beb-bb77-4ddf-8968-e1ba54a31ed4,WARNING,MIG1-O-001,Lona impresa,MIG1-CAT-001,Design_To_Go_Catalog_v1.2_RC_MANGO_TANGO.xlsx,,categoría de origen sin mapear
DQ-CATALOG-004:CATALOG_ITEM:MIG1-O-002:categoryKey,DQ-CATALOG-004,WARNING,CATEGORY,DOMAIN,BULK_RESOLVABLE,CATALOG_ITEM,0747bfd8-8988-4b76-b6e7-a2a972b51ac1,WARNING,MIG1-O-002,Coroplast impreso,MIG1-CAT-002,Design_To_Go_Catalog_v1.2_RC_MANGO_TANGO.xlsx,,categoría de origen sin mapear
DQ-CATALOG-004:CATALOG_ITEM:MIG1-O-003:categoryKey,DQ-CATALOG-004,WARNING,CATEGORY,DOMAIN,BULK_RESOLVABLE,CATALOG_ITEM,d33d4d52-dd0f-4a49-b9ba-01980fbb5b0d,WARNING,MIG1-O-003,X-Banner completo,MIG1-CAT-003,Design_To_Go_Catalog_v1.2_RC_MANGO_TANGO.xlsx,,categoría de origen sin mapear
DQ-CATALOG-004:CATALOG_ITEM:MIG1-O-004:categoryKey,DQ-CATALOG-004,WARNING,CATEGORY,DOMAIN,BULK_RESOLVABLE,CATALOG_ITEM,f3e323a7-7fbe-4e7b-b294-eb046bf9b831,WARNING,MIG1-O-004,Camiseta de algodón cuello redondo,MIG1-CAT-004,Design_To_Go_Catalog_v1.2_RC_MANGO_TANGO.xlsx,,categoría de origen sin mapear
DQ-CATALOG-004:CATALOG_ITEM:MIG1-O-005:categoryKey,DQ-CATALOG-004,WARNING,CATEGORY,DOMAIN,BULK_RESOLVABLE,CATALOG_ITEM,4f55139c-461f-4c56-b67e-c1102887d805,WARNING,MIG1-O-005,Camiseta Dry Fit / poliéster,MIG1-CAT-004,Design_To_Go_Catalog_v1.2_RC_MANGO_TANGO.xlsx,,categoría de origen sin mapear
DQ-CATALOG-004:CATALOG_ITEM:MIG1-O-006:categoryKey,DQ-CATALOG-004,WARNING,CATEGORY,DOMAIN,OWNER_DECISION_REQUIRED,CATALOG_ITEM,c5c2cc4d-a89a-4f83-bad9-36fffaf7a6af,WARNING,MIG1-O-006,Portalatas de neopreno / Koozie,MIG1-CAT-004,Design_To_Go_Catalog_v1.2_RC_MANGO_TANGO.xlsx,D-009:OPEN,categoría de origen sin mapear
DQ-CATALOG-004:CATALOG_ITEM:MIG1-O-007:categoryKey,DQ-CATALOG-004,WARNING,CATEGORY,DOMAIN,BULK_RESOLVABLE,CATALOG_ITEM,cdb09b37-7d79-48dc-a2e1-45a220a0b338,WARNING,MIG1-O-007,Vaso con tapa y popote,MIG1-CAT-005,Design_To_Go_Catalog_v1.2_RC_MANGO_TANGO.xlsx,,categoría de origen sin mapear
DQ-CATALOG-004:CATALOG_ITEM:MIG1-O-008:categoryKey,DQ-CATALOG-004,WARNING,CATEGORY,DOMAIN,BULK_RESOLVABLE,CATALOG_ITEM,03b7290f-85af-477e-a141-2e30089618ce,WARNING,MIG1-O-008,Tarjeta Tradicional,MIG1-CAT-006,Design_To_Go_Catalog_v1.2_RC_MANGO_TANGO.xlsx,,categoría de origen sin mapear
DQ-CATALOG-004:CATALOG_ITEM:MIG1-O-009:categoryKey,DQ-CATALOG-004,WARNING,CATEGORY,DOMAIN,BULK_RESOLVABLE,CATALOG_ITEM,3dd17a4b-96f6-4f64-a935-f4b216dcfcdc,WARNING,MIG1-O-009,Tarjeta Premium / Gloss,MIG1-CAT-006,Design_To_Go_Catalog_v1.2_RC_MANGO_TANGO.xlsx,,categoría de origen sin mapear
DQ-CATALOG-004:CATALOG_ITEM:MIG1-O-010:categoryKey,DQ-CATALOG-004,WARNING,CATEGORY,DOMAIN,BULK_RESOLVABLE,CATALOG_ITEM,b601acb7-97bb-4a51-886d-010538a41584,WARNING,MIG1-O-010,Stickers de vinil,MIG1-CAT-007,Design_To_Go_Catalog_v1.2_RC_MANGO_TANGO.xlsx,,categoría de origen sin mapear
DQ-CATALOG-004:CATALOG_ITEM:MIG1-O-011:categoryKey,DQ-CATALOG-004,WARNING,CATEGORY,DOMAIN,BULK_RESOLVABLE,CATALOG_ITEM,c32c25da-32ae-49ac-b8c1-f17cf36d22a4,WARNING,MIG1-O-011,Mantel personalizado,MIG1-CAT-008,Design_To_Go_Catalog_v1.2_RC_MANGO_TANGO.xlsx,,categoría de origen sin mapear
DQ-CATALOG-004:CATALOG_ITEM:MIG1-O-013:categoryKey,DQ-CATALOG-004,WARNING,CATEGORY,DOMAIN,OWNER_DECISION_REQUIRED,CATALOG_ITEM,d8f16ac9-d5cc-417d-8a29-a7f59a5c0699,WARNING,MIG1-O-013,Aplicación UV DTF en vidrio automotriz,MIG1-CAT-009,Design_To_Go_Catalog_v1.2_RC_MANGO_TANGO.xlsx,D-009:OPEN,categoría de origen sin mapear
DQ-CATALOG-004:CATALOG_ITEM:MIG1-O-014:categoryKey,DQ-CATALOG-004,WARNING,CATEGORY,DOMAIN,BULK_RESOLVABLE,CATALOG_ITEM,b9331af8-10b3-44d6-9f73-278a7d9f818f,WARNING,MIG1-O-014,Letrero plano,MIG1-CAT-002,Design_To_Go_Catalog_v1.2_RC_MANGO_TANGO.xlsx,,categoría de origen sin mapear
DQ-CATALOG-004:CATALOG_ITEM:MIG1-O-015:categoryKey,DQ-CATALOG-004,WARNING,CATEGORY,DOMAIN,OWNER_DECISION_REQUIRED,CATALOG_ITEM,382d40d2-fdb3-4b8a-a583-5c6dfc029e95,WARNING,MIG1-O-015,DTF Transfers individuales,,Design_To_Go_Catalog_v1.2_RC_MANGO_TANGO.xlsx,D-009:OPEN,sin categoría de origen
DQ-CATALOG-004:CATALOG_ITEM:MIG1-O-016:categoryKey,DQ-CATALOG-004,WARNING,CATEGORY,DOMAIN,OWNER_DECISION_REQUIRED,CATALOG_ITEM,c2f7ad6a-fa58-440b-8265-64292279476b,WARNING,MIG1-O-016,DTF Gang Sheets,,Design_To_Go_Catalog_v1.2_RC_MANGO_TANGO.xlsx,D-009:OPEN,sin categoría de origen
DQ-CATALOG-004:CATALOG_ITEM:MIG1-O-017:categoryKey,DQ-CATALOG-004,WARNING,CATEGORY,DOMAIN,OWNER_DECISION_REQUIRED,CATALOG_ITEM,39428c80-5c5a-4bc4-be3a-327b282dce8f,WARNING,MIG1-O-017,Playera full print sublimada,,Design_To_Go_Catalog_v1.2_RC_MANGO_TANGO.xlsx,D-009:OPEN,sin categoría de origen
DQ-CATALOG-004:CATALOG_ITEM:MIG1-O-018:categoryKey,DQ-CATALOG-004,WARNING,CATEGORY,DOMAIN,OWNER_DECISION_REQUIRED,CATALOG_ITEM,6fde55d7-598c-48aa-88a7-5a707a946031,WARNING,MIG1-O-018,Aplicación DTF sobre prenda del cliente,,Design_To_Go_Catalog_v1.2_RC_MANGO_TANGO.xlsx,D-009:OPEN,sin categoría de origen
DQ-CATALOG-004:CATALOG_ITEM:MIG1-O-019:categoryKey,DQ-CATALOG-004,WARNING,CATEGORY,DOMAIN,OWNER_DECISION_REQUIRED,CATALOG_ITEM,cda17586-7b04-44e1-a52b-b31554584d39,WARNING,MIG1-O-019,Rotulación vehicular,,Design_To_Go_Catalog_v1.2_RC_MANGO_TANGO.xlsx,D-009:OPEN,sin categoría de origen
DQ-CATALOG-004:CATALOG_ITEM:MIG1-O-020:categoryKey,DQ-CATALOG-004,WARNING,CATEGORY,DOMAIN,OWNER_DECISION_REQUIRED,CATALOG_ITEM,22bceeee-1f9c-4536-b455-6a7f2443c15f,WARNING,MIG1-O-020,Realtor Sign / Yard Sign 18×24 in,,Design_To_Go_Catalog_v1.2_RC_MANGO_TANGO.xlsx,D-009:OPEN,sin categoría de origen
DQ-CATALOG-004:CATALOG_ITEM:MIG1-O-021:categoryKey,DQ-CATALOG-004,WARNING,CATEGORY,DOMAIN,OWNER_DECISION_REQUIRED,CATALOG_ITEM,a2b0293f-ee5f-4fa0-85e5-618eb393b2bb,WARNING,MIG1-O-021,Hardware / stand de X-Banner por separado,,Design_To_Go_Catalog_v1.2_RC_MANGO_TANGO.xlsx,D-009:OPEN,sin categoría de origen
DQ-CATALOG-004:CATALOG_ITEM:MIG2-O-001:categoryKey,DQ-CATALOG-004,WARNING,CATEGORY,DOMAIN,BULK_RESOLVABLE,CATALOG_ITEM,98f23e2a-af65-4db0-a0b9-812bb5710f3d,WARNING,MIG2-O-001,Vinil adhesivo impreso,MIG2-CAT-001,Design_To_Go_Catalog_v1.2_RC_MANGO_TANGO.xlsx,,categoría de origen sin mapear
DQ-CATALOG-004:CATALOG_ITEM:MIG2-O-002:categoryKey,DQ-CATALOG-004,WARNING,CATEGORY,DOMAIN,BULK_RESOLVABLE,CATALOG_ITEM,3ed51429-16a8-4892-89a3-5e862a701009,WARNING,MIG2-O-002,Microperforado,MIG2-CAT-001,Design_To_Go_Catalog_v1.2_RC_MANGO_TANGO.xlsx,,categoría de origen sin mapear
DQ-CATALOG-004:CATALOG_ITEM:MIG2-O-003:categoryKey,DQ-CATALOG-004,WARNING,CATEGORY,DOMAIN,BULK_RESOLVABLE,CATALOG_ITEM,816cc695-311f-45f5-9187-70775bf30a9f,WARNING,MIG2-O-003,Mesh,MIG1-CAT-001,Design_To_Go_Catalog_v1.2_RC_MANGO_TANGO.xlsx,,categoría de origen sin mapear
DQ-CATALOG-004:CATALOG_ITEM:MIG2-O-004:categoryKey,DQ-CATALOG-004,WARNING,CATEGORY,DOMAIN,BULK_RESOLVABLE,CATALOG_ITEM,b82ec1c9-1ab1-42c5-838b-a9202ac7f754,WARNING,MIG2-O-004,Vinil transparente,MIG2-CAT-001,Design_To_Go_Catalog_v1.2_RC_MANGO_TANGO.xlsx,,categoría de origen sin mapear
DQ-CATALOG-004:CATALOG_ITEM:MIG2-O-005:categoryKey,DQ-CATALOG-004,WARNING,CATEGORY,DOMAIN,BULK_RESOLVABLE,CATALOG_ITEM,5c05990c-d896-466d-8a5f-876dcfa577b8,WARNING,MIG2-O-005,Vinil holográfico,MIG2-CAT-001,Design_To_Go_Catalog_v1.2_RC_MANGO_TANGO.xlsx,,categoría de origen sin mapear
DQ-CATALOG-004:CATALOG_ITEM:MIG2-O-006:categoryKey,DQ-CATALOG-004,WARNING,CATEGORY,DOMAIN,BULK_RESOLVABLE,CATALOG_ITEM,bc7107ef-787c-4178-80c1-14b8af48fa64,WARNING,MIG2-O-006,Canvas imprimible,MIG1-CAT-001,Design_To_Go_Catalog_v1.2_RC_MANGO_TANGO.xlsx,,categoría de origen sin mapear
DQ-CATALOG-004:CATALOG_ITEM:MIG2-O-007:categoryKey,DQ-CATALOG-004,WARNING,CATEGORY,DOMAIN,BULK_RESOLVABLE,CATALOG_ITEM,09718f28-c8dc-4d54-acf6-2dd573256683,WARNING,MIG2-O-007,Tela sublimada,MIG1-CAT-001,Design_To_Go_Catalog_v1.2_RC_MANGO_TANGO.xlsx,,categoría de origen sin mapear
DQ-CATALOG-004:CATALOG_ITEM:MIG2-O-008:categoryKey,DQ-CATALOG-004,WARNING,CATEGORY,DOMAIN,BULK_RESOLVABLE,CATALOG_ITEM,1f7b99eb-1397-43bc-9849-93fcfe3e2f39,WARNING,MIG2-O-008,Tela para backdrop,MIG1-CAT-001,Design_To_Go_Catalog_v1.2_RC_MANGO_TANGO.xlsx,,categoría de origen sin mapear
DQ-CATALOG-004:CATALOG_ITEM:MIG2-O-009:categoryKey,DQ-CATALOG-004,WARNING,CATEGORY,DOMAIN,BULK_RESOLVABLE,CATALOG_ITEM,091b71ff-54af-4ca8-9052-1d2f2b15ae1b,WARNING,MIG2-O-009,PVC espumado,MIG1-CAT-002,Design_To_Go_Catalog_v1.2_RC_MANGO_TANGO.xlsx,,categoría de origen sin mapear
DQ-CATALOG-004:CATALOG_ITEM:MIG2-O-010:categoryKey,DQ-CATALOG-004,WARNING,CATEGORY,DOMAIN,BULK_RESOLVABLE,CATALOG_ITEM,dab2fc69-5bc5-4612-ba0a-bad23d14f65c,WARNING,MIG2-O-010,Foamboard,MIG1-CAT-002,Design_To_Go_Catalog_v1.2_RC_MANGO_TANGO.xlsx,,categoría de origen sin mapear
DQ-CATALOG-004:CATALOG_ITEM:MIG2-O-011:categoryKey,DQ-CATALOG-004,WARNING,CATEGORY,DOMAIN,BULK_RESOLVABLE,CATALOG_ITEM,df48f7ea-3f03-4c15-b5a3-496040a7c82f,WARNING,MIG2-O-011,Acrílico impreso,MIG1-CAT-002,Design_To_Go_Catalog_v1.2_RC_MANGO_TANGO.xlsx,,categoría de origen sin mapear
DQ-CATALOG-004:CATALOG_ITEM:MIG2-O-012:categoryKey,DQ-CATALOG-004,WARNING,CATEGORY,DOMAIN,BULK_RESOLVABLE,CATALOG_ITEM,08bf8cdb-01ed-47ff-868a-0b3757f1097d,WARNING,MIG2-O-012,ACM / aluminio compuesto,MIG1-CAT-002,Design_To_Go_Catalog_v1.2_RC_MANGO_TANGO.xlsx,,categoría de origen sin mapear
DQ-CATALOG-004:CATALOG_ITEM:MIG2-O-013:categoryKey,DQ-CATALOG-004,WARNING,CATEGORY,DOMAIN,BULK_RESOLVABLE,CATALOG_ITEM,f3aa0201-c139-4b48-9a44-6215fcaed368,WARNING,MIG2-O-013,Figura / standee de coroplast,MIG1-CAT-002,Design_To_Go_Catalog_v1.2_RC_MANGO_TANGO.xlsx,,categoría de origen sin mapear
DQ-CATALOG-004:CATALOG_ITEM:MIG2-O-014:categoryKey,DQ-CATALOG-004,WARNING,CATEGORY,DOMAIN,BULK_RESOLVABLE,CATALOG_ITEM,b62f0ea2-c558-4c87-97c7-44e04d47e5c1,WARNING,MIG2-O-014,Coroplast por hoja,MIG1-CAT-002,Design_To_Go_Catalog_v1.2_RC_MANGO_TANGO.xlsx,,categoría de origen sin mapear
DQ-CATALOG-004:CATALOG_ITEM:MIG2-O-015:categoryKey,DQ-CATALOG-004,WARNING,CATEGORY,DOMAIN,BULK_RESOLVABLE,CATALOG_ITEM,0fb73030-251e-4fa9-a542-9a8f2cff7343,WARNING,MIG2-O-015,Bandera personalizada,MIG1-CAT-003,Design_To_Go_Catalog_v1.2_RC_MANGO_TANGO.xlsx,,categoría de origen sin mapear
DQ-CATALOG-004:CATALOG_ITEM:MIG2-O-016:categoryKey,DQ-CATALOG-004,WARNING,CATEGORY,DOMAIN,BULK_RESOLVABLE,CATALOG_ITEM,6a0ad3b0-575e-46b5-98cd-842333c0c189,WARNING,MIG2-O-016,Roll-Up / Retractable Banner,MIG1-CAT-003,Design_To_Go_Catalog_v1.2_RC_MANGO_TANGO.xlsx,,categoría de origen sin mapear
DQ-CATALOG-004:CATALOG_ITEM:MIG2-O-017:categoryKey,DQ-CATALOG-004,WARNING,CATEGORY,DOMAIN,BULK_RESOLVABLE,CATALOG_ITEM,a52f84c6-018a-417c-9055-8a7537ba766a,WARNING,MIG2-O-017,Polo,MIG1-CAT-004,Design_To_Go_Catalog_v1.2_RC_MANGO_TANGO.xlsx,,categoría de origen sin mapear
DQ-CATALOG-004:CATALOG_ITEM:MIG2-O-018:categoryKey,DQ-CATALOG-004,WARNING,CATEGORY,DOMAIN,BULK_RESOLVABLE,CATALOG_ITEM,da751fbd-454d-4f7f-b9a2-6738929e09a2,WARNING,MIG2-O-018,Gorra,MIG2-CAT-002,Design_To_Go_Catalog_v1.2_RC_MANGO_TANGO.xlsx,,categoría de origen sin mapear
DQ-CATALOG-004:CATALOG_ITEM:MIG2-O-019:categoryKey,DQ-CATALOG-004,WARNING,CATEGORY,DOMAIN,BULK_RESOLVABLE,CATALOG_ITEM,76bea0f9-1602-4ab6-9a7d-44a1eb0e89e6,WARNING,MIG2-O-019,Tank Top,MIG1-CAT-004,Design_To_Go_Catalog_v1.2_RC_MANGO_TANGO.xlsx,,categoría de origen sin mapear
DQ-CATALOG-004:CATALOG_ITEM:MIG2-O-020:categoryKey,DQ-CATALOG-004,WARNING,CATEGORY,DOMAIN,BULK_RESOLVABLE,CATALOG_ITEM,655d525f-dbea-449d-b08d-4d06eaf9213b,WARNING,MIG2-O-020,Hoodie con capucha sin cierre,MIG1-CAT-004,Design_To_Go_Catalog_v1.2_RC_MANGO_TANGO.xlsx,,categoría de origen sin mapear
DQ-CATALOG-004:CATALOG_ITEM:MIG2-O-021:categoryKey,DQ-CATALOG-004,WARNING,CATEGORY,DOMAIN,BULK_RESOLVABLE,CATALOG_ITEM,b7ec523f-40e1-461b-bade-a157d2ca665e,WARNING,MIG2-O-021,Uniforme,MIG1-CAT-004,Design_To_Go_Catalog_v1.2_RC_MANGO_TANGO.xlsx,,categoría de origen sin mapear
DQ-CATALOG-004:CATALOG_ITEM:MIG2-O-022:categoryKey,DQ-CATALOG-004,WARNING,CATEGORY,DOMAIN,BULK_RESOLVABLE,CATALOG_ITEM,e3b42245-20fc-4f87-bfe4-a1e1dd3f86f2,WARNING,MIG2-O-022,Mandil,MIG1-CAT-004,Design_To_Go_Catalog_v1.2_RC_MANGO_TANGO.xlsx,,categoría de origen sin mapear
DQ-CATALOG-004:CATALOG_ITEM:MIG2-O-023:categoryKey,DQ-CATALOG-004,WARNING,CATEGORY,DOMAIN,BULK_RESOLVABLE,CATALOG_ITEM,434cb6c9-e2e6-41db-ae1a-3e54c87018f7,WARNING,MIG2-O-023,Tote Bag,MIG1-CAT-004,Design_To_Go_Catalog_v1.2_RC_MANGO_TANGO.xlsx,,categoría de origen sin mapear
DQ-CATALOG-004:CATALOG_ITEM:MIG2-O-024:categoryKey,DQ-CATALOG-004,WARNING,CATEGORY,DOMAIN,BULK_RESOLVABLE,CATALOG_ITEM,7aad6692-ba72-4b5b-be8e-df8f98678bde,WARNING,MIG2-O-024,Parche textil,MIG1-CAT-004,Design_To_Go_Catalog_v1.2_RC_MANGO_TANGO.xlsx,,categoría de origen sin mapear
DQ-CATALOG-004:CATALOG_ITEM:MIG2-O-025:categoryKey,DQ-CATALOG-004,WARNING,CATEGORY,DOMAIN,BULK_RESOLVABLE,CATALOG_ITEM,bda53f21-3808-43f7-8998-ea996ac71333,WARNING,MIG2-O-025,Funda para cojín,MIG1-CAT-004,Design_To_Go_Catalog_v1.2_RC_MANGO_TANGO.xlsx,,categoría de origen sin mapear
DQ-CATALOG-004:CATALOG_ITEM:MIG2-O-026:categoryKey,DQ-CATALOG-004,WARNING,CATEGORY,DOMAIN,OWNER_DECISION_REQUIRED,CATALOG_ITEM,bbfaa39c-cd7d-4604-98dc-84f5bebf9da0,WARNING,MIG2-O-026,Lanyard,MIG1-CAT-004,Design_To_Go_Catalog_v1.2_RC_MANGO_TANGO.xlsx,D-009:OPEN,categoría de origen sin mapear
DQ-CATALOG-004:CATALOG_ITEM:MIG2-O-027:categoryKey,DQ-CATALOG-004,WARNING,CATEGORY,DOMAIN,OWNER_DECISION_REQUIRED,CATALOG_ITEM,4c3890d8-8678-4084-a28f-76893e1e7f2c,WARNING,MIG2-O-027,Listón para cabello,MIG1-CAT-004,Design_To_Go_Catalog_v1.2_RC_MANGO_TANGO.xlsx,D-009:OPEN,categoría de origen sin mapear
DQ-CATALOG-004:CATALOG_ITEM:MIG2-O-028:categoryKey,DQ-CATALOG-004,WARNING,CATEGORY,DOMAIN,OWNER_DECISION_REQUIRED,CATALOG_ITEM,abfbceef-bc5b-4ddc-85cd-4dbe425ce6a2,WARNING,MIG2-O-028,Listón personalizado,MIG1-CAT-004,Design_To_Go_Catalog_v1.2_RC_MANGO_TANGO.xlsx,D-009:OPEN,categoría de origen sin mapear
DQ-CATALOG-004:CATALOG_ITEM:MIG2-O-029:categoryKey,DQ-CATALOG-004,WARNING,CATEGORY,DOMAIN,BULK_RESOLVABLE,CATALOG_ITEM,5ce8514e-2bfa-4ed3-983b-3ce399ca70ae,WARNING,MIG2-O-029,Sippy Cup / vaso de chupón,MIG1-CAT-005,Design_To_Go_Catalog_v1.2_RC_MANGO_TANGO.xlsx,,categoría de origen sin mapear
DQ-CATALOG-004:CATALOG_ITEM:MIG2-O-030:categoryKey,DQ-CATALOG-004,WARNING,CATEGORY,DOMAIN,BULK_RESOLVABLE,CATALOG_ITEM,0f1ad375-713f-462a-aa15-e79e696dcdc8,WARNING,MIG2-O-030,Vaso de acero inoxidable,MIG1-CAT-005,Design_To_Go_Catalog_v1.2_RC_MANGO_TANGO.xlsx,,categoría de origen sin mapear
DQ-CATALOG-004:CATALOG_ITEM:MIG2-O-031:categoryKey,DQ-CATALOG-004,WARNING,CATEGORY,DOMAIN,BULK_RESOLVABLE,CATALOG_ITEM,f953531f-5f01-418c-9bc5-30f5dfaaf965,WARNING,MIG2-O-031,Tumbler,MIG1-CAT-005,Design_To_Go_Catalog_v1.2_RC_MANGO_TANGO.xlsx,,categoría de origen sin mapear
DQ-CATALOG-004:CATALOG_ITEM:MIG2-O-032:categoryKey,DQ-CATALOG-004,WARNING,CATEGORY,DOMAIN,BULK_RESOLVABLE,CATALOG_ITEM,a05e34bd-d91f-490c-9d72-cec63cb05721,WARNING,MIG2-O-032,Cilindro,MIG1-CAT-005,Design_To_Go_Catalog_v1.2_RC_MANGO_TANGO.xlsx,,categoría de origen sin mapear
DQ-CATALOG-004:CATALOG_ITEM:MIG2-O-033:categoryKey,DQ-CATALOG-004,WARNING,CATEGORY,DOMAIN,BULK_RESOLVABLE,CATALOG_ITEM,91d2aa6c-fd28-4da9-a35c-76745e47a0f4,WARNING,MIG2-O-033,Botella,MIG1-CAT-005,Design_To_Go_Catalog_v1.2_RC_MANGO_TANGO.xlsx,,categoría de origen sin mapear
DQ-CATALOG-004:CATALOG_ITEM:MIG2-O-034:categoryKey,DQ-CATALOG-004,WARNING,CATEGORY,DOMAIN,BULK_RESOLVABLE,CATALOG_ITEM,8830fd61-9508-47c2-b7e7-0c882a962c10,WARNING,MIG2-O-034,Tarro,MIG1-CAT-005,Design_To_Go_Catalog_v1.2_RC_MANGO_TANGO.xlsx,,categoría de origen sin mapear
DQ-CATALOG-004:CATALOG_ITEM:MIG2-O-035:categoryKey,DQ-CATALOG-004,WARNING,CATEGORY,DOMAIN,BULK_RESOLVABLE,CATALOG_ITEM,ec569dd0-9a0a-4810-b8af-27690e868f37,WARNING,MIG2-O-035,Taza personalizada,MIG1-CAT-005,Design_To_Go_Catalog_v1.2_RC_MANGO_TANGO.xlsx,,categoría de origen sin mapear
DQ-CATALOG-004:CATALOG_ITEM:MIG2-O-036:categoryKey,DQ-CATALOG-004,WARNING,CATEGORY,DOMAIN,BULK_RESOLVABLE,CATALOG_ITEM,60c0e2d1-3ce9-40e2-8e44-11551a9f01f7,WARNING,MIG2-O-036,Flyers,MIG1-CAT-006,Design_To_Go_Catalog_v1.2_RC_MANGO_TANGO.xlsx,,categoría de origen sin mapear
DQ-CATALOG-004:CATALOG_ITEM:MIG2-O-037:categoryKey,DQ-CATALOG-004,WARNING,CATEGORY,DOMAIN,BULK_RESOLVABLE,CATALOG_ITEM,7986a861-66d9-44bc-be34-cb8417fc01c7,WARNING,MIG2-O-037,Tabloides,MIG1-CAT-006,Design_To_Go_Catalog_v1.2_RC_MANGO_TANGO.xlsx,,categoría de origen sin mapear
DQ-CATALOG-004:CATALOG_ITEM:MIG2-O-038:categoryKey,DQ-CATALOG-004,WARNING,CATEGORY,DOMAIN,BULK_RESOLVABLE,CATALOG_ITEM,20392d5c-937a-43a6-b89a-2f28c355fba3,WARNING,MIG2-O-038,Posters,MIG1-CAT-006,Design_To_Go_Catalog_v1.2_RC_MANGO_TANGO.xlsx,,categoría de origen sin mapear
DQ-CATALOG-004:CATALOG_ITEM:MIG2-O-039:categoryKey,DQ-CATALOG-004,WARNING,CATEGORY,DOMAIN,BULK_RESOLVABLE,CATALOG_ITEM,5fa2a453-3877-4740-941d-4d2c0c511c12,WARNING,MIG2-O-039,Menús,MIG1-CAT-006,Design_To_Go_Catalog_v1.2_RC_MANGO_TANGO.xlsx,,categoría de origen sin mapear
DQ-CATALOG-004:CATALOG_ITEM:MIG2-O-040:categoryKey,DQ-CATALOG-004,WARNING,CATEGORY,DOMAIN,BULK_RESOLVABLE,CATALOG_ITEM,e5793b05-cd92-4337-b5c6-97c3ba9c1980,WARNING,MIG2-O-040,Postales,MIG1-CAT-006,Design_To_Go_Catalog_v1.2_RC_MANGO_TANGO.xlsx,,categoría de origen sin mapear
DQ-CATALOG-004:CATALOG_ITEM:MIG2-O-041:categoryKey,DQ-CATALOG-004,WARNING,CATEGORY,DOMAIN,BULK_RESOLVABLE,CATALOG_ITEM,8fabdca1-d5ac-4f90-82a7-2f00aa4ab832,WARNING,MIG2-O-041,Stickers de papel,MIG1-CAT-007,Design_To_Go_Catalog_v1.2_RC_MANGO_TANGO.xlsx,,categoría de origen sin mapear
DQ-CATALOG-004:CATALOG_ITEM:MIG2-O-042:categoryKey,DQ-CATALOG-004,WARNING,CATEGORY,DOMAIN,BULK_RESOLVABLE,CATALOG_ITEM,bc204dde-8aec-4a36-b565-20c84c10f85a,WARNING,MIG2-O-042,Stickers transparentes,MIG1-CAT-007,Design_To_Go_Catalog_v1.2_RC_MANGO_TANGO.xlsx,,categoría de origen sin mapear
DQ-CATALOG-004:CATALOG_ITEM:MIG2-O-043:categoryKey,DQ-CATALOG-004,WARNING,CATEGORY,DOMAIN,BULK_RESOLVABLE,CATALOG_ITEM,53cdb1a7-a42f-4d10-bb82-8cf6a5b6045b,WARNING,MIG2-O-043,Stickers holográficos,MIG1-CAT-007,Design_To_Go_Catalog_v1.2_RC_MANGO_TANGO.xlsx,,categoría de origen sin mapear
DQ-CATALOG-004:CATALOG_ITEM:MIG2-O-044:categoryKey,DQ-CATALOG-004,WARNING,CATEGORY,DOMAIN,BULK_RESOLVABLE,CATALOG_ITEM,b2f08397-b478-4c01-a1ef-14daf3ff85c5,WARNING,MIG2-O-044,Stickers reflectivos,MIG1-CAT-007,Design_To_Go_Catalog_v1.2_RC_MANGO_TANGO.xlsx,,categoría de origen sin mapear
DQ-CATALOG-004:CATALOG_ITEM:MIG2-O-045:categoryKey,DQ-CATALOG-004,WARNING,CATEGORY,DOMAIN,BULK_RESOLVABLE,CATALOG_ITEM,2ee59749-d24f-4c05-8cd7-fc50f8f21c7b,WARNING,MIG2-O-045,Etiquetas para productos,MIG1-CAT-007,Design_To_Go_Catalog_v1.2_RC_MANGO_TANGO.xlsx,,categoría de origen sin mapear
DQ-CATALOG-004:CATALOG_ITEM:MIG2-O-046:categoryKey,DQ-CATALOG-004,WARNING,CATEGORY,DOMAIN,BULK_RESOLVABLE,CATALOG_ITEM,05cfa0b6-4704-41c1-9aa6-c2bb75df7d2d,WARNING,MIG2-O-046,Tarjetas complementarias,MIG1-CAT-006,Design_To_Go_Catalog_v1.2_RC_MANGO_TANGO.xlsx,,categoría de origen sin mapear
DQ-CATALOG-004:CATALOG_ITEM:MIG2-O-047:categoryKey,DQ-CATALOG-004,WARNING,CATEGORY,DOMAIN,BULK_RESOLVABLE,CATALOG_ITEM,44b7c501-d106-4382-baef-c77bd3fdb0b3,WARNING,MIG2-O-047,Seating card / place card,MIG1-CAT-006,Design_To_Go_Catalog_v1.2_RC_MANGO_TANGO.xlsx,,categoría de origen sin mapear
DQ-CATALOG-004:CATALOG_ITEM:MIG2-O-048:categoryKey,DQ-CATALOG-004,WARNING,CATEGORY,DOMAIN,BULK_RESOLVABLE,CATALOG_ITEM,3909563a-f76f-4641-a5ed-90a90ce5f77f,WARNING,MIG2-O-048,Thank-you card,MIG1-CAT-006,Design_To_Go_Catalog_v1.2_RC_MANGO_TANGO.xlsx,,categoría de origen sin mapear
DQ-CATALOG-004:CATALOG_ITEM:MIG2-O-049:categoryKey,DQ-CATALOG-004,WARNING,CATEGORY,DOMAIN,BULK_RESOLVABLE,CATALOG_ITEM,aa7f5c51-7efd-43d9-9dac-067f8cc6b68c,WARNING,MIG2-O-049,A-Sign / A-Frame,MIG1-CAT-003,Design_To_Go_Catalog_v1.2_RC_MANGO_TANGO.xlsx,,categoría de origen sin mapear
DQ-CATALOG-004:CATALOG_ITEM:MIG2-O-050:categoryKey,DQ-CATALOG-004,WARNING,CATEGORY,DOMAIN,BULK_RESOLVABLE,CATALOG_ITEM,4cf9725e-77f5-428b-8e0e-4a907ca863fe,WARNING,MIG2-O-050,Canopy personalizado,MIG1-CAT-003,Design_To_Go_Catalog_v1.2_RC_MANGO_TANGO.xlsx,,categoría de origen sin mapear
DQ-CATALOG-004:CATALOG_ITEM:MIG2-O-051:categoryKey,DQ-CATALOG-004,WARNING,CATEGORY,DOMAIN,BULK_RESOLVABLE,CATALOG_ITEM,ef537735-8f40-40a6-8ecb-193f72015338,WARNING,MIG2-O-051,Pop-Up Display,MIG1-CAT-003,Design_To_Go_Catalog_v1.2_RC_MANGO_TANGO.xlsx,,categoría de origen sin mapear
DQ-CATALOG-004:CATALOG_ITEM:MIG2-O-052:categoryKey,DQ-CATALOG-004,WARNING,CATEGORY,DOMAIN,BULK_RESOLVABLE,CATALOG_ITEM,1ab422ff-9550-4935-ad9a-1e26a479e79a,WARNING,MIG2-O-052,Backdrop,MIG1-CAT-003,Design_To_Go_Catalog_v1.2_RC_MANGO_TANGO.xlsx,,categoría de origen sin mapear
DQ-CATALOG-004:CATALOG_ITEM:MIG2-O-053:categoryKey,DQ-CATALOG-004,WARNING,CATEGORY,DOMAIN,BULK_RESOLVABLE,CATALOG_ITEM,06738188-cce1-433f-90af-7407777d44b8,WARNING,MIG2-O-053,Pulsera personalizada,MIG1-CAT-008,Design_To_Go_Catalog_v1.2_RC_MANGO_TANGO.xlsx,,categoría de origen sin mapear
DQ-CATALOG-004:CATALOG_ITEM:MIG2-O-054:categoryKey,DQ-CATALOG-004,WARNING,CATEGORY,DOMAIN,BULK_RESOLVABLE,CATALOG_ITEM,1e8cd34f-3a0f-4346-b017-d8dd15a01ef6,WARNING,MIG2-O-054,Lentes personalizados,MIG1-CAT-008,Design_To_Go_Catalog_v1.2_RC_MANGO_TANGO.xlsx,,categoría de origen sin mapear
DQ-CATALOG-004:CATALOG_ITEM:MIG2-O-055:categoryKey,DQ-CATALOG-004,WARNING,CATEGORY,DOMAIN,BULK_RESOLVABLE,CATALOG_ITEM,eed68668-1fa5-486c-9a9b-a3398f1e37bd,WARNING,MIG2-O-055,Pantuflas personalizadas,MIG1-CAT-008,Design_To_Go_Catalog_v1.2_RC_MANGO_TANGO.xlsx,,categoría de origen sin mapear
DQ-CATALOG-004:CATALOG_ITEM:MIG2-O-056:categoryKey,DQ-CATALOG-004,WARNING,CATEGORY,DOMAIN,BULK_RESOLVABLE,CATALOG_ITEM,0e76fcf9-3149-4d78-8c38-bf40457b542a,WARNING,MIG2-O-056,Botecito de gel personalizado,MIG1-CAT-008,Design_To_Go_Catalog_v1.2_RC_MANGO_TANGO.xlsx,,categoría de origen sin mapear
DQ-CATALOG-004:CATALOG_ITEM:MIG2-O-057:categoryKey,DQ-CATALOG-004,WARNING,CATEGORY,DOMAIN,BULK_RESOLVABLE,CATALOG_ITEM,50c8d807-64b0-416d-a57f-ba1f2b5a6554,WARNING,MIG2-O-057,Reconocimiento metálico,MIG1-CAT-009,Design_To_Go_Catalog_v1.2_RC_MANGO_TANGO.xlsx,,categoría de origen sin mapear
DQ-CATALOG-004:CATALOG_ITEM:MIG2-O-058:categoryKey,DQ-CATALOG-004,WARNING,CATEGORY,DOMAIN,BULK_RESOLVABLE,CATALOG_ITEM,462ebfa4-826c-4f75-8452-5a4b7c14d2ed,WARNING,MIG2-O-058,Dog Tag,MIG1-CAT-009,Design_To_Go_Catalog_v1.2_RC_MANGO_TANGO.xlsx,,categoría de origen sin mapear
DQ-CATALOG-004:CATALOG_ITEM:MIG2-O-059:categoryKey,DQ-CATALOG-004,WARNING,CATEGORY,DOMAIN,OWNER_DECISION_REQUIRED,CATALOG_ITEM,0409fe62-fe22-472b-b674-b6c060dda34f,WARNING,MIG2-O-059,Pluma personalizada,MIG1-CAT-009,Design_To_Go_Catalog_v1.2_RC_MANGO_TANGO.xlsx,D-009:OPEN,categoría de origen sin mapear
DQ-CATALOG-004:CATALOG_ITEM:MIG2-O-060:categoryKey,DQ-CATALOG-004,WARNING,CATEGORY,DOMAIN,OWNER_DECISION_REQUIRED,CATALOG_ITEM,d0ae2607-ad38-4a99-a335-a17eb1102f21,WARNING,MIG2-O-060,Topper acrílico,MIG1-CAT-009,Design_To_Go_Catalog_v1.2_RC_MANGO_TANGO.xlsx,D-009:OPEN,categoría de origen sin mapear
DQ-CATALOG-004:CATALOG_ITEM:MIG2-O-061:categoryKey,DQ-CATALOG-004,WARNING,CATEGORY,DOMAIN,OWNER_DECISION_REQUIRED,CATALOG_ITEM,49031e46-6487-45d3-97e4-af9784fda4e3,WARNING,MIG2-O-061,Etiqueta rígida,MIG1-CAT-009,Design_To_Go_Catalog_v1.2_RC_MANGO_TANGO.xlsx,D-009:OPEN,categoría de origen sin mapear
DQ-CATALOG-004:CATALOG_ITEM:MIG2-O-062:categoryKey,DQ-CATALOG-004,WARNING,CATEGORY,DOMAIN,OWNER_DECISION_REQUIRED,CATALOG_ITEM,aeea8ab3-ce88-4849-8320-28c55dd08c27,WARNING,MIG2-O-062,Bordado como servicio,,Design_To_Go_Catalog_v1.2_RC_MANGO_TANGO.xlsx,D-009:OPEN,sin categoría de origen
DQ-CATALOG-004:CATALOG_ITEM:MIG2-O-063:categoryKey,DQ-CATALOG-004,WARNING,CATEGORY,DOMAIN,OWNER_DECISION_REQUIRED,CATALOG_ITEM,3abfd4ab-edb7-4ed8-973d-31628e2f6e67,WARNING,MIG2-O-063,Serigrafía como servicio,,Design_To_Go_Catalog_v1.2_RC_MANGO_TANGO.xlsx,D-009:OPEN,sin categoría de origen
DQ-CATALOG-004:CATALOG_ITEM:MIG2-O-064:categoryKey,DQ-CATALOG-004,WARNING,CATEGORY,DOMAIN,OWNER_DECISION_REQUIRED,CATALOG_ITEM,82f475f1-6918-4115-b74b-268dee572cb0,WARNING,MIG2-O-064,Vinil textil / HTV como servicio,,Design_To_Go_Catalog_v1.2_RC_MANGO_TANGO.xlsx,D-009:OPEN,sin categoría de origen
DQ-CATALOG-004:CATALOG_ITEM:MIGF-O-001:categoryKey,DQ-CATALOG-004,WARNING,CATEGORY,DOMAIN,BULK_RESOLVABLE,CATALOG_ITEM,30c20b62-abe5-467f-9b69-4b65933e1892,WARNING,MIGF-O-001,Manga larga,MIG1-CAT-004,Design_To_Go_Catalog_v1.2_RC_MANGO_TANGO.xlsx,,categoría de origen sin mapear
DQ-CATALOG-004:CATALOG_ITEM:MIGF-O-002:categoryKey,DQ-CATALOG-004,WARNING,CATEGORY,DOMAIN,BULK_RESOLVABLE,CATALOG_ITEM,e292b4c8-a270-4a4e-b4f8-bda66d9039c6,WARNING,MIGF-O-002,Sweater / sudadera cuello redondo sin capucha,MIG1-CAT-004,Design_To_Go_Catalog_v1.2_RC_MANGO_TANGO.xlsx,,categoría de origen sin mapear
DQ-CATALOG-004:CATALOG_ITEM:MIGF-O-003:categoryKey,DQ-CATALOG-004,WARNING,CATEGORY,DOMAIN,BULK_RESOLVABLE,CATALOG_ITEM,258923a2-b5e6-4b4f-9b43-1ee1e827f9b9,WARNING,MIGF-O-003,Sudadera,MIG1-CAT-004,Design_To_Go_Catalog_v1.2_RC_MANGO_TANGO.xlsx,,categoría de origen sin mapear
DQ-CATALOG-004:CATALOG_ITEM:MIGF-O-005:categoryKey,DQ-CATALOG-004,WARNING,CATEGORY,DOMAIN,BULK_RESOLVABLE,CATALOG_ITEM,49fd89d7-c8b9-48db-b65e-61b52c6edcdd,WARNING,MIGF-O-005,Vaso de especialidad,MIG1-CAT-005,Design_To_Go_Catalog_v1.2_RC_MANGO_TANGO.xlsx,,categoría de origen sin mapear
DQ-CATALOG-004:CATALOG_ITEM:MIGF-O-006:categoryKey,DQ-CATALOG-004,WARNING,CATEGORY,DOMAIN,BULK_RESOLVABLE,CATALOG_ITEM,f63e4bd5-d4f6-48c9-b1f0-d8ecc752b03d,WARNING,MIGF-O-006,Otros vasos para eventos,MIG1-CAT-005,Design_To_Go_Catalog_v1.2_RC_MANGO_TANGO.xlsx,,categoría de origen sin mapear
DQ-CATALOG-004:CATALOG_ITEM:MIGF-O-007:categoryKey,DQ-CATALOG-004,WARNING,CATEGORY,DOMAIN,BULK_RESOLVABLE,CATALOG_ITEM,c94b3955-e55a-4faa-8026-4db39af0ced2,WARNING,MIGF-O-007,Etiquetas especiales,MIG1-CAT-007,Design_To_Go_Catalog_v1.2_RC_MANGO_TANGO.xlsx,,categoría de origen sin mapear
DQ-CATALOG-004:CATALOG_ITEM:MIGF-O-008:categoryKey,DQ-CATALOG-004,WARNING,CATEGORY,DOMAIN,BULK_RESOLVABLE,CATALOG_ITEM,ba37a66e-7980-4b17-9706-73d8fab10398,WARNING,MIGF-O-008,Invitación sencilla,MIG1-CAT-006,Design_To_Go_Catalog_v1.2_RC_MANGO_TANGO.xlsx,,categoría de origen sin mapear
DQ-CATALOG-004:CATALOG_ITEM:MIGF-O-009:categoryKey,DQ-CATALOG-004,WARNING,CATEGORY,DOMAIN,BULK_RESOLVABLE,CATALOG_ITEM,5505fc33-a933-4065-b10c-4e5cfeeb1d8a,WARNING,MIGF-O-009,Invitación premium,MIG1-CAT-006,Design_To_Go_Catalog_v1.2_RC_MANGO_TANGO.xlsx,,categoría de origen sin mapear
DQ-CATALOG-004:CATALOG_ITEM:MIGF-O-010:categoryKey,DQ-CATALOG-004,WARNING,CATEGORY,DOMAIN,BULK_RESOLVABLE,CATALOG_ITEM,618a495c-470d-4100-8e3f-0b0518a61481,WARNING,MIGF-O-010,Invitación para evento,MIG1-CAT-006,Design_To_Go_Catalog_v1.2_RC_MANGO_TANGO.xlsx,,categoría de origen sin mapear
DQ-CATALOG-004:CATALOG_ITEM:MIGF-O-011:categoryKey,DQ-CATALOG-004,WARNING,CATEGORY,DOMAIN,BULK_RESOLVABLE,CATALOG_ITEM,e3026e0a-b066-4f7e-bfba-5cd4ee9303b4,WARNING,MIGF-O-011,Invitación con sobre,MIG1-CAT-006,Design_To_Go_Catalog_v1.2_RC_MANGO_TANGO.xlsx,,categoría de origen sin mapear
DQ-CATALOG-004:CATALOG_ITEM:MIGF-O-012:categoryKey,DQ-CATALOG-004,WARNING,CATEGORY,DOMAIN,BULK_RESOLVABLE,CATALOG_ITEM,09c5ec5c-1be5-4b4e-ae29-9888e511269f,WARNING,MIGF-O-012,Invitación con sello,MIG1-CAT-006,Design_To_Go_Catalog_v1.2_RC_MANGO_TANGO.xlsx,,categoría de origen sin mapear
DQ-CATALOG-004:CATALOG_ITEM:MIGF-O-013:categoryKey,DQ-CATALOG-004,WARNING,CATEGORY,DOMAIN,BULK_RESOLVABLE,CATALOG_ITEM,44d3971a-3fd5-436f-b566-88827a15afe6,WARNING,MIGF-O-013,Invitación con acrílico,MIG1-CAT-006,Design_To_Go_Catalog_v1.2_RC_MANGO_TANGO.xlsx,,categoría de origen sin mapear
DQ-CATALOG-004:CATALOG_ITEM:MIGF-O-014:categoryKey,DQ-CATALOG-004,WARNING,CATEGORY,DOMAIN,BULK_RESOLVABLE,CATALOG_ITEM,30f76c86-cbfe-4cde-8907-fbf2a7192b92,WARNING,MIGF-O-014,Invitación especial,MIG1-CAT-006,Design_To_Go_Catalog_v1.2_RC_MANGO_TANGO.xlsx,,categoría de origen sin mapear
DQ-CATALOG-004:CATALOG_ITEM:MIGF-O-015:categoryKey,DQ-CATALOG-004,WARNING,CATEGORY,DOMAIN,OWNER_DECISION_REQUIRED,CATALOG_ITEM,1c3ecbd6-ddf2-4721-8361-2a6111209c94,WARNING,MIGF-O-015,Imanes para vehículo — par de 2 × 1 ft,MIG1-CAT-009,Design_To_Go_Catalog_v1.2_RC_MANGO_TANGO.xlsx,D-009:OPEN,categoría de origen sin mapear
DQ-CATALOG-004:CATALOG_ITEM:MIGF-O-016:categoryKey,DQ-CATALOG-004,WARNING,CATEGORY,DOMAIN,BULK_RESOLVABLE,CATALOG_ITEM,dce741db-6dc2-429d-a667-09281f7c2b13,WARNING,MIGF-O-016,Display para evento,MIG1-CAT-003,Design_To_Go_Catalog_v1.2_RC_MANGO_TANGO.xlsx,,categoría de origen sin mapear
DQ-CATALOG-004:CATALOG_ITEM:MIGF-O-017:categoryKey,DQ-CATALOG-004,WARNING,CATEGORY,DOMAIN,BULK_RESOLVABLE,CATALOG_ITEM,1714fc80-71f1-4af0-8d45-d8181a61eefa,WARNING,MIGF-O-017,Vaso personalizado para eventos,MIG1-CAT-008,Design_To_Go_Catalog_v1.2_RC_MANGO_TANGO.xlsx,,categoría de origen sin mapear
DQ-CATALOG-004:CATALOG_ITEM:MIGF-O-018:categoryKey,DQ-CATALOG-004,WARNING,CATEGORY,DOMAIN,BULK_RESOLVABLE,CATALOG_ITEM,fa73d9aa-6019-40d6-b033-b4138c9e00d9,WARNING,MIGF-O-018,Llavero,MIG1-CAT-008,Design_To_Go_Catalog_v1.2_RC_MANGO_TANGO.xlsx,,categoría de origen sin mapear
DQ-CATALOG-004:CATALOG_ITEM:MIGF-O-019:categoryKey,DQ-CATALOG-004,WARNING,CATEGORY,DOMAIN,BULK_RESOLVABLE,CATALOG_ITEM,6d837184-71d6-4bd9-9f73-d9ac4014ae13,WARNING,MIGF-O-019,Bolsita personalizada,MIG1-CAT-008,Design_To_Go_Catalog_v1.2_RC_MANGO_TANGO.xlsx,,categoría de origen sin mapear
DQ-CATALOG-004:CATALOG_ITEM:MIGF-O-020:categoryKey,DQ-CATALOG-004,WARNING,CATEGORY,DOMAIN,BULK_RESOLVABLE,CATALOG_ITEM,c49a68e3-5027-4851-bda7-1a4a3bb66d11,WARNING,MIGF-O-020,Recuerdo personalizado,MIG1-CAT-008,Design_To_Go_Catalog_v1.2_RC_MANGO_TANGO.xlsx,,categoría de origen sin mapear
DQ-CATALOG-004:CATALOG_ITEM:MIGF-O-021:categoryKey,DQ-CATALOG-004,WARNING,CATEGORY,DOMAIN,BULK_RESOLVABLE,CATALOG_ITEM,e96f2e10-9557-48a5-bbe4-795f94ae9bd9,WARNING,MIGF-O-021,Merch para eventos,MIG1-CAT-008,Design_To_Go_Catalog_v1.2_RC_MANGO_TANGO.xlsx,,categoría de origen sin mapear
DQ-CATALOG-004:CATALOG_ITEM:MIGF-O-022:categoryKey,DQ-CATALOG-004,WARNING,CATEGORY,DOMAIN,BULK_RESOLVABLE,CATALOG_ITEM,82cc8b3a-8507-4ad2-b7a4-f00619aa6a99,WARNING,MIGF-O-022,Producto de Merch Store,MIG1-CAT-008,Design_To_Go_Catalog_v1.2_RC_MANGO_TANGO.xlsx,,categoría de origen sin mapear
DQ-CATALOG-004:CATALOG_ITEM:MIGF-O-023:categoryKey,DQ-CATALOG-004,WARNING,CATEGORY,DOMAIN,BULK_RESOLVABLE,CATALOG_ITEM,3fe2798c-15d2-4d40-851b-729ec2d219a1,WARNING,MIGF-O-023,Placa metálica de reconocimiento,MIG1-CAT-009,Design_To_Go_Catalog_v1.2_RC_MANGO_TANGO.xlsx,,categoría de origen sin mapear
DQ-CATALOG-004:CATALOG_ITEM:MIGF-O-024:categoryKey,DQ-CATALOG-004,WARNING,CATEGORY,DOMAIN,BULK_RESOLVABLE,CATALOG_ITEM,acfa406e-8209-4f64-9d9c-4b72f4f45fa2,WARNING,MIGF-O-024,Placa metálica de identificación,MIG1-CAT-009,Design_To_Go_Catalog_v1.2_RC_MANGO_TANGO.xlsx,,categoría de origen sin mapear
DQ-CATALOG-004:CATALOG_ITEM:MIGF-O-025:categoryKey,DQ-CATALOG-004,WARNING,CATEGORY,DOMAIN,BULK_RESOLVABLE,CATALOG_ITEM,c1e385d7-d8be-445a-b9e2-93e1d7f45c4a,WARNING,MIGF-O-025,Placa para trailer,MIG1-CAT-009,Design_To_Go_Catalog_v1.2_RC_MANGO_TANGO.xlsx,,categoría de origen sin mapear
DQ-CATALOG-004:CATALOG_ITEM:MIGF-O-026:categoryKey,DQ-CATALOG-004,WARNING,CATEGORY,DOMAIN,BULK_RESOLVABLE,CATALOG_ITEM,84d3bf80-ec01-4a37-be7e-33fd23d131ca,WARNING,MIGF-O-026,Placa para vehículo,MIG1-CAT-009,Design_To_Go_Catalog_v1.2_RC_MANGO_TANGO.xlsx,,categoría de origen sin mapear
DQ-CATALOG-004:CATALOG_ITEM:MIGF-O-027:categoryKey,DQ-CATALOG-004,WARNING,CATEGORY,DOMAIN,BULK_RESOLVABLE,CATALOG_ITEM,98c8f4ba-4b42-463c-a550-0f5c9a7761ef,WARNING,MIGF-O-027,Tag para maquinaria/equipo,MIG1-CAT-009,Design_To_Go_Catalog_v1.2_RC_MANGO_TANGO.xlsx,,categoría de origen sin mapear
DQ-CATALOG-004:CATALOG_ITEM:MIGF-O-028:categoryKey,DQ-CATALOG-004,WARNING,CATEGORY,DOMAIN,OWNER_DECISION_REQUIRED,CATALOG_ITEM,34ff9275-0b2f-45f8-8f16-4954e245416d,WARNING,MIGF-O-028,Llavero UV DTF,MIG1-CAT-009,Design_To_Go_Catalog_v1.2_RC_MANGO_TANGO.xlsx,D-009:OPEN,categoría de origen sin mapear
DQ-CATALOG-004:CATALOG_ITEM:MIGF-O-029:categoryKey,DQ-CATALOG-004,WARNING,CATEGORY,DOMAIN,OWNER_DECISION_REQUIRED,CATALOG_ITEM,8d33d7ef-713f-4b75-87aa-d236d50ed26d,WARNING,MIGF-O-029,Recuerdo UV DTF,MIG1-CAT-009,Design_To_Go_Catalog_v1.2_RC_MANGO_TANGO.xlsx,D-009:OPEN,categoría de origen sin mapear
DQ-CATALOG-004:CATALOG_ITEM:MIGF-O-030:categoryKey,DQ-CATALOG-004,WARNING,CATEGORY,DOMAIN,OWNER_DECISION_REQUIRED,CATALOG_ITEM,6da84e64-459c-4c18-b028-55b1c41ee985,WARNING,MIGF-O-030,Placa acrílica,MIG1-CAT-009,Design_To_Go_Catalog_v1.2_RC_MANGO_TANGO.xlsx,D-009:OPEN,categoría de origen sin mapear
DQ-CATALOG-004:CATALOG_ITEM:MIGF-O-031:categoryKey,DQ-CATALOG-004,WARNING,CATEGORY,DOMAIN,OWNER_DECISION_REQUIRED,CATALOG_ITEM,c3460301-17af-42b3-8c6a-af237966f528,WARNING,MIGF-O-031,Placa para puerta,MIG1-CAT-009,Design_To_Go_Catalog_v1.2_RC_MANGO_TANGO.xlsx,D-009:OPEN,categoría de origen sin mapear
DQ-CATALOG-004:CATALOG_ITEM:MIGF-O-032:categoryKey,DQ-CATALOG-004,WARNING,CATEGORY,DOMAIN,OWNER_DECISION_REQUIRED,CATALOG_ITEM,14820be7-d46e-40bc-8adb-802b0709da84,WARNING,MIGF-O-032,Placa para buzón,MIG1-CAT-009,Design_To_Go_Catalog_v1.2_RC_MANGO_TANGO.xlsx,D-009:OPEN,categoría de origen sin mapear
DQ-CATALOG-004:CATALOG_ITEM:MIGF-O-033:categoryKey,DQ-CATALOG-004,WARNING,CATEGORY,DOMAIN,OWNER_DECISION_REQUIRED,CATALOG_ITEM,5f579223-8b48-42cc-be8d-c09b419ea3cd,WARNING,MIGF-O-033,Vaso con UV DTF,MIG1-CAT-009,Design_To_Go_Catalog_v1.2_RC_MANGO_TANGO.xlsx,D-009:OPEN,categoría de origen sin mapear
DQ-CATALOG-004:CATALOG_ITEM:MIGF-O-034:categoryKey,DQ-CATALOG-004,WARNING,CATEGORY,DOMAIN,BULK_RESOLVABLE,CATALOG_ITEM,b8c28f67-5a24-4b00-ab9a-ffa470e1560e,WARNING,MIGF-O-034,Producto de vidrio con UV DTF,MIG1-CAT-005,Design_To_Go_Catalog_v1.2_RC_MANGO_TANGO.xlsx,,categoría de origen sin mapear
DQ-CATALOG-004:CATALOG_ITEM:MIGF-O-035:categoryKey,DQ-CATALOG-004,WARNING,CATEGORY,DOMAIN,OWNER_DECISION_REQUIRED,CATALOG_ITEM,bc315c28-ae23-48ac-bab1-94d15c77c95d,WARNING,MIGF-O-035,Producto metálico con UV DTF,MIG1-CAT-009,Design_To_Go_Catalog_v1.2_RC_MANGO_TANGO.xlsx,D-009:OPEN,categoría de origen sin mapear
DQ-CATALOG-004:CATALOG_ITEM:MIGF-O-036:categoryKey,DQ-CATALOG-004,WARNING,CATEGORY,DOMAIN,OWNER_DECISION_REQUIRED,CATALOG_ITEM,ca990509-a48b-4d11-a004-179af451c6c2,WARNING,MIGF-O-036,Producto plástico con UV DTF,MIG1-CAT-009,Design_To_Go_Catalog_v1.2_RC_MANGO_TANGO.xlsx,D-009:OPEN,categoría de origen sin mapear
DQ-CATALOG-004:CATALOG_ITEM:MIGF-O-037:categoryKey,DQ-CATALOG-004,WARNING,CATEGORY,DOMAIN,OWNER_DECISION_REQUIRED,CATALOG_ITEM,14ec6bc9-4d04-4899-b3bd-d4cbe8d022c5,WARNING,MIGF-O-037,Producto de madera compatible con UV DTF,MIG1-CAT-009,Design_To_Go_Catalog_v1.2_RC_MANGO_TANGO.xlsx,D-009:OPEN,categoría de origen sin mapear
DQ-CATALOG-004:CATALOG_ITEM:MIGF-O-038:categoryKey,DQ-CATALOG-004,WARNING,CATEGORY,DOMAIN,OWNER_DECISION_REQUIRED,CATALOG_ITEM,5593c543-a338-4e9f-9005-1243d23b8453,WARNING,MIGF-O-038,Ampliación fotográfica,MIGF-CAT-001,Design_To_Go_Catalog_v1.2_RC_MANGO_TANGO.xlsx,D-009:OPEN,categoría de origen sin mapear
DQ-CATALOG-004:CATALOG_ITEM:MIGF-O-039:categoryKey,DQ-CATALOG-004,WARNING,CATEGORY,DOMAIN,OWNER_DECISION_REQUIRED,CATALOG_ITEM,4231552f-5562-4fa3-8883-d9883360cce0,WARNING,MIGF-O-039,Canvas fotográfico,MIGF-CAT-001,Design_To_Go_Catalog_v1.2_RC_MANGO_TANGO.xlsx,D-009:OPEN,categoría de origen sin mapear
DQ-CATALOG-004:CATALOG_ITEM:MIGF-O-040:categoryKey,DQ-CATALOG-004,WARNING,CATEGORY,DOMAIN,OWNER_DECISION_REQUIRED,CATALOG_ITEM,1e0d4068-8c08-4c5f-bb99-e0f4a598bf3c,WARNING,MIGF-O-040,Cuadro de acrílico,MIGF-CAT-001,Design_To_Go_Catalog_v1.2_RC_MANGO_TANGO.xlsx,D-009:OPEN,categoría de origen sin mapear
DQ-CATALOG-004:CATALOG_ITEM:MIGF-O-041:categoryKey,DQ-CATALOG-004,WARNING,CATEGORY,DOMAIN,OWNER_DECISION_REQUIRED,CATALOG_ITEM,af2db983-181c-4510-8fd9-0a846cda7f39,WARNING,MIGF-O-041,Cuadro con protección UV,MIGF-CAT-001,Design_To_Go_Catalog_v1.2_RC_MANGO_TANGO.xlsx,D-009:OPEN,categoría de origen sin mapear
DQ-CATALOG-004:CATALOG_ITEM:MIGF-O-042:categoryKey,DQ-CATALOG-004,WARNING,CATEGORY,DOMAIN,OWNER_DECISION_REQUIRED,CATALOG_ITEM,2dbe1646-c6c6-4f48-aea5-cccc80919f6d,WARNING,MIGF-O-042,Cuadro con marco,MIGF-CAT-001,Design_To_Go_Catalog_v1.2_RC_MANGO_TANGO.xlsx,D-009:OPEN,categoría de origen sin mapear
DQ-CATALOG-004:CATALOG_ITEM:MIGF-O-043:categoryKey,DQ-CATALOG-004,WARNING,CATEGORY,DOMAIN,OWNER_DECISION_REQUIRED,CATALOG_ITEM,e6416604-95c6-474e-b3ea-6c7165f8b78a,WARNING,MIGF-O-043,Fotografía montada,MIGF-CAT-001,Design_To_Go_Catalog_v1.2_RC_MANGO_TANGO.xlsx,D-009:OPEN,categoría de origen sin mapear
DQ-CATALOG-004:CATALOG_ITEM:MIGF-O-044:categoryKey,DQ-CATALOG-004,WARNING,CATEGORY,DOMAIN,OWNER_DECISION_REQUIRED,CATALOG_ITEM,3bffae0f-3bbb-428b-84bb-12996f340e66,WARNING,MIGF-O-044,Panel decorativo,MIGF-CAT-001,Design_To_Go_Catalog_v1.2_RC_MANGO_TANGO.xlsx,D-009:OPEN,categoría de origen sin mapear
DQ-CATALOG-004:CATALOG_ITEM:MIGF-O-045:categoryKey,DQ-CATALOG-004,WARNING,CATEGORY,DOMAIN,OWNER_DECISION_REQUIRED,CATALOG_ITEM,2ba60e63-7607-4f15-bba0-16d34a4a399a,WARNING,MIGF-O-045,Tríptico decorativo,MIGF-CAT-001,Design_To_Go_Catalog_v1.2_RC_MANGO_TANGO.xlsx,D-009:OPEN,categoría de origen sin mapear
DQ-CATALOG-004:CATALOG_ITEM:MIGF-O-046:categoryKey,DQ-CATALOG-004,WARNING,CATEGORY,DOMAIN,OWNER_DECISION_REQUIRED,CATALOG_ITEM,be3f8a21-df33-4d98-982c-a3c9239b23a9,WARNING,MIGF-O-046,Cuadro decorativo,MIGF-CAT-001,Design_To_Go_Catalog_v1.2_RC_MANGO_TANGO.xlsx,D-009:OPEN,categoría de origen sin mapear
DQ-CATALOG-004:CATALOG_ITEM:MIGF-O-047:categoryKey,DQ-CATALOG-004,WARNING,CATEGORY,DOMAIN,OWNER_DECISION_REQUIRED,CATALOG_ITEM,8590ea66-8835-4f98-a860-5dbf5920c03f,WARNING,MIGF-O-047,Impresión para hogar u oficina,MIGF-CAT-001,Design_To_Go_Catalog_v1.2_RC_MANGO_TANGO.xlsx,D-009:OPEN,categoría de origen sin mapear
DQ-CATALOG-004:CATALOG_ITEM:MIGF-O-048:categoryKey,DQ-CATALOG-004,WARNING,CATEGORY,DOMAIN,BULK_RESOLVABLE,CATALOG_ITEM,8a20349b-731c-408d-9d92-628414050727,WARNING,MIGF-O-048,Letrero acrílico,MIG1-CAT-002,Design_To_Go_Catalog_v1.2_RC_MANGO_TANGO.xlsx,,categoría de origen sin mapear
DQ-CATALOG-004:CATALOG_ITEM:MIGF-O-049:categoryKey,DQ-CATALOG-004,WARNING,CATEGORY,DOMAIN,BULK_RESOLVABLE,CATALOG_ITEM,481cfecb-f316-4ade-9ff5-210518637e73,WARNING,MIGF-O-049,Letrero espumado,MIG1-CAT-002,Design_To_Go_Catalog_v1.2_RC_MANGO_TANGO.xlsx,,categoría de origen sin mapear
DQ-CATALOG-004:CATALOG_ITEM:MIGF-O-050:categoryKey,DQ-CATALOG-004,WARNING,CATEGORY,DOMAIN,BULK_RESOLVABLE,CATALOG_ITEM,02f26b01-746d-498c-a9e4-db4e0150acb7,WARNING,MIGF-O-050,Letras dimensionales,MIG1-CAT-002,Design_To_Go_Catalog_v1.2_RC_MANGO_TANGO.xlsx,,categoría de origen sin mapear
DQ-CATALOG-004:CATALOG_ITEM:MIGF-O-051:categoryKey,DQ-CATALOG-004,WARNING,CATEGORY,DOMAIN,BULK_RESOLVABLE,CATALOG_ITEM,f470effa-3765-420c-ac37-76c5315cbf77,WARNING,MIGF-O-051,Letras 3D,MIG1-CAT-002,Design_To_Go_Catalog_v1.2_RC_MANGO_TANGO.xlsx,,categoría de origen sin mapear
DQ-CATALOG-004:CATALOG_ITEM:MIGF-O-052:categoryKey,DQ-CATALOG-004,WARNING,CATEGORY,DOMAIN,BULK_RESOLVABLE,CATALOG_ITEM,af852293-515d-40d8-a507-404edc919d9b,WARNING,MIGF-O-052,Neon Flex / neón frío,MIG1-CAT-002,Design_To_Go_Catalog_v1.2_RC_MANGO_TANGO.xlsx,,categoría de origen sin mapear
DQ-CATALOG-004:CATALOG_ITEM:MIGF-O-053:categoryKey,DQ-CATALOG-004,WARNING,CATEGORY,DOMAIN,BULK_RESOLVABLE,CATALOG_ITEM,64d172d6-0f60-4889-8b81-7b94027a6a75,WARNING,MIGF-O-053,Channel Letters,MIG1-CAT-002,Design_To_Go_Catalog_v1.2_RC_MANGO_TANGO.xlsx,,categoría de origen sin mapear
DQ-CATALOG-004:CATALOG_ITEM:MIGF-O-054:categoryKey,DQ-CATALOG-004,WARNING,CATEGORY,DOMAIN,BULK_RESOLVABLE,CATALOG_ITEM,ec5cb9f1-9901-4734-a275-c2f6f04a5f1c,WARNING,MIGF-O-054,Caja de luz,MIG1-CAT-002,Design_To_Go_Catalog_v1.2_RC_MANGO_TANGO.xlsx,,categoría de origen sin mapear
DQ-CATALOG-004:CATALOG_ITEM:MIGF-O-055:categoryKey,DQ-CATALOG-004,WARNING,CATEGORY,DOMAIN,BULK_RESOLVABLE,CATALOG_ITEM,a4cf2269-689c-45f7-b2a3-cb123e504b49,WARNING,MIGF-O-055,Letras iluminadas,MIG1-CAT-002,Design_To_Go_Catalog_v1.2_RC_MANGO_TANGO.xlsx,,categoría de origen sin mapear
DQ-CATALOG-004:CATALOG_ITEM:MIGF-O-056:categoryKey,DQ-CATALOG-004,WARNING,CATEGORY,DOMAIN,BULK_RESOLVABLE,CATALOG_ITEM,1bc31cc1-0713-450b-b6bc-4998560419a3,WARNING,MIGF-O-056,Señalización interior,MIG1-CAT-002,Design_To_Go_Catalog_v1.2_RC_MANGO_TANGO.xlsx,,categoría de origen sin mapear
DQ-CATALOG-004:CATALOG_ITEM:MIGF-O-057:categoryKey,DQ-CATALOG-004,WARNING,CATEGORY,DOMAIN,BULK_RESOLVABLE,CATALOG_ITEM,4bd877ed-f1a8-43df-9bee-9884c7b1a864,WARNING,MIGF-O-057,Señalización exterior,MIG1-CAT-002,Design_To_Go_Catalog_v1.2_RC_MANGO_TANGO.xlsx,,categoría de origen sin mapear
DQ-CATALOG-004:CATALOG_ITEM:MIGF-O-058:categoryKey,DQ-CATALOG-004,WARNING,CATEGORY,DOMAIN,BULK_RESOLVABLE,CATALOG_ITEM,1acb7934-864b-4d6d-8b51-f13a59dbeaf8,WARNING,MIGF-O-058,Letrero corporativo,MIG1-CAT-002,Design_To_Go_Catalog_v1.2_RC_MANGO_TANGO.xlsx,,categoría de origen sin mapear
DQ-CATALOG-004:CATALOG_ITEM:MIGF-O-059:categoryKey,DQ-CATALOG-004,WARNING,CATEGORY,DOMAIN,BULK_RESOLVABLE,CATALOG_ITEM,8e0e07dc-5e32-40cb-9183-09dd0de96fa4,WARNING,MIGF-O-059,Directorio,MIG1-CAT-002,Design_To_Go_Catalog_v1.2_RC_MANGO_TANGO.xlsx,,categoría de origen sin mapear
DQ-CATALOG-004:CATALOG_ITEM:MIGF-O-060:categoryKey,DQ-CATALOG-004,WARNING,CATEGORY,DOMAIN,BULK_RESOLVABLE,CATALOG_ITEM,6f36b450-afea-4962-963f-6ca25b555b41,WARNING,MIGF-O-060,Placa señalética,MIG1-CAT-002,Design_To_Go_Catalog_v1.2_RC_MANGO_TANGO.xlsx,,categoría de origen sin mapear
DQ-CATALOG-004:CATALOG_ITEM:MIGF-O-061:categoryKey,DQ-CATALOG-004,WARNING,CATEGORY,DOMAIN,BULK_RESOLVABLE,CATALOG_ITEM,19a6a0f6-a5a6-427c-abf3-25fee4727802,WARNING,MIGF-O-061,Señalización comercial,MIG1-CAT-002,Design_To_Go_Catalog_v1.2_RC_MANGO_TANGO.xlsx,,categoría de origen sin mapear
DQ-CATALOG-004:CATALOG_ITEM:MIGF-O-062:categoryKey,DQ-CATALOG-004,WARNING,CATEGORY,DOMAIN,BULK_RESOLVABLE,CATALOG_ITEM,03738d35-6321-42b3-bfc0-dbf32e4e6a61,WARNING,MIGF-O-062,Señalización industrial,MIG1-CAT-002,Design_To_Go_Catalog_v1.2_RC_MANGO_TANGO.xlsx,,categoría de origen sin mapear
DQ-CATALOG-004:CATALOG_ITEM:MIGF-O-063:categoryKey,DQ-CATALOG-004,WARNING,CATEGORY,DOMAIN,OWNER_DECISION_REQUIRED,CATALOG_ITEM,75ff0cbc-3ead-470c-9306-2fdf91c1155e,WARNING,MIGF-O-063,Casco,MIGF-CAT-002,Design_To_Go_Catalog_v1.2_RC_MANGO_TANGO.xlsx,D-009:OPEN,categoría de origen sin mapear
DQ-CATALOG-004:CATALOG_ITEM:MIGF-O-064:categoryKey,DQ-CATALOG-004,WARNING,CATEGORY,DOMAIN,OWNER_DECISION_REQUIRED,CATALOG_ITEM,ecdbdd33-d541-47d1-b6cd-06acb5de64a0,WARNING,MIGF-O-064,Chaleco reflejante,MIGF-CAT-002,Design_To_Go_Catalog_v1.2_RC_MANGO_TANGO.xlsx,D-009:OPEN,categoría de origen sin mapear
DQ-CATALOG-004:CATALOG_ITEM:MIGF-O-065:categoryKey,DQ-CATALOG-004,WARNING,CATEGORY,DOMAIN,OWNER_DECISION_REQUIRED,CATALOG_ITEM,9bdde4b2-6498-4531-9277-b14cec72a263,WARNING,MIGF-O-065,Lentes de seguridad,MIGF-CAT-002,Design_To_Go_Catalog_v1.2_RC_MANGO_TANGO.xlsx,D-009:OPEN,categoría de origen sin mapear
DQ-CATALOG-004:CATALOG_ITEM:MIGF-O-066:categoryKey,DQ-CATALOG-004,WARNING,CATEGORY,DOMAIN,OWNER_DECISION_REQUIRED,CATALOG_ITEM,441b9cec-dab9-49b3-8a50-68b72968e1af,WARNING,MIGF-O-066,Guantes de seguridad,MIGF-CAT-002,Design_To_Go_Catalog_v1.2_RC_MANGO_TANGO.xlsx,D-009:OPEN,categoría de origen sin mapear
DQ-CATALOG-004:CATALOG_ITEM:MIGF-O-067:categoryKey,DQ-CATALOG-004,WARNING,CATEGORY,DOMAIN,OWNER_DECISION_REQUIRED,CATALOG_ITEM,3c329acd-56c7-4c3f-a199-6bc37e020e9a,WARNING,MIGF-O-067,Protección auditiva,MIGF-CAT-002,Design_To_Go_Catalog_v1.2_RC_MANGO_TANGO.xlsx,D-009:OPEN,categoría de origen sin mapear
DQ-CATALOG-004:CATALOG_ITEM:MIGF-O-068:categoryKey,DQ-CATALOG-004,WARNING,CATEGORY,DOMAIN,OWNER_DECISION_REQUIRED,CATALOG_ITEM,e2aa2bc8-91d0-412f-bec4-ac9cf2af7722,WARNING,MIGF-O-068,Mascarilla,MIGF-CAT-002,Design_To_Go_Catalog_v1.2_RC_MANGO_TANGO.xlsx,D-009:OPEN,categoría de origen sin mapear
DQ-CATALOG-004:CATALOG_ITEM:MIGF-O-069:categoryKey,DQ-CATALOG-004,WARNING,CATEGORY,DOMAIN,OWNER_DECISION_REQUIRED,CATALOG_ITEM,c821c28c-c31b-4ede-bf97-68cb2a910692,WARNING,MIGF-O-069,Respirador,MIGF-CAT-002,Design_To_Go_Catalog_v1.2_RC_MANGO_TANGO.xlsx,D-009:OPEN,categoría de origen sin mapear
DQ-CATALOG-004:CATALOG_ITEM:MIGF-O-070:categoryKey,DQ-CATALOG-004,WARNING,CATEGORY,DOMAIN,OWNER_DECISION_REQUIRED,CATALOG_ITEM,6f942ca8-f353-4a24-8f37-f46897a8dba8,WARNING,MIGF-O-070,Arnés,MIGF-CAT-002,Design_To_Go_Catalog_v1.2_RC_MANGO_TANGO.xlsx,D-009:OPEN,categoría de origen sin mapear
DQ-CATALOG-004:CATALOG_ITEM:MIGF-O-071:categoryKey,DQ-CATALOG-004,WARNING,CATEGORY,DOMAIN,OWNER_DECISION_REQUIRED,CATALOG_ITEM,a0fb5af4-91e0-465c-9cc8-764e51e76fd5,WARNING,MIGF-O-071,Cono de seguridad,MIGF-CAT-002,Design_To_Go_Catalog_v1.2_RC_MANGO_TANGO.xlsx,D-009:OPEN,categoría de origen sin mapear
DQ-CATALOG-004:CATALOG_ITEM:MIGF-O-072:categoryKey,DQ-CATALOG-004,WARNING,CATEGORY,DOMAIN,OWNER_DECISION_REQUIRED,CATALOG_ITEM,78ae8623-f7b6-487a-9266-865accdab2ef,WARNING,MIGF-O-072,Botiquín,MIGF-CAT-002,Design_To_Go_Catalog_v1.2_RC_MANGO_TANGO.xlsx,D-009:OPEN,categoría de origen sin mapear
DQ-CATALOG-004:CATALOG_ITEM:MIGF-O-073:categoryKey,DQ-CATALOG-004,WARNING,CATEGORY,DOMAIN,OWNER_DECISION_REQUIRED,CATALOG_ITEM,c25780d5-bb19-44e1-ae6e-f28d49c53604,WARNING,MIGF-O-073,Señalización de seguridad,MIGF-CAT-002,Design_To_Go_Catalog_v1.2_RC_MANGO_TANGO.xlsx,D-009:OPEN,categoría de origen sin mapear
DQ-CATALOG-004:CATALOG_ITEM:MIGF-O-074:categoryKey,DQ-CATALOG-004,WARNING,CATEGORY,DOMAIN,OWNER_DECISION_REQUIRED,CATALOG_ITEM,4626daa8-3c29-401d-b85b-319f6b8288fc,WARNING,MIGF-O-074,PPE personalizado,MIGF-CAT-002,Design_To_Go_Catalog_v1.2_RC_MANGO_TANGO.xlsx,D-009:OPEN,categoría de origen sin mapear
DQ-CATALOG-004:CATALOG_ITEM:OWN-MT-O-001:categoryKey,DQ-CATALOG-004,WARNING,CATEGORY,DOMAIN,BULK_RESOLVABLE,CATALOG_ITEM,17846daf-73a8-4f90-bd8b-4b1f70b78591,WARNING,OWN-MT-O-001,Camisa de vestir personalizada / woven shirt,MIG1-CAT-004,Design_To_Go_Catalog_v1.2_RC_MANGO_TANGO.xlsx,,categoría de origen sin mapear
DQ-CATALOG-004:CATALOG_ITEM:OWN-MT-O-002:categoryKey,DQ-CATALOG-004,WARNING,CATEGORY,DOMAIN,BULK_RESOLVABLE,CATALOG_ITEM,86531ac8-0220-406c-8311-04dac99f401e,WARNING,OWN-MT-O-002,Bata de laboratorio personalizada / lab coat,MIG1-CAT-004,Design_To_Go_Catalog_v1.2_RC_MANGO_TANGO.xlsx,,categoría de origen sin mapear
DQ-CATALOG-004:CATALOG_ITEM:OWN-MT-O-003:categoryKey,DQ-CATALOG-004,WARNING,CATEGORY,DOMAIN,BULK_RESOLVABLE,CATALOG_ITEM,4557ba5e-bd70-4292-b409-5022fc7370ec,WARNING,OWN-MT-O-003,Scrub top personalizado,MIG1-CAT-004,Design_To_Go_Catalog_v1.2_RC_MANGO_TANGO.xlsx,,categoría de origen sin mapear
DQ-CATALOG-004:CATALOG_ITEM:OWN-MT-O-004:categoryKey,DQ-CATALOG-004,WARNING,CATEGORY,DOMAIN,BULK_RESOLVABLE,CATALOG_ITEM,a2e1f427-9d92-4cb2-ac12-b51922366d6e,WARNING,OWN-MT-O-004,Scrub pants personalizado,MIG1-CAT-004,Design_To_Go_Catalog_v1.2_RC_MANGO_TANGO.xlsx,,categoría de origen sin mapear
DQ-CATALOG-004:CATALOG_ITEM:OWN-MT-O-005:categoryKey,DQ-CATALOG-004,WARNING,CATEGORY,DOMAIN,BULK_RESOLVABLE,CATALOG_ITEM,6e6fafc3-4e48-4efc-95b3-31028b341a03,WARNING,OWN-MT-O-005,Chaleco de trabajo personalizado,MIG1-CAT-004,Design_To_Go_Catalog_v1.2_RC_MANGO_TANGO.xlsx,,categoría de origen sin mapear
DQ-CATALOG-004:CATALOG_ITEM:OWN-MT-O-006:categoryKey,DQ-CATALOG-004,WARNING,CATEGORY,DOMAIN,BULK_RESOLVABLE,CATALOG_ITEM,0f5afd69-6002-430b-b5d6-4880e4adf106,WARNING,OWN-MT-O-006,Camisa de trabajo personalizada,MIG1-CAT-004,Design_To_Go_Catalog_v1.2_RC_MANGO_TANGO.xlsx,,categoría de origen sin mapear
DQ-CATALOG-004:CATALOG_ITEM:OWN-MT-O-007:categoryKey,DQ-CATALOG-004,WARNING,CATEGORY,DOMAIN,BULK_RESOLVABLE,CATALOG_ITEM,2855a621-1cc0-42dc-8090-7bb376da28e7,WARNING,OWN-MT-O-007,Pantalón de trabajo personalizado,MIG1-CAT-004,Design_To_Go_Catalog_v1.2_RC_MANGO_TANGO.xlsx,,categoría de origen sin mapear
DQ-CATALOG-004:CATALOG_ITEM:OWN-MT-O-008:categoryKey,DQ-CATALOG-004,WARNING,CATEGORY,DOMAIN,BULK_RESOLVABLE,CATALOG_ITEM,66a79226-d85e-447a-96c0-1fc0ecf80d8c,WARNING,OWN-MT-O-008,Overol personalizado,MIG1-CAT-004,Design_To_Go_Catalog_v1.2_RC_MANGO_TANGO.xlsx,,categoría de origen sin mapear
DQ-CATALOG-004:CATALOG_ITEM:OWN-MT-O-009:categoryKey,DQ-CATALOG-004,WARNING,CATEGORY,DOMAIN,BULK_RESOLVABLE,CATALOG_ITEM,7654e426-b97f-43d9-adb8-8178a37771f1,WARNING,OWN-MT-O-009,Chamarra / abrigo de trabajo personalizado,MIG1-CAT-004,Design_To_Go_Catalog_v1.2_RC_MANGO_TANGO.xlsx,,categoría de origen sin mapear
DQ-CATALOG-004:CATALOG_ITEM:OWN-MT-O-010:categoryKey,DQ-CATALOG-004,WARNING,CATEGORY,DOMAIN,BULK_RESOLVABLE,CATALOG_ITEM,49472b24-621a-40a4-8c5c-4e245cc935a9,WARNING,OWN-MT-O-010,Filipina de chef / chef coat personalizada,MIG1-CAT-004,Design_To_Go_Catalog_v1.2_RC_MANGO_TANGO.xlsx,,categoría de origen sin mapear
DQ-CATALOG-004:CATALOG_ITEM:OWN-MT-O-011:categoryKey,DQ-CATALOG-004,WARNING,CATEGORY,DOMAIN,BULK_RESOLVABLE,CATALOG_ITEM,a073731d-7c87-4187-9ebc-0f8f61a273d6,WARNING,OWN-MT-O-011,Jersey deportivo personalizable,MIG1-CAT-004,Design_To_Go_Catalog_v1.2_RC_MANGO_TANGO.xlsx,,categoría de origen sin mapear
DQ-CATALOG-004:CATALOG_ITEM:OWN-MT-O-012:categoryKey,DQ-CATALOG-004,WARNING,CATEGORY,DOMAIN,BULK_RESOLVABLE,CATALOG_ITEM,96997496-3b5c-415e-aabf-6006dae35724,WARNING,OWN-MT-O-012,Cobija personalizada / sublimada,MIG1-CAT-004,Design_To_Go_Catalog_v1.2_RC_MANGO_TANGO.xlsx,,categoría de origen sin mapear
DQ-CATALOG-004:CATALOG_ITEM:OWN-MT-O-013:categoryKey,DQ-CATALOG-004,WARNING,CATEGORY,DOMAIN,BULK_RESOLVABLE,CATALOG_ITEM,20dc850f-4bd6-4c9d-a850-3d23d4f0a29b,WARNING,OWN-MT-O-013,Ropa personalizada para mascotas,MIG1-CAT-004,Design_To_Go_Catalog_v1.2_RC_MANGO_TANGO.xlsx,,categoría de origen sin mapear
DQ-CATALOG-004:CATALOG_ITEM:OWN-MT-O-014:categoryKey,DQ-CATALOG-004,WARNING,CATEGORY,DOMAIN,BULK_RESOLVABLE,CATALOG_ITEM,c2460b09-c834-4ac1-ba61-f80b00c8250a,WARNING,OWN-MT-O-014,Beanie personalizado,MIG2-CAT-002,Design_To_Go_Catalog_v1.2_RC_MANGO_TANGO.xlsx,,categoría de origen sin mapear
DQ-CATALOG-004:CATALOG_ITEM:OWN-MT-O-015:categoryKey,DQ-CATALOG-004,WARNING,CATEGORY,DOMAIN,BULK_RESOLVABLE,CATALOG_ITEM,2c7ac135-fc93-40f9-b202-fd792da5443f,WARNING,OWN-MT-O-015,Bucket hat personalizado,MIG2-CAT-002,Design_To_Go_Catalog_v1.2_RC_MANGO_TANGO.xlsx,,categoría de origen sin mapear
DQ-CATALOG-004:CATALOG_ITEM:OWN-MT-O-016:categoryKey,DQ-CATALOG-004,WARNING,CATEGORY,DOMAIN,BULK_RESOLVABLE,CATALOG_ITEM,81952517-803d-489e-981c-a7085117de49,WARNING,OWN-MT-O-016,Visor personalizado,MIG2-CAT-002,Design_To_Go_Catalog_v1.2_RC_MANGO_TANGO.xlsx,,categoría de origen sin mapear
DQ-CATALOG-004:CATALOG_ITEM:OWN-MT-O-017:categoryKey,DQ-CATALOG-004,WARNING,CATEGORY,DOMAIN,BULK_RESOLVABLE,CATALOG_ITEM,9467b333-f35b-413d-9eae-8fd022abcc47,WARNING,OWN-MT-O-017,Protección solar para cabeza / sun shield,MIG2-CAT-002,Design_To_Go_Catalog_v1.2_RC_MANGO_TANGO.xlsx,,categoría de origen sin mapear
DQ-CATALOG-004:CATALOG_ITEM:OWN-MT-O-018:categoryKey,DQ-CATALOG-004,WARNING,CATEGORY,DOMAIN,BULK_RESOLVABLE,CATALOG_ITEM,2dc6ff90-b27d-4971-8fe8-a6c1042c6e28,WARNING,OWN-MT-O-018,Capucha acoplable / snap-on hood,MIG2-CAT-002,Design_To_Go_Catalog_v1.2_RC_MANGO_TANGO.xlsx,,categoría de origen sin mapear
DQ-CATALOG-004:CATALOG_ITEM:OWN-MT-O-019:categoryKey,DQ-CATALOG-004,WARNING,CATEGORY,DOMAIN,BULK_RESOLVABLE,CATALOG_ITEM,d50078f7-d0c7-4845-9f51-cb00c1032220,WARNING,OWN-MT-O-019,Balaclava personalizable,MIG2-CAT-002,Design_To_Go_Catalog_v1.2_RC_MANGO_TANGO.xlsx,,categoría de origen sin mapear
DQ-CATALOG-004:CATALOG_ITEM:OWN-MT-O-020:categoryKey,DQ-CATALOG-004,WARNING,CATEGORY,DOMAIN,BULK_RESOLVABLE,CATALOG_ITEM,68ddcc88-5d87-4a36-b1bb-473a4c3dd484,WARNING,OWN-MT-O-020,Gorro de chef / chef hat,MIG2-CAT-002,Design_To_Go_Catalog_v1.2_RC_MANGO_TANGO.xlsx,,categoría de origen sin mapear
DQ-CATALOG-004:CATALOG_ITEM:OWN-MT-O-021:categoryKey,DQ-CATALOG-004,WARNING,CATEGORY,DOMAIN,BULK_RESOLVABLE,CATALOG_ITEM,2d02d651-59cf-4a96-922a-62216624e974,WARNING,OWN-MT-O-021,Gorra de cocina / kitchen cap,MIG2-CAT-002,Design_To_Go_Catalog_v1.2_RC_MANGO_TANGO.xlsx,,categoría de origen sin mapear
DQ-CATALOG-004:CATALOG_ITEM:OWN-MT-O-022:categoryKey,DQ-CATALOG-004,WARNING,CATEGORY,DOMAIN,BULK_RESOLVABLE,CATALOG_ITEM,02bbcdc0-4f2e-4ab0-9bee-b6136f6d7676,WARNING,OWN-MT-O-022,Mochila personalizable / backpack,MIG1-CAT-004,Design_To_Go_Catalog_v1.2_RC_MANGO_TANGO.xlsx,,categoría de origen sin mapear
DQ-CATALOG-004:CATALOG_ITEM:OWN-MT-O-023:categoryKey,DQ-CATALOG-004,WARNING,CATEGORY,DOMAIN,BULK_RESOLVABLE,CATALOG_ITEM,efe5b98a-19c7-4bd3-9f2a-6be45aee9f69,WARNING,OWN-MT-O-023,Duffel bag personalizada,MIG1-CAT-004,Design_To_Go_Catalog_v1.2_RC_MANGO_TANGO.xlsx,,categoría de origen sin mapear
DQ-CATALOG-004:CATALOG_ITEM:OWN-MT-O-024:categoryKey,DQ-CATALOG-004,WARNING,CATEGORY,DOMAIN,BULK_RESOLVABLE,CATALOG_ITEM,5718d276-5cf6-4059-8b44-f033d8ef0c1f,WARNING,OWN-MT-O-024,Cooler bag personalizada,MIG1-CAT-004,Design_To_Go_Catalog_v1.2_RC_MANGO_TANGO.xlsx,,categoría de origen sin mapear
DQ-CATALOG-004:CATALOG_ITEM:OWN-MT-O-025:categoryKey,DQ-CATALOG-004,WARNING,CATEGORY,DOMAIN,BULK_RESOLVABLE,CATALOG_ITEM,690b74e8-2fcd-4463-87a5-4d93f9849cf3,WARNING,OWN-MT-O-025,Toalla personalizada,MIG1-CAT-004,Design_To_Go_Catalog_v1.2_RC_MANGO_TANGO.xlsx,,categoría de origen sin mapear
DQ-CATALOG-004:CATALOG_ITEM:OWN-MT-O-026:categoryKey,DQ-CATALOG-004,WARNING,CATEGORY,DOMAIN,BULK_RESOLVABLE,CATALOG_ITEM,01a87fc1-105a-4dbf-9cb4-e576f633e39b,WARNING,OWN-MT-O-026,Bandana personalizada,MIG1-CAT-004,Design_To_Go_Catalog_v1.2_RC_MANGO_TANGO.xlsx,,categoría de origen sin mapear
DQ-CATALOG-004:CATALOG_ITEM:OWN-MT-O-027:categoryKey,DQ-CATALOG-004,WARNING,CATEGORY,DOMAIN,BULK_RESOLVABLE,CATALOG_ITEM,42b51470-c717-455b-85e5-81a13c363dc2,WARNING,OWN-MT-O-027,Sandalias / chanclas personalizadas,MIG1-CAT-008,Design_To_Go_Catalog_v1.2_RC_MANGO_TANGO.xlsx,,categoría de origen sin mapear
DQ-CATALOG-004:CATALOG_ITEM:OWN-MT-O-028:categoryKey,DQ-CATALOG-004,WARNING,CATEGORY,DOMAIN,BULK_RESOLVABLE,CATALOG_ITEM,dd539f34-5014-4bfb-a07f-a9ce3ded8803,WARNING,OWN-MT-O-028,Mantel elástico / fitted personalizado,MIG1-CAT-008,Design_To_Go_Catalog_v1.2_RC_MANGO_TANGO.xlsx,,categoría de origen sin mapear
DQ-CATALOG-004:CATALOG_ITEM:OWN-MT-O-029:categoryKey,DQ-CATALOG-004,WARNING,CATEGORY,DOMAIN,OWNER_DECISION_REQUIRED,CATALOG_ITEM,5f57a36c-286e-428c-ad30-95df87ab5386,WARNING,OWN-MT-O-029,Decoración personalizada en MDF,MIG1-CAT-008,Design_To_Go_Catalog_v1.2_RC_MANGO_TANGO.xlsx,D-009:OPEN,categoría de origen sin mapear
DQ-CATALOG-004:CATALOG_ITEM:OWN-MT-O-030:categoryKey,DQ-CATALOG-004,WARNING,CATEGORY,DOMAIN,OWNER_DECISION_REQUIRED,CATALOG_ITEM,0c575c19-4dcf-453a-b0a8-29055a8ef531,WARNING,OWN-MT-O-030,Cake topper en MDF,MIG1-CAT-008,Design_To_Go_Catalog_v1.2_RC_MANGO_TANGO.xlsx,D-009:OPEN,categoría de origen sin mapear
DQ-CATALOG-004:CATALOG_ITEM:OWN-MT-O-031:categoryKey,DQ-CATALOG-004,WARNING,CATEGORY,DOMAIN,OWNER_DECISION_REQUIRED,CATALOG_ITEM,8db56005-b6e5-45a1-86cf-27ef574391e8,WARNING,OWN-MT-O-031,Centro de mesa en MDF,MIG1-CAT-008,Design_To_Go_Catalog_v1.2_RC_MANGO_TANGO.xlsx,D-009:OPEN,categoría de origen sin mapear
DQ-CATALOG-004:CATALOG_ITEM:OWN-MT-O-032:categoryKey,DQ-CATALOG-004,WARNING,CATEGORY,DOMAIN,OWNER_DECISION_REQUIRED,CATALOG_ITEM,4434bd26-29b5-4713-bf71-4846e46a078e,WARNING,OWN-MT-O-032,Set / kit de piezas MDF,MIG1-CAT-008,Design_To_Go_Catalog_v1.2_RC_MANGO_TANGO.xlsx,D-009:OPEN,categoría de origen sin mapear
DQ-CATALOG-004:CATALOG_ITEM:OWN-MT-O-033:categoryKey,DQ-CATALOG-004,WARNING,CATEGORY,DOMAIN,OWNER_DECISION_REQUIRED,CATALOG_ITEM,6d5b470b-7b1b-4e5b-a1f2-d6049d1b4d34,WARNING,OWN-MT-O-033,Servicio de corte láser MDF,MIG1-CAT-008,Design_To_Go_Catalog_v1.2_RC_MANGO_TANGO.xlsx,D-009:OPEN,categoría de origen sin mapear
DQ-CATALOG-004:CATALOG_ITEM:OWN-MT-O-034:categoryKey,DQ-CATALOG-004,WARNING,CATEGORY,DOMAIN,OWNER_DECISION_REQUIRED,CATALOG_ITEM,b53b2462-e7c9-4f80-958a-b53a9ad02af5,WARNING,OWN-MT-O-034,Display de mesa de acrílico,MIG1-CAT-002,Design_To_Go_Catalog_v1.2_RC_MANGO_TANGO.xlsx,D-009:OPEN,categoría de origen sin mapear
DQ-CATALOG-004:CATALOG_ITEM:OWN-MT-O-035:categoryKey,DQ-CATALOG-004,WARNING,CATEGORY,DOMAIN,OWNER_DECISION_REQUIRED,CATALOG_ITEM,59155801-6459-43e1-b7bc-c03f322e5560,WARNING,OWN-MT-O-035,Nombre / plaquita personalizada de acrílico,MIG1-CAT-002,Design_To_Go_Catalog_v1.2_RC_MANGO_TANGO.xlsx,D-009:OPEN,categoría de origen sin mapear
DQ-CATALOG-004:CATALOG_ITEM:OWN-MT-O-036:categoryKey,DQ-CATALOG-004,WARNING,CATEGORY,DOMAIN,OWNER_DECISION_REQUIRED,CATALOG_ITEM,95768ea1-86a9-4937-970c-161a2710cdc0,WARNING,OWN-MT-O-036,Centro de mesa de acrílico,MIG1-CAT-002,Design_To_Go_Catalog_v1.2_RC_MANGO_TANGO.xlsx,D-009:OPEN,categoría de origen sin mapear
DQ-CATALOG-004:CATALOG_ITEM:OWN-MT-O-037:categoryKey,DQ-CATALOG-004,WARNING,CATEGORY,DOMAIN,OWNER_DECISION_REQUIRED,CATALOG_ITEM,5c0ce3ce-5e3f-43e9-9273-22943bd72161,WARNING,OWN-MT-O-037,Pieza acrílica para libro de firmas / guest book,MIG1-CAT-002,Design_To_Go_Catalog_v1.2_RC_MANGO_TANGO.xlsx,D-009:OPEN,categoría de origen sin mapear
DQ-CATALOG-004:CATALOG_ITEM:OWN-MT-O-038:categoryKey,DQ-CATALOG-004,WARNING,CATEGORY,DOMAIN,OWNER_DECISION_REQUIRED,CATALOG_ITEM,58b63316-3b9c-490a-940a-63094befb7e1,WARNING,OWN-MT-O-038,Imán personalizado de acrílico,MIG1-CAT-002,Design_To_Go_Catalog_v1.2_RC_MANGO_TANGO.xlsx,D-009:OPEN,categoría de origen sin mapear
DQ-CATALOG-004:CATALOG_ITEM:OWN-MT-O-039:categoryKey,DQ-CATALOG-004,WARNING,CATEGORY,DOMAIN,OWNER_DECISION_REQUIRED,CATALOG_ITEM,dfd8cb37-d8c4-46a1-ad93-3a1c12091cab,WARNING,OWN-MT-O-039,Ornamento / adorno colgante acrílico,MIG1-CAT-002,Design_To_Go_Catalog_v1.2_RC_MANGO_TANGO.xlsx,D-009:OPEN,categoría de origen sin mapear
DQ-CATALOG-004:CATALOG_ITEM:OWN-MT-O-040:categoryKey,DQ-CATALOG-004,WARNING,CATEGORY,DOMAIN,OWNER_DECISION_REQUIRED,CATALOG_ITEM,12e5a82d-0d09-42a8-8778-e625d2fc1d84,WARNING,OWN-MT-O-040,Medalla personalizada de acrílico,MIG1-CAT-002,Design_To_Go_Catalog_v1.2_RC_MANGO_TANGO.xlsx,D-009:OPEN,categoría de origen sin mapear
DQ-CATALOG-004:CATALOG_ITEM:OWN-MT-O-041:categoryKey,DQ-CATALOG-004,WARNING,CATEGORY,DOMAIN,OWNER_DECISION_REQUIRED,CATALOG_ITEM,f43778fe-9870-4a7a-a3fe-f01d26e99984,WARNING,OWN-MT-O-041,Trofeo personalizado de acrílico,MIG1-CAT-002,Design_To_Go_Catalog_v1.2_RC_MANGO_TANGO.xlsx,D-009:OPEN,categoría de origen sin mapear
DQ-CATALOG-004:CATALOG_ITEM:OWN-MT-O-042:categoryKey,DQ-CATALOG-004,WARNING,CATEGORY,DOMAIN,BULK_RESOLVABLE,CATALOG_ITEM,ff1c19fe-c7a8-4fd7-86b2-5fa817ad39b6,WARNING,OWN-MT-O-042,Taza mágica personalizada,MIG1-CAT-005,Design_To_Go_Catalog_v1.2_RC_MANGO_TANGO.xlsx,,categoría de origen sin mapear
DQ-CATALOG-004:CATALOG_ITEM:OWN-MT-O-043:categoryKey,DQ-CATALOG-004,WARNING,CATEGORY,DOMAIN,BULK_RESOLVABLE,CATALOG_ITEM,d5ddb604-efb5-4ba3-9f4c-a911bfd303ac,WARNING,OWN-MT-O-043,Skinny cup plástico estándar,MIG1-CAT-005,Design_To_Go_Catalog_v1.2_RC_MANGO_TANGO.xlsx,,categoría de origen sin mapear
DQ-CATALOG-004:CATALOG_ITEM:OWN-MT-O-044:categoryKey,DQ-CATALOG-004,WARNING,CATEGORY,DOMAIN,BULK_RESOLVABLE,CATALOG_ITEM,72c3db49-44bc-44d5-8214-3c6df30a5238,WARNING,OWN-MT-O-044,Skinny cup plástico premium grueso rubberized,MIG1-CAT-005,Design_To_Go_Catalog_v1.2_RC_MANGO_TANGO.xlsx,,categoría de origen sin mapear
DQ-CATALOG-004:CATALOG_ITEM:OWN-MT-O-045:categoryKey,DQ-CATALOG-004,WARNING,CATEGORY,DOMAIN,BULK_RESOLVABLE,CATALOG_ITEM,2c24aee9-f9f7-4a30-96a5-5374fbd7d31b,WARNING,OWN-MT-O-045,Hoja de Coroplast Multi-Cut / múltiples piezas,MIG1-CAT-002,Design_To_Go_Catalog_v1.2_RC_MANGO_TANGO.xlsx,,categoría de origen sin mapear
DQ-CATALOG-004:CATALOG_ITEM:OWN-MT-O-046:categoryKey,DQ-CATALOG-004,WARNING,CATEGORY,DOMAIN,BULK_RESOLVABLE,CATALOG_ITEM,eab6f3be-708b-43f7-b330-d3200c4991c0,WARNING,OWN-MT-O-046,Periódico personalizado para eventos,MIG1-CAT-006,Design_To_Go_Catalog_v1.2_RC_MANGO_TANGO.xlsx,,categoría de origen sin mapear
DQ-CATALOG-004:CATALOG_ITEM:OWN-O-001:categoryKey,DQ-CATALOG-004,WARNING,CATEGORY,DOMAIN,BULK_RESOLVABLE,CATALOG_ITEM,2b2b05c3-1161-4560-b41b-43c6a57e0120,WARNING,OWN-O-001,Zip hoodie — capucha con cierre,MIG1-CAT-004,Design_To_Go_Catalog_v1.2_RC_MANGO_TANGO.xlsx,,categoría de origen sin mapear
DQ-CATALOG-004:CATALOG_ITEM:OWN-O-002:categoryKey,DQ-CATALOG-004,WARNING,CATEGORY,DOMAIN,OWNER_DECISION_REQUIRED,CATALOG_ITEM,aed7023b-f719-4c44-b8c4-f1463639ce6b,WARNING,OWN-O-002,Piñata personalizada,MIG1-CAT-008,Design_To_Go_Catalog_v1.2_RC_MANGO_TANGO.xlsx,D-009:OPEN,categoría de origen sin mapear
DQ-CATALOG-004:CATALOG_ITEM:OWN-O-003:categoryKey,DQ-CATALOG-004,WARNING,CATEGORY,DOMAIN,BULK_RESOLVABLE,CATALOG_ITEM,e8ce98e0-6b60-45c3-9fd2-74d412765b54,WARNING,OWN-O-003,Gráfica impresa de reemplazo para X-Banner,MIG1-CAT-003,Design_To_Go_Catalog_v1.2_RC_MANGO_TANGO.xlsx,,categoría de origen sin mapear
DQ-CATALOG-004:CATALOG_ITEM:OWN-O-004:categoryKey,DQ-CATALOG-004,WARNING,CATEGORY,DOMAIN,BULK_RESOLVABLE,CATALOG_ITEM,cc101045-ca70-40e3-a07c-f4c63009b489,WARNING,OWN-O-004,Bandera tipo pluma / Feather Flag — conjunto completo,MIG1-CAT-003,Design_To_Go_Catalog_v1.2_RC_MANGO_TANGO.xlsx,,categoría de origen sin mapear
DQ-CATALOG-004:CATALOG_ITEM:OWN-O-005:categoryKey,DQ-CATALOG-004,WARNING,CATEGORY,DOMAIN,BULK_RESOLVABLE,CATALOG_ITEM,17859457-c6e0-4811-a5d0-eea4038bb56c,WARNING,OWN-O-005,Gráfica textil para bandera tipo pluma,MIG1-CAT-003,Design_To_Go_Catalog_v1.2_RC_MANGO_TANGO.xlsx,,categoría de origen sin mapear
DQ-CATALOG-004:CATALOG_ITEM:OWN-O-006:categoryKey,DQ-CATALOG-004,WARNING,CATEGORY,DOMAIN,BULK_RESOLVABLE,CATALOG_ITEM,6f32dabc-b1c3-4bbe-a7f2-e9d2e777dfc3,WARNING,OWN-O-006,Base / hardware para bandera tipo pluma,MIG1-CAT-003,Design_To_Go_Catalog_v1.2_RC_MANGO_TANGO.xlsx,,categoría de origen sin mapear
DQ-CATALOG-004:CATALOG_ITEM:OWN-O-007:categoryKey,DQ-CATALOG-004,WARNING,CATEGORY,DOMAIN,BULK_RESOLVABLE,CATALOG_ITEM,edac6a4e-9d9d-4281-98c0-df6a8490cf6e,WARNING,OWN-O-007,Invitación formal,MIG1-CAT-006,Design_To_Go_Catalog_v1.2_RC_MANGO_TANGO.xlsx,,categoría de origen sin mapear
DQ-CATALOG-004:CATALOG_ITEM:OWN-O-008:categoryKey,DQ-CATALOG-004,WARNING,CATEGORY,DOMAIN,BULK_RESOLVABLE,CATALOG_ITEM,684a0976-9177-43ec-b03d-5d14a9031c4f,WARNING,OWN-O-008,Invitación casual,MIG1-CAT-006,Design_To_Go_Catalog_v1.2_RC_MANGO_TANGO.xlsx,,categoría de origen sin mapear
DQ-CATALOG-004:CATALOG_ITEM:OWN-O-009:categoryKey,DQ-CATALOG-004,WARNING,CATEGORY,DOMAIN,BULK_RESOLVABLE,CATALOG_ITEM,0c5e4f00-8ebc-4f53-ab3d-c7b95debc4ed,WARNING,OWN-O-009,Diseño gráfico,MIG1-CAT-009,Design_To_Go_Catalog_v1.2_RC_MANGO_TANGO.xlsx,,categoría de origen sin mapear
DQ-CATALOG-004:CATALOG_ITEM:OWN-O-010:categoryKey,DQ-CATALOG-004,WARNING,CATEGORY,DOMAIN,BULK_RESOLVABLE,CATALOG_ITEM,c3c88f34-26b0-4eec-9be1-7481c650ac67,WARNING,OWN-O-010,Vectorización,MIG1-CAT-009,Design_To_Go_Catalog_v1.2_RC_MANGO_TANGO.xlsx,,categoría de origen sin mapear
DQ-CATALOG-004:CATALOG_ITEM:OWN-O-011:categoryKey,DQ-CATALOG-004,WARNING,CATEGORY,DOMAIN,BULK_RESOLVABLE,CATALOG_ITEM,404fbbc9-ac8c-4c6e-a87e-89e547b389a3,WARNING,OWN-O-011,Diseño de logotipo,MIG1-CAT-009,Design_To_Go_Catalog_v1.2_RC_MANGO_TANGO.xlsx,,categoría de origen sin mapear
DQ-CATALOG-004:CATALOG_ITEM:OWN-O-012:categoryKey,DQ-CATALOG-004,WARNING,CATEGORY,DOMAIN,BULK_RESOLVABLE,CATALOG_ITEM,c9b7af1b-5385-4bcc-b91a-45975a3e6071,WARNING,OWN-O-012,Identidad de marca / imagen corporativa,MIG1-CAT-009,Design_To_Go_Catalog_v1.2_RC_MANGO_TANGO.xlsx,,categoría de origen sin mapear
DQ-CATALOG-004:CATALOG_ITEM:OWN-O-013:categoryKey,DQ-CATALOG-004,WARNING,CATEGORY,DOMAIN,BULK_RESOLVABLE,CATALOG_ITEM,85e0dbbd-0891-4e56-a276-9500e419d2a8,WARNING,OWN-O-013,Invitaciones digitales,MIG1-CAT-009,Design_To_Go_Catalog_v1.2_RC_MANGO_TANGO.xlsx,,categoría de origen sin mapear
DQ-CATALOG-004:CATALOG_ITEM:OWN-O-014:categoryKey,DQ-CATALOG-004,WARNING,CATEGORY,DOMAIN,BULK_RESOLVABLE,CATALOG_ITEM,ca2963da-123a-4553-a7c7-046eaaa2e76c,WARNING,OWN-O-014,Creación de sitios web,MIG1-CAT-009,Design_To_Go_Catalog_v1.2_RC_MANGO_TANGO.xlsx,,categoría de origen sin mapear
DQ-CATALOG-004:CATALOG_ITEM:OWN-O-015:categoryKey,DQ-CATALOG-004,WARNING,CATEGORY,DOMAIN,BULK_RESOLVABLE,CATALOG_ITEM,9bdf551e-2568-4134-8304-373c2ffff690,WARNING,OWN-O-015,Creación de CRM,MIG1-CAT-009,Design_To_Go_Catalog_v1.2_RC_MANGO_TANGO.xlsx,,categoría de origen sin mapear
DQ-CATALOG-004:CATALOG_ITEM:OWN-O-016:categoryKey,DQ-CATALOG-004,WARNING,CATEGORY,DOMAIN,BULK_RESOLVABLE,CATALOG_ITEM,81693bd6-b476-41a3-b77c-c50e36be1eaf,WARNING,OWN-O-016,Desarrollo de software,MIG1-CAT-009,Design_To_Go_Catalog_v1.2_RC_MANGO_TANGO.xlsx,,categoría de origen sin mapear
DQ-CATALOG-004:CATALOG_ITEM:OWN-O-017:categoryKey,DQ-CATALOG-004,WARNING,CATEGORY,DOMAIN,BULK_RESOLVABLE,CATALOG_ITEM,9b7aa208-51e1-49d4-b3fe-c964a04f9c96,WARNING,OWN-O-017,Automatización y servicios digitales,MIG1-CAT-009,Design_To_Go_Catalog_v1.2_RC_MANGO_TANGO.xlsx,,categoría de origen sin mapear
DQ-CATALOG-007:CATALOG_ITEM:MIG2-O-062:MIG2-O-062|MIG2-O-063,DQ-CATALOG-007,WARNING,CATALOG_ITEM,DOMAIN,MANUAL_REVIEW,CATALOG_ITEM,aeea8ab3-ce88-4849-8320-28c55dd08c27,WARNING,MIG2-O-062,Bordado como servicio,,Design_To_Go_Catalog_v1.2_RC_MANGO_TANGO.xlsx,,posible duplicado
DQ-CATALOG-007:CATALOG_ITEM:MIG2-O-063:MIG2-O-062|MIG2-O-063,DQ-CATALOG-007,WARNING,CATALOG_ITEM,DOMAIN,MANUAL_REVIEW,CATALOG_ITEM,3abfd4ab-edb7-4ed8-973d-31628e2f6e67,WARNING,MIG2-O-063,Serigrafía como servicio,,Design_To_Go_Catalog_v1.2_RC_MANGO_TANGO.xlsx,,posible duplicado
DQ-CATALOG-007:CATALOG_ITEM:MIGF-O-018:MIGF-O-018|MIGF-O-028,DQ-CATALOG-007,WARNING,CATALOG_ITEM,DOMAIN,MANUAL_REVIEW,CATALOG_ITEM,fa73d9aa-6019-40d6-b033-b4138c9e00d9,WARNING,MIGF-O-018,Llavero,MIG1-CAT-008,Design_To_Go_Catalog_v1.2_RC_MANGO_TANGO.xlsx,,posible duplicado
DQ-CATALOG-007:CATALOG_ITEM:MIGF-O-028:MIGF-O-018|MIGF-O-028,DQ-CATALOG-007,WARNING,CATALOG_ITEM,DOMAIN,MANUAL_REVIEW,CATALOG_ITEM,34ff9275-0b2f-45f8-8f16-4954e245416d,WARNING,MIGF-O-028,Llavero UV DTF,MIG1-CAT-009,Design_To_Go_Catalog_v1.2_RC_MANGO_TANGO.xlsx,,posible duplicado
DQ-PRICE-016:CATALOG_ITEM:MIG1-O-008:half-up-2,DQ-PRICE-016,INFO,PRICING,PRICING,OWNER_DECISION_REQUIRED,CATALOG_ITEM,03b7290f-85af-477e-a141-2e30089618ce,WARNING,MIG1-O-008,Tarjeta Tradicional,MIG1-CAT-006,Design_To_Go_Catalog_v1.2_RC_MANGO_TANGO.xlsx,D-022:OPEN,redondeo provisional
DQ-PRICE-016:CATALOG_ITEM:MIG1-O-009:half-up-2,DQ-PRICE-016,INFO,PRICING,PRICING,OWNER_DECISION_REQUIRED,CATALOG_ITEM,3dd17a4b-96f6-4f64-a935-f4b216dcfcdc,WARNING,MIG1-O-009,Tarjeta Premium / Gloss,MIG1-CAT-006,Design_To_Go_Catalog_v1.2_RC_MANGO_TANGO.xlsx,D-022:OPEN,redondeo provisional
DQ-PRICE-016:CATALOG_ITEM:MIG2-O-036:half-up-2,DQ-PRICE-016,INFO,PRICING,PRICING,OWNER_DECISION_REQUIRED,CATALOG_ITEM,60c0e2d1-3ce9-40e2-8e44-11551a9f01f7,WARNING,MIG2-O-036,Flyers,MIG1-CAT-006,Design_To_Go_Catalog_v1.2_RC_MANGO_TANGO.xlsx,D-022:OPEN,redondeo provisional
DQ-PRICE-016:CATALOG_ITEM:MIGF-O-015:half-up-2,DQ-PRICE-016,INFO,PRICING,PRICING,OWNER_DECISION_REQUIRED,CATALOG_ITEM,1c3ecbd6-ddf2-4721-8361-2a6111209c94,WARNING,MIGF-O-015,Imanes para vehículo — par de 2 × 1 ft,MIG1-CAT-009,Design_To_Go_Catalog_v1.2_RC_MANGO_TANGO.xlsx,D-022:OPEN,redondeo provisional
